split,image,width,height,n_objects
train,000000_jpg.rf.b11f308f16626f9f795a148029c46d10.jpg,416,416,1
train,000005_jpg.rf.d730849ae93a7c211a7c8f57ed851028.jpg,416,416,1
train,000007_jpg.rf.226fe0751cf8ba445b8f87970e70f606.jpg,416,416,1
train,000008_jpg.rf.bd6ae6db0f8c0eb727706bc322ce21ae.jpg,416,416,1
train,000009_jpg.rf.df4118d1d26fa7a25923521216cc2f64.jpg,416,416,1
train,00000_00000_00000_png.rf.55d47572c5980af0892b0c2ada6dae77.jpg,416,416,2
train,00000_00000_00000_png.rf.eb9b5799307ebcf07dd4c95eac0e6d13.jpg,416,416,1
train,00000_00000_00001_png.rf.56c1f101f790944f14f215c7cad2a2b8.jpg,416,416,1
train,00000_00000_00001_png.rf.8bc8cc5e727cfd7e81b5184a15dd6fc1.jpg,416,416,1
train,00000_00000_00002_png.rf.c8ad86390583e313b909403180f01ffd.jpg,416,416,1
train,00000_00000_00004_png.rf.8737f80bd4f1455970179b3df433fba5.jpg,416,416,1
train,00000_00000_00004_png.rf.aca6f66c5ac9e8f41d9ed188ecff427d.jpg,416,416,1
train,00000_00000_00005_png.rf.998f471ba534c1f2ccafdafcd63c12a4.jpg,416,416,1
train,00000_00000_00006_png.rf.80574bc0c6d4cc6f5e2f151110a5e7a1.jpg,416,416,1
train,00000_00000_00007_png.rf.a57de5d1a4e7ac7afa168838fec08c3a.jpg,416,416,1
train,00000_00000_00007_png.rf.e65cb79547cb26225e34cf96c75390f9.jpg,416,416,1
train,00000_00000_00009_png.rf.7a7e4b7c3ed71a74def7182676a7bba1.jpg,416,416,1
train,00000_00000_00009_png.rf.dde8d8d36714e3bfb58f14584ef7f914.jpg,416,416,1
train,00000_00000_00010_png.rf.cc22992c8805ae0febeef000ea8fd28b.jpg,416,416,1
train,00000_00000_00011_png.rf.404c1502e178912808115127b5e73467.jpg,416,416,1
train,00000_00000_00012_png.rf.23f94508dba03ef2f8bd187da2ec9c26.jpg,416,416,1
train,00000_00000_00012_png.rf.73e86fab50068353dd187cc81208ee6c.jpg,416,416,1
train,00000_00000_00013_png.rf.eaebee05e4e458ab25cab909fadb5bc5.jpg,416,416,1
train,00000_00000_00014_png.rf.694d0e7405b730caa1bb6b94098c2c98.jpg,416,416,1
train,00000_00000_00014_png.rf.7d57503dd238ed8505b030e26b99b346.jpg,416,416,1
train,00000_00000_00015_png.rf.60cb86c849b7df5b89b97f1f1c5326e3.jpg,416,416,1
train,00000_00000_00015_png.rf.9ba1631d1d7d07e7e3f4fe005185c1e3.jpg,416,416,1
train,00000_00000_00016_png.rf.b8f0678f2b179f3b8d50d47b1549b069.jpg,416,416,1
train,00000_00000_00018_png.rf.67d0434cb6088b197afa648c7f87aea6.jpg,416,416,1
train,00000_00000_00018_png.rf.a83b8e1a07ecacaa708b9e38914a0898.jpg,416,416,1
train,00000_00000_00019_png.rf.916a28faf81794a528c09b22b4f80c9a.jpg,416,416,1
train,00000_00000_00020_png.rf.cdc490b57357892ffe0520d855fa4fb0.jpg,416,416,1
train,00000_00000_00021_png.rf.f43fe5f0254d6bb3dd0c26260748a449.jpg,416,416,1
train,00000_00000_00022_png.rf.b78ff58422bba447f4be0ae2fb42dcc8.jpg,416,416,1
train,00000_00000_00022_png.rf.c1c5a93ef0e8f181bbd7e039dcb64f2c.jpg,416,416,1
train,00000_00000_00025_png.rf.1fccf78acacf5d504932d3ac185e6f5e.jpg,416,416,1
train,00000_00000_00026_png.rf.f61545c34254497b2d7ea8c3b377f79a.jpg,416,416,1
train,00000_00000_00027_png.rf.f6c9b515022704235dad9ac1652c8814.jpg,416,416,1
train,00000_00000_00029_png.rf.31a6cf4db89ed5e32a8ba63377ca6a3d.jpg,416,416,1
train,00000_00001_00000_png.rf.44c5329f50d329a5f1c86c3506baf931.jpg,416,416,1
train,00000_00001_00000_png.rf.d8be1d69840721c7a2ee07ab55ab46e3.jpg,416,416,1
train,00000_00001_00001_png.rf.7dae87785975134d9c0ec77547e977a5.jpg,416,416,1
train,00000_00001_00002_png.rf.4838f67939aa261f2dc5fe638dfb11cd.jpg,416,416,1
train,00000_00001_00002_png.rf.ad7d45b3320346643b7d414560558d7f.jpg,416,416,1
train,00000_00001_00003_png.rf.ab39d08edbbf408752978c1c22214eb5.jpg,416,416,1
train,00000_00001_00003_png.rf.c46f44e7791b0a0da6440d8b94cd277a.jpg,416,416,1
train,00000_00001_00004_png.rf.7481e74a5b3633e55dea8d0167c17489.jpg,416,416,1
train,00000_00001_00005_png.rf.1753b19f8e629223f6b73bcda963ee18.jpg,416,416,1
train,00000_00001_00006_png.rf.20a8ef1db6043b46b4c5500cad5fcb7f.jpg,416,416,1
train,00000_00001_00006_png.rf.4afd9a3e60a767668f99bb5255075956.jpg,416,416,1
train,00000_00001_00007_png.rf.5c2378e387da98bb9384318b9efca52f.jpg,416,416,1
train,00000_00001_00007_png.rf.f61a3c4d3170cd28ab77c978d4884386.jpg,416,416,1
train,00000_00001_00008_png.rf.6b36bc0b0b2ea9e5736cd4df1da4238e.jpg,416,416,1
train,00000_00001_00010_png.rf.b3a1f62105870b9b00c96091b5145d7f.jpg,416,416,1
train,00000_00001_00010_png.rf.ea5641ae5e2840a7671c24d4d6fcc379.jpg,416,416,1
train,00000_00001_00011_png.rf.5e4bcaa6ed929e41f33ce648f68470ed.jpg,416,416,1
train,00000_00001_00011_png.rf.946847009a425faa30235cca05b9db6a.jpg,416,416,1
train,00000_00001_00012_png.rf.10e77778f30d11a8c98a6168a92a5e14.jpg,416,416,1
train,00000_00001_00013_png.rf.a7654a177d582ba334fdc342f89949fa.jpg,416,416,1
train,00000_00001_00014_png.rf.17d537ec22738c44026c810b548e119d.jpg,416,416,1
train,00000_00001_00016_png.rf.bcc59e0f7b82cb846e18f8c2483e200f.jpg,416,416,1
train,00000_00001_00017_png.rf.37da7e35d170d5aa6878f332a40dfd5d.jpg,416,416,1
train,00000_00001_00018_png.rf.f49715c65e528783b12b8d7529fe49c2.jpg,416,416,1
train,00000_00001_00018_png.rf.feb3db876334ff788004595562f7804c.jpg,416,416,1
train,00000_00001_00021_png.rf.b6474a7f9ca1ce8f8e81d86e9dfd59ea.jpg,416,416,1
train,00000_00001_00022_png.rf.53d2ec9d6d92ab4d0edfcb6592d6f4fd.jpg,416,416,1
train,00000_00001_00023_png.rf.906e18ed067fa91f81cd2f5ec00980e5.jpg,416,416,1
train,00000_00001_00024_png.rf.53dca9f7f670879bb99ce5d538f5f1d8.jpg,416,416,1
train,00000_00001_00025_png.rf.281f2e0ec1afff9409e3e9437443ea67.jpg,416,416,1
train,00000_00001_00026_png.rf.b0c10369d5ea463db5c7d8aab941759a.jpg,416,416,1
train,00000_00001_00027_png.rf.d839d40238237e8726dc406cef0e3bc3.jpg,416,416,1
train,00000_00001_00028_png.rf.12fb0d4013e37f2d7e1d47c15d884495.jpg,416,416,1
train,00000_00001_00028_png.rf.38c1f2be2e44ea428f46035c13a82050.jpg,416,416,1
train,00000_00001_00029_png.rf.0c4e5658cb9e52dfea550fb289675ac3.jpg,416,416,1
train,00000_00001_00029_png.rf.5406b89dc789ab3d0f8fa44df57140f4.jpg,416,416,1
train,00000_00002_00000_png.rf.3f5868e97a26b188b4d3ce823c6e9c2f.jpg,416,416,1
train,00000_00002_00001_png.rf.3cef739224527428e387081193bd420b.jpg,416,416,1
train,00000_00002_00001_png.rf.b3a05eda45b885ae1a472c7547721760.jpg,416,416,1
train,00000_00002_00002_png.rf.02a1b30e881b936472e3872b5e7cf3b0.jpg,416,416,1
train,00000_00002_00002_png.rf.2df6f5515035d2e03ba24ec9e622753a.jpg,416,416,1
train,00000_00002_00003_png.rf.98523532781dd4a1df08bbddeef993ad.jpg,416,416,1
train,00000_00002_00003_png.rf.dbd1e2336ba48e0575fb5b91b48e6af8.jpg,416,416,1
train,00000_00002_00004_png.rf.42fa00c6a4d5575600e9de72a47bb7a4.jpg,416,416,1
train,00000_00002_00004_png.rf.a628aaae48b8d9635585e79879bd2788.jpg,416,416,1
train,00000_00002_00005_png.rf.4a27eb57929561fce8d7295d6e5a02d4.jpg,416,416,1
train,00000_00002_00006_png.rf.5cf10a07acd232b133e564cc9f0b058b.jpg,416,416,1
train,00000_00002_00007_png.rf.1aa78e1f6b90b4f728923436ac7324b4.jpg,416,416,1
train,00000_00002_00008_png.rf.1794fa822dd0926bee9446dc12d24f38.jpg,416,416,1
train,00000_00002_00008_png.rf.198c9ca7755e89e7b6429415fe9c581f.jpg,416,416,1
train,00000_00002_00009_png.rf.1791417a0526f1d501f6df30c39ebdfb.jpg,416,416,1
train,00000_00002_00010_png.rf.a435ef2632ed967a8ddd8a9d54e20a9a.jpg,416,416,1
train,00000_00002_00011_png.rf.b751c001fad8146d8438da773a7c50f9.jpg,416,416,1
train,00000_00002_00012_png.rf.5e7ff343bd7727e1efb2a4e3f65cc053.jpg,416,416,1
train,00000_00002_00013_png.rf.9aeaea7d89bf1f404b6c9adc824155c0.jpg,416,416,1
train,00000_00002_00016_png.rf.0ad91e06407222bf20b71d50e1ec51bf.jpg,416,416,1
train,00000_00002_00017_png.rf.b68229db847beb7d1f8c1d9d206104f1.jpg,416,416,1
train,00000_00002_00017_png.rf.b95d78da1267944d501b522c399e69a9.jpg,416,416,1
train,00000_00002_00018_png.rf.5e432f1d7721860ccdfbd24431694567.jpg,416,416,1
train,00000_00002_00018_png.rf.b0b0b8160ad791991ad48d6d1ea568ac.jpg,416,416,1
train,00000_00002_00019_png.rf.8535389e81ac13ab6a232dc9ddd7c3e7.jpg,416,416,1
train,00000_00002_00020_png.rf.c8fd6279beeea88ec27baab1c1684474.jpg,416,416,1
train,00000_00002_00021_png.rf.e091926e5287dde5656c5d9fdbc7138f.jpg,416,416,1
train,00000_00002_00022_png.rf.c34d7fa89ba4b6400e3951361be150ec.jpg,416,416,1
train,00000_00002_00023_png.rf.529482ea46b7a9e8625b00f20f864fe3.jpg,416,416,1
train,00000_00002_00024_png.rf.b42d84403ed831db575902a03c7f2923.jpg,416,416,1
train,00000_00002_00025_png.rf.a12d0ba89413e6422052d8023244e123.jpg,416,416,1
train,00000_00002_00026_png.rf.df51aac9e6ceadae571e3553c2e065e4.jpg,416,416,1
train,00000_00002_00027_png.rf.59a3430be3037a44f85a0dc3e98a55dc.jpg,416,416,1
train,00000_00002_00028_png.rf.46fb61df789e49562e8b018bc70e6a27.jpg,416,416,1
train,00000_00002_00028_png.rf.cf9d9a34646bf5cbef7d684ee1af1d08.jpg,416,416,1
train,00000_00002_00029_png.rf.7ec94a158ee1feea20c42c72468732e7.jpg,416,416,1
train,00000_00003_00000_png.rf.6a1f7d2cea1e95898e98a0596ed1628d.jpg,416,416,1
train,00000_00003_00001_png.rf.f6d40c4ed9d7fc7c24197638b21769ff.jpg,416,416,1
train,00000_00003_00003_png.rf.23f4588f49267b1b5af36cdf973a411a.jpg,416,416,1
train,00000_00003_00004_png.rf.2556a68a27fd1b8b346f69ea52911e2a.jpg,416,416,1
train,00000_00003_00006_png.rf.38d6183fe6626d3e60c1423c1377b30a.jpg,416,416,1
train,00000_00003_00006_png.rf.822608a933233ba0da02eaae87781f8f.jpg,416,416,1
train,00000_00003_00007_png.rf.b2a548760d5e86d70a07c511eeee2350.jpg,416,416,1
train,00000_00003_00008_png.rf.96db6739a3afe154f9ddc2bb2e42c9b8.jpg,416,416,1
train,00000_00003_00009_png.rf.4838c28fcbe2e0ad660fd81f2393da4d.jpg,416,416,1
train,00000_00003_00009_png.rf.e8576766b4d4c65a200a025161204757.jpg,416,416,1
train,00000_00003_00010_png.rf.c7a06461f0936164503f600f3c297959.jpg,416,416,1
train,00000_00003_00013_png.rf.aff1b057b58d187a86e365fdfcb1c0d1.jpg,416,416,1
train,00000_00003_00014_png.rf.4fcf13c5a5df6c7c076fce58df800ac0.jpg,416,416,1
train,00000_00003_00014_png.rf.9c8f2d4be56d827336feec338dde87e0.jpg,416,416,1
train,00000_00003_00015_png.rf.ee155a4b3ea3714208fd0c3f8d943174.jpg,416,416,1
train,00000_00003_00016_png.rf.c5873695fb1c3cc22a475cb283a05851.jpg,416,416,1
train,00000_00003_00018_png.rf.02547097e5524316f514ec952ca094c7.jpg,416,416,1
train,00000_00003_00020_png.rf.6ce5a9975fc3533b8ab87b7e7c05c668.jpg,416,416,1
train,00000_00003_00021_png.rf.255e9671cf2a934f38e44be8767915d7.jpg,416,416,1
train,00000_00003_00022_png.rf.878215bfc37df7439869c7685f30c837.jpg,416,416,1
train,00000_00003_00023_png.rf.29638346d37dc1201a79096cd4893780.jpg,416,416,1
train,00000_00003_00023_png.rf.d380a41c490b666ce4bee8990368a1fd.jpg,416,416,1
train,00000_00003_00024_png.rf.08957035e670072dbb22d8f9905e9b84.jpg,416,416,1
train,00000_00003_00025_png.rf.11e558fae394d310693ee9223b8962ca.jpg,416,416,1
train,00000_00003_00026_png.rf.1f6b33373353f896f2c2025ffd264e51.jpg,416,416,1
train,00000_00003_00026_png.rf.a3b6c2dcd4ee9a8064667b7bb266590b.jpg,416,416,1
train,00000_00003_00027_png.rf.c1381ed46ee0d7e21877ea3d7ef86127.jpg,416,416,1
train,00000_00003_00029_png.rf.8e24d2606537779612888c6a06c7043d.jpg,416,416,1
train,00000_00004_00000_png.rf.45dccdbf08ed12f25d7742d8bf88c102.jpg,416,416,1
train,00000_00004_00001_png.rf.557d3494b3e633e29069a6f42918334e.jpg,416,416,1
train,00000_00004_00002_png.rf.3e3e95e1ba16cac885d3de7864a40fb4.jpg,416,416,1
train,00000_00004_00003_png.rf.9c6ba4d0186eec82a26bddc9a1204efb.jpg,416,416,1
train,00000_00004_00003_png.rf.a8220aafd1a7f7bba4391bd0a10cdd2f.jpg,416,416,1
train,00000_00004_00004_png.rf.d4f5ee50324659a47ec7ae664f8ce3a6.jpg,416,416,1
train,00000_00004_00005_png.rf.55e0ec09c7c892e631d9197011a8ad27.jpg,416,416,1
train,00000_00004_00006_png.rf.da366faadf7731d50e66efd84b21603d.jpg,416,416,1
train,00000_00004_00007_png.rf.f744cfc8a356e487f01a3bb8a4811faf.jpg,416,416,1
train,00000_00004_00008_png.rf.a1b3fa49377e1b891a672b08c3b9dd46.jpg,416,416,1
train,00000_00004_00009_png.rf.6a03d806047caed49e6cb42e9d38b1c5.jpg,416,416,1
train,00000_00004_00009_png.rf.a42aea6ddf4fbbe97895c91fc7a803bf.jpg,416,416,1
train,00000_00004_00010_png.rf.10933ed7cc67a259b214117c6e134a35.jpg,416,416,1
train,00000_00004_00011_png.rf.2a4d495dca500a33034661bfb2be18f0.jpg,416,416,1
train,00000_00004_00011_png.rf.bafd7aa08ccbca5d6a09028dd395a69f.jpg,416,416,1
train,00000_00004_00012_png.rf.92622c0f045f6784209bb0676912894e.jpg,416,416,1
train,00000_00004_00013_png.rf.41f0883b7cb79e68caa5668562ddfbe5.jpg,416,416,1
train,00000_00004_00013_png.rf.88a7d710b3937bed29c64f8fbcda7138.jpg,416,416,1
train,00000_00004_00014_png.rf.47ce94569d62f9ee40d8149d2b605c1f.jpg,416,416,1
train,00000_00004_00015_png.rf.72ebe95796a549aeb6df45f9ff8ce24e.jpg,416,416,1
train,00000_00004_00016_png.rf.02c5d846b3aa46c4b32e40d6fab3efa0.jpg,416,416,1
train,00000_00004_00016_png.rf.5b97d5ed16036366ca0504b06c27cc60.jpg,416,416,1
train,00000_00004_00017_png.rf.392211cb3d0a90a0ec9b79775f905d83.jpg,416,416,1
train,00000_00004_00018_png.rf.0a139d4b32a832cfbb3b1525650e6222.jpg,416,416,1
train,00000_00004_00019_png.rf.e587d94b21592a7cce2cdba1b9e0c2b8.jpg,416,416,1
train,00000_00004_00020_png.rf.c2d9143b5c1320a6fd8bce1d4f5746b1.jpg,416,416,1
train,00000_00004_00021_png.rf.1707818e776c93ea5361e3a6fd7f94b5.jpg,416,416,1
train,00000_00004_00022_png.rf.8643d15e0396d301a24cecab007e5bd8.jpg,416,416,1
train,00000_00004_00024_png.rf.264b01f26fd6e6c7efbc63670de2858d.jpg,416,416,1
train,00000_00004_00025_png.rf.1e4c5168d9aa20120a02e038b9016a75.jpg,416,416,1
train,00000_00004_00026_png.rf.f48b2656da811a0ce8014b941ca38710.jpg,416,416,1
train,00000_00004_00027_png.rf.52e0a6e1765ce7e0422a9205bddd38fe.jpg,416,416,1
train,00000_00004_00028_png.rf.11c595ddd0a992239531f2fe5592cd2d.jpg,416,416,1
train,00000_00004_00028_png.rf.68f5b6b3c8d2aefe28d872ff0e034656.jpg,416,416,1
train,00000_00004_00029_png.rf.a12b38a4c9b96b72a10aa337d2acd1a0.jpg,416,416,1
train,00000_00004_00029_png.rf.c2c6e0ed115bf3c04105f2885023dd42.jpg,416,416,1
train,00000_00005_00000_png.rf.8169697531fc6883b15ae564024d3677.jpg,416,416,1
train,00000_00005_00001_png.rf.d57d527b8501230c37afe70d4b90ec62.jpg,416,416,1
train,00000_00005_00002_png.rf.12521c166f3ca192f74ef5a18e5aa2cd.jpg,416,416,1
train,00000_00005_00002_png.rf.e3e4383cf470f54b50c2277d989a3a62.jpg,416,416,1
train,00000_00005_00003_png.rf.dcba29d2ca81edbe6fd250aaa873741e.jpg,416,416,1
train,00000_00005_00005_png.rf.0a09fb0a87fc6c72787e58702ae83b64.jpg,416,416,1
train,00000_00005_00005_png.rf.4fb521343876a9353da00c1913361f9e.jpg,416,416,1
train,00000_00005_00006_png.rf.92899fc56d6323c27ac7b1521df4c60a.jpg,416,416,1
train,00000_00005_00007_png.rf.e1dca611e01585d67ad5a332f541fae4.jpg,416,416,1
train,00000_00005_00008_png.rf.88f87aae4782fac445e26fb0d8b67315.jpg,416,416,1
train,00000_00005_00008_png.rf.e780babee181db061ef09cbc466fa715.jpg,416,416,1
train,00000_00005_00010_png.rf.00b7dad32993f94b442354dc03c22237.jpg,416,416,1
train,00000_00005_00010_png.rf.be234de283e4e09baa3cc2df36ea58ba.jpg,416,416,1
train,00000_00005_00011_png.rf.4d19637de6d9dad7b58d4f3fcc06fcc1.jpg,416,416,1
train,00000_00005_00011_png.rf.8d30ff48abb3db0aecaf973925d88955.jpg,416,416,1
train,00000_00005_00012_png.rf.d9ffe62ed14bd915ef16407153756cbf.jpg,416,416,1
train,00000_00005_00012_png.rf.dbbcfb885043cce067b6909b5622f7ac.jpg,416,416,1
train,00000_00005_00013_png.rf.6c2df004ce1e925a6236535800694b9b.jpg,416,416,1
train,00000_00005_00013_png.rf.df7aa74dd1d69d5cefa72d367a3dc633.jpg,416,416,1
train,00000_00005_00014_png.rf.d5d5b60ba9939edb55b33b15a91f5686.jpg,416,416,1
train,00000_00005_00014_png.rf.f887a3fa1e4bc2b0c2f0271ddd654568.jpg,416,416,1
train,00000_00005_00015_png.rf.34697b625385089f3009533707276cbe.jpg,416,416,1
train,00000_00005_00017_png.rf.9228652e586527453935747b7227e616.jpg,416,416,1
train,00000_00005_00018_png.rf.553537bd486f5882d4276c7b9153b7ae.jpg,416,416,1
train,00000_00005_00019_png.rf.c6cb63efec34d062edf249d865e6aa53.jpg,416,416,1
train,00000_00005_00020_png.rf.092b9915b0bde1f22a94eae4de18ae82.jpg,416,416,1
train,00000_00005_00021_png.rf.d7e7a4031af7a1e4cdb28437d244d22d.jpg,416,416,1
train,00000_00005_00022_png.rf.0423a5dc52cc1a9c970cb48172ac1237.jpg,416,416,1
train,00000_00005_00023_png.rf.28d029f2b9b48ed768477a9713c16d9a.jpg,416,416,1
train,00000_00005_00023_png.rf.74795ecddef7f6b1ac941bff8b8d3511.jpg,416,416,1
train,00000_00005_00024_png.rf.01215360add557687af5e1ddbab41c0e.jpg,416,416,1
train,00000_00005_00024_png.rf.b56d2e2ac839b60074b8501aad354f42.jpg,416,416,1
train,00000_00005_00026_png.rf.dbfd23b489e21b98b48a8b57e33f6130.jpg,416,416,1
train,00000_00005_00028_png.rf.6995b0d4dd5eaa52e1d83d0d39bb5208.jpg,416,416,1
train,00000_00005_00028_png.rf.951ac8d13cac60978fd39e97958e71af.jpg,416,416,1
train,00000_00005_00029_png.rf.770df2f66a1062386f026c100dbb6d78.jpg,416,416,1
train,00000_00006_00000_png.rf.d8c6d0df63c6ae0bb121c589c499c479.jpg,416,416,1
train,00000_00006_00001_png.rf.54349aff64ad744bbbc9eabce77f0942.jpg,416,416,1
train,00000_00006_00001_png.rf.672db333310c122e896e20d11c8932a8.jpg,416,416,1
train,00000_00006_00002_png.rf.3178351e5c2687e53fde040b1e6c72db.jpg,416,416,1
train,00000_00006_00003_png.rf.81331f00fcfaf6da5ae24e98449d210c.jpg,416,416,1
train,00000_00006_00005_png.rf.45551b3671fdeff44cb45caf378c4727.jpg,416,416,1
train,00000_00006_00006_png.rf.903d0be6d4f1d37a71a42c06507106d8.jpg,416,416,1
train,00000_00006_00007_png.rf.2736c6116decb9705273e17a79bc6ddb.jpg,416,416,1
train,00000_00006_00007_png.rf.acaa5ad9bdbcaf500c8a634deec0b3a3.jpg,416,416,1
train,00000_00006_00008_png.rf.35de8cd8fcafd9864e9b7a4c74e5f732.jpg,416,416,1
train,00000_00006_00010_png.rf.60984759507a574dc4799fa68be81c02.jpg,416,416,1
train,00000_00006_00011_png.rf.0545885ce3bfb4fec00cf7015b9ed875.jpg,416,416,1
train,00000_00006_00011_png.rf.ab128994f646be8aea5739b00c869fb8.jpg,416,416,1
train,00000_00006_00012_png.rf.392cab452e5c2111d48dd2d47441a7f6.jpg,416,416,1
train,00000_00006_00013_png.rf.bbf0644de9f8f0a3b4e2b436845a601e.jpg,416,416,1
train,00000_00006_00013_png.rf.ecd78a34132520560867720fa2638cd3.jpg,416,416,1
train,00000_00006_00015_png.rf.50d65faaa317210fb2628b8ef7f86439.jpg,416,416,1
train,00000_00006_00015_png.rf.7c659bf41bd775eb13a518c932c58e1f.jpg,416,416,1
train,00000_00006_00016_png.rf.dcab7d3350330769ad6749621f52afbc.jpg,416,416,1
train,00000_00006_00016_png.rf.e4495be8bf85f1e9ebde06005458cc83.jpg,416,416,1
train,00000_00006_00017_png.rf.f0718ec7989754f2112741480fd5acf8.jpg,416,416,1
train,00000_00006_00018_png.rf.30817756d050760afc2e8eb14f3899e9.jpg,416,416,1
train,00000_00006_00019_png.rf.091099bbce488ddcbec8f64fd092771f.jpg,416,416,1
train,00000_00006_00019_png.rf.42dba054e619d0d263ff8fafb9e985ce.jpg,416,416,1
train,00000_00006_00020_png.rf.25a84e2aaea6036f8975932f8470d4e1.jpg,416,416,1
train,00000_00006_00020_png.rf.7f47ac45a6379c909e282aa0328b54d4.jpg,416,416,1
train,00000_00006_00024_png.rf.823621ffcedb3bb68a75948583a7385b.jpg,416,416,1
train,00000_00006_00025_png.rf.c0c5e107ebeb332acb97532843a1138f.jpg,416,416,1
train,00000_00006_00026_png.rf.70e1ee0bc02547c51e09bbec75a9e87d.jpg,416,416,1
train,00000_00006_00027_png.rf.1e42aba77380008fc9e29583abe89e5f.jpg,416,416,1
train,00000_00006_00028_png.rf.24160de106c4e5a21e365e4124bb5985.jpg,416,416,1
train,00000_00006_00029_png.rf.49f3b5a3506f949c750fe3fb68ddb0e1.jpg,416,416,1
train,000010_jpg.rf.280eb2d57ed2f197721d34f6ca6c533e.jpg,416,416,1
train,000014_jpg.rf.5f2c12d0dff41fd6105dc41dd6abafb3.jpg,416,416,1
train,000017_jpg.rf.ff6f0f469c80ff725af7fea54738259e.jpg,416,416,1
train,000018_jpg.rf.bf9f2baec02fabe1aa0cb7cb5eeed251.jpg,416,416,1
train,000019_jpg.rf.84ec9398551cd1995c3065bb4125823e.jpg,416,416,1
train,00001_00003_00029_png.rf.68a90374eb7480ab395ffa440cb9766a.jpg,416,416,1
train,00001_00004_00000_png.rf.678dabff663fa7b469742734318ebd86.jpg,416,416,1
train,00001_00004_00001_png.rf.8a6420a563f276a6dad4fa70fdbb9b2d.jpg,416,416,1
train,00001_00004_00014_png.rf.a8b6d9d6b5b34320f427f40bc6417809.jpg,416,416,1
train,00001_00004_00026_png.rf.a6ed88a1c0a4fdfcb67a7c4e9672d471.jpg,416,416,1
train,00001_00005_00010_png.rf.0cf45bece027db768496e212e828eeea.jpg,416,416,1
train,00001_00005_00021_png.rf.7acd8d953f90764755d1b20945cdb0b9.jpg,416,416,1
train,00001_00008_00001_png.rf.7304dcbec18d035a1045825d9543feb4.jpg,416,416,1
train,00001_00008_00002_png.rf.1d3f8acccceae53974c4b86e5fe3538f.jpg,416,416,1
train,00001_00008_00012_png.rf.a42a244239e60e336c8b46fb4d32e295.jpg,416,416,1
train,00001_00008_00013_png.rf.2215203c6f9c54fe1deaa52f3ee320b4.jpg,416,416,1
train,00001_00008_00023_png.rf.4a788b28ba8b35ec00d98d5153c3dcf6.jpg,416,416,1
train,00001_00009_00005_png.rf.06448d847b06e1a7863a355b517e6522.jpg,416,416,1
train,00001_00009_00006_png.rf.a2d311d74e4c60b574711f7c11d379c6.jpg,416,416,1
train,00001_00009_00009_png.rf.ceb5d7b1f08abeaa8bd1f1dbbfe5fa01.jpg,416,416,1
train,00001_00009_00018_png.rf.dfa6e1c02e341099437aad7e6833ae88.jpg,416,416,1
train,00001_00009_00029_png.rf.fa541f8b39451e6683ad08d198052c4a.jpg,416,416,1
train,00001_00010_00005_png.rf.dc89b7b15d4d7b263af681cb0b226aab.jpg,416,416,1
train,00001_00010_00006_png.rf.8af0abc8e7a73be3096571f63fe4eaf2.jpg,416,416,1
train,00001_00010_00007_png.rf.a5d499b76473c0908b25771ec50535c7.jpg,416,416,1
train,00001_00010_00008_png.rf.d890e6b436f9e9510bf2a1cf15c8e438.jpg,416,416,1
train,00001_00010_00009_png.rf.8c3985860d7f4edba57dd7564b95b69e.jpg,416,416,1
train,00001_00011_00005_png.rf.6d42d68e281dbf51ef14b97766e2c25c.jpg,416,416,1
train,00001_00011_00008_png.rf.8ce712167400383c4c42928b5e1d0af0.jpg,416,416,1
train,00001_00011_00009_png.rf.046f6fc6d059c6bd49155f7a2e4ef1f5.jpg,416,416,1
train,00001_00011_00017_png.rf.ce4c844afe91a444485149c9b2aad912.jpg,416,416,1
train,00001_00012_00016_png.rf.ccffb643fa4d5838e98d47687f5da242.jpg,416,416,1
train,00001_00013_00009_png.rf.d0e61e8d0058ce22918c2ed6111aebac.jpg,416,416,1
train,00001_00013_00024_png.rf.6b16d0e40154c5acb30850b862dd71ef.jpg,416,416,1
train,00001_00014_00014_png.rf.9a4c5136a6904e3875eb29735c42df2a.jpg,416,416,1
train,00001_00015_00018_png.rf.91de5b409e730f6a4ab5b9bdca2c30e6.jpg,416,416,1
train,00001_00017_00007_png.rf.71bf600cff50c681d369d3da1f1796b5.jpg,416,416,1
train,00001_00017_00013_png.rf.06c2ba441c076cd4c8a24ea08beb7a45.jpg,416,416,1
train,00001_00017_00016_png.rf.72fa81feb2139b1c13a0f8cf438b4237.jpg,416,416,1
train,00001_00017_00023_png.rf.7661bd1907cc49bd331601c63214b9c7.jpg,416,416,1
train,00001_00018_00009_png.rf.bf61631e96c5157a6f3e46fb866bbab5.jpg,416,416,1
train,00001_00019_00004_png.rf.f0b9b1205de5c729e900f229e0f7b46c.jpg,416,416,1
train,00001_00019_00005_png.rf.68745880b3310c5923aace17d413c45e.jpg,416,416,1
train,00001_00019_00007_png.rf.5e23982eae04be253395a33d7b66b3ec.jpg,416,416,1
train,00001_00019_00015_png.rf.946077846daa046fec115527b0587f68.jpg,416,416,1
train,00001_00020_00000_png.rf.0d5fa56d60b4ce1b5212577af536a773.jpg,416,416,1
train,00001_00020_00013_png.rf.bd59034a4631a6045f6acaca947b6061.jpg,416,416,1
train,00001_00021_00009_png.rf.e7cc4bfb062c1e39b6d17d2b36f13a51.jpg,416,416,1
train,00001_00021_00010_png.rf.27953792a66f58a05729178d828ab004.jpg,416,416,1
train,00001_00021_00018_png.rf.aff61c4b27a1a1db5267162cbdd8c78a.jpg,416,416,1
train,00001_00021_00021_png.rf.b4fe14219c6182da326ab242e9531dd8.jpg,416,416,1
train,00001_00022_00000_png.rf.e772a43bba5e4e5b94178600e2b34616.jpg,416,416,1
train,00001_00022_00002_png.rf.a35b85e29e0c6fa5ef0e304abb6246a5.jpg,416,416,1
train,00001_00022_00004_png.rf.0e125765a13a54c3ecccbf82c4357bd9.jpg,416,416,1
train,00001_00022_00005_png.rf.33b7a2901b2fb689df567c0e5adaac4c.jpg,416,416,1
train,00001_00022_00012_png.rf.c3b06a1d02ef13c64df542dd7684abcc.jpg,416,416,1
train,00001_00022_00013_png.rf.7d3cb8946a8a3fbc5730cd9d0243dbbe.jpg,416,416,1
train,00001_00023_00006_png.rf.d81096dbb433109f67a2003562fccd82.jpg,416,416,1
train,00001_00023_00009_png.rf.66697f68b88a46bb817c80c2c8c9cdba.jpg,416,416,1
train,00001_00023_00010_png.rf.90a1af66ec50ebd57812b7a3ecc06420.jpg,416,416,1
train,00001_00023_00018_png.rf.4e82d50c6679516a95cf0460f2ced7db.jpg,416,416,1
train,00001_00023_00019_png.rf.46c064aef782ac8308a87333afbb991d.jpg,416,416,1
train,00001_00023_00020_png.rf.dc1df59388db2174869b68e1c3d5ed3e.jpg,416,416,1
train,00001_00023_00021_png.rf.a10de52934dad85b727a4edcd9171235.jpg,416,416,1
train,00001_00024_00000_png.rf.f896d2ea018f5cb69fde5a1bf7ad2825.jpg,416,416,1
train,00001_00024_00017_png.rf.98340d8252a28037aece87645d8b5b71.jpg,416,416,1
train,00001_00024_00022_png.rf.ca6d9d39f9f4c559290a3b1c7fa5b8e3.jpg,416,416,1
train,00001_00025_00011_png.rf.f92b4719c1c241ebc8981a89d89ce535.jpg,416,416,1
train,00001_00027_00009_png.rf.b080584eea71a50e9304fc41b7462802.jpg,416,416,1
train,00001_00027_00010_png.rf.ea4ad32e8b6c55f576da10d0f4e7ef74.jpg,416,416,1
train,00001_00027_00011_png.rf.1ce3199512554428d486d4983f82ee4f.jpg,416,416,1
train,00001_00027_00013_png.rf.fbb45ad59bb95039e991be1cd4dbc6cb.jpg,416,416,1
train,00001_00027_00019_png.rf.5fb9f4384898315b802072a0ec4e7a4c.jpg,416,416,1
train,00001_00028_00007_png.rf.f8ce2e019050edd356b5d401caa86b5e.jpg,416,416,1
train,00001_00028_00021_png.rf.051488a2bc7c02e95907748e57b7cdb7.jpg,416,416,1
train,00001_00029_00002_png.rf.31bb005d8379e892a4dc57162de7aac7.jpg,416,416,1
train,00001_00029_00012_png.rf.48619703f134d3223eaf7c1b4c6429dd.jpg,416,416,1
train,00001_00030_00005_png.rf.ffdae2af318eebb9d2b4b3a18dded057.jpg,416,416,1
train,00001_00030_00017_png.rf.47b024b9ee53239b1e75cb46880cb7d1.jpg,416,416,1
train,00001_00030_00018_png.rf.1b2a7f54b14583384f6a1aa671b9e371.jpg,416,416,1
train,00001_00031_00008_png.rf.b1b115bbefb562c0e83ac3fbcec6ea67.jpg,416,416,1
train,00001_00031_00009_png.rf.0dc0bb8843cd06bf6d31cbcf0b0f4482.jpg,416,416,1
train,00001_00031_00014_png.rf.830e1d4ecabb82a80a629f14d9e3ca37.jpg,416,416,1
train,00001_00031_00015_png.rf.e0336cb7329a62525683bf947d4c25d9.jpg,416,416,1
train,00001_00031_00016_png.rf.c010ea28e305686ad91ebce892c0d75d.jpg,416,416,1
train,00001_00032_00005_png.rf.15f2f12ac9f04688c7d46678d28071c7.jpg,416,416,1
train,00001_00032_00006_png.rf.349e75295d696ce7abba49d44574a892.jpg,416,416,1
train,00001_00032_00018_png.rf.c547ab641e02312587ad70fa7819d8da.jpg,416,416,1
train,00001_00033_00002_png.rf.e6f0ccc48107086d454497c08fbe1f38.jpg,416,416,1
train,00001_00033_00011_png.rf.3d61e2ba4a70912afb5c885c7521bc76.jpg,416,416,1
train,00001_00033_00012_png.rf.d01365cb743dd208f8022e98eea3ef73.jpg,416,416,1
train,00001_00033_00014_png.rf.c732422b296c6c651ef8128825eebd28.jpg,416,416,1
train,00001_00033_00015_png.rf.e791bddc05c7667caffed1047bf56b87.jpg,416,416,1
train,00001_00035_00010_png.rf.4d735c1612d7394afe39938abac0e9d8.jpg,416,416,1
train,00001_00035_00014_png.rf.1eb86b88951bfb9cb35e122169acf318.jpg,416,416,1
train,00001_00035_00016_png.rf.781a6ae084cefa837aea0027ebbf3778.jpg,416,416,1
train,00001_00035_00022_png.rf.423c9c1501b6fc554b27d020cbd702a4.jpg,416,416,1
train,00001_00036_00016_png.rf.004656a39c49d90732de8b2e381418e6.jpg,416,416,1
train,00001_00038_00014_png.rf.9a724af2b218a15c6226d38c7b05f148.jpg,416,416,1
train,00001_00038_00016_png.rf.2e59be8e4476b9b3d3c05c9f44cc900c.jpg,416,416,1
train,00001_00038_00024_png.rf.8771f620da3c0634ac2244365d2918ef.jpg,416,416,1
train,00001_00038_00027_png.rf.a265376c43301b4653548e60e031d6fc.jpg,416,416,1
train,00001_00039_00006_png.rf.bd099ec9941a4d54c2f5c22844f69c2b.jpg,416,416,1
train,00001_00039_00007_png.rf.8bdfc2675ebed8d1f19e4ab1a3a4dad2.jpg,416,416,1
train,00001_00040_00002_png.rf.4568d758b12bad0b7447058dd4d40d47.jpg,416,416,1
train,00001_00040_00003_png.rf.f8dffc64dec5071e16dd4200797fad0e.jpg,416,416,1
train,00001_00040_00004_png.rf.ca318813bd0965fb25b0776123afea00.jpg,416,416,1
train,00001_00041_00008_png.rf.d0ec8b61f49fc96343d0f70baf4df83d.jpg,416,416,1
train,00001_00042_00002_png.rf.5e781a4afa04e37d7f492c3e4c80187a.jpg,416,416,1
train,00001_00042_00005_png.rf.9a08a55b0d7a2cf442a768d5a321b99c.jpg,416,416,1
train,00001_00042_00013_png.rf.37f15a819fe2a8a0c7e89c7b311e4aca.jpg,416,416,1
train,00001_00042_00016_png.rf.3a73194be0939badfa21c0b303d27429.jpg,416,416,1
train,00001_00043_00006_png.rf.bf0aec038ef0cf86ad9e137be34b2a2d.jpg,416,416,1
train,00001_00043_00010_png.rf.8da47f6427054cfd6d2c4773927254ea.jpg,416,416,1
train,00001_00056_00004_png.rf.614b168b0d7bff36a5bb398b64fcd74f.jpg,416,416,1
train,00001_00056_00014_png.rf.5ce8a739f8d147b7052ddc1c50f8be65.jpg,416,416,1
train,00001_00057_00012_png.rf.c34792224d1d6e2ebe4c2a6366c67ef2.jpg,416,416,1
train,00001_00057_00014_png.rf.13d0fa393eb6ae74ffc82a44a396ed37.jpg,416,416,1
train,00001_00057_00016_png.rf.01ca2055fd523f2ce8b86eae8a1e7511.jpg,416,416,1
train,00001_00057_00027_png.rf.99e60ee0318131ee374202efff04e04d.jpg,416,416,1
train,00001_00058_00006_png.rf.124e5ba1331738b0cca419c612312223.jpg,416,416,1
train,00001_00058_00007_png.rf.52ae9f37752006e5475753de9dcb9da9.jpg,416,416,1
train,00001_00059_00002_png.rf.012e04f9d70be898a9d44cff03d4dfe6.jpg,416,416,1
train,00001_00060_00000_png.rf.9fc9f26d7c0e569e5ae6265809d0f5e8.jpg,416,416,1
train,00001_00060_00006_png.rf.a0cb8317f1b532175f96ccbcc1d8444f.jpg,416,416,1
train,00001_00060_00014_png.rf.2a1663976a4888c14a47794f444409c5.jpg,416,416,1
train,00001_00061_00003_png.rf.a572c4e4e47c7f462ac17f01049b79fd.jpg,416,416,1
train,00001_00061_00008_png.rf.7d070a914e7d36dffe1db1009a6d4660.jpg,416,416,1
train,00001_00061_00015_png.rf.d975e5ec7519364c39209b6f3568bc88.jpg,416,416,1
train,00001_00061_00018_png.rf.dd0d004265b0f06b000a1b9c6513980d.jpg,416,416,1
train,00001_00062_00009_png.rf.9d45d326ac8f67c27a751f4d749073b8.jpg,416,416,1
train,00001_00063_00005_png.rf.1d737bc81d752bb8b8b80332e1b75a3c.jpg,416,416,1
train,00001_00063_00013_png.rf.3b373a92e1d9c49b864d4eebb2d5715d.jpg,416,416,1
train,00001_00063_00027_png.rf.36d4b010bc883b04e6ba991e40d344c5.jpg,416,416,1
train,00001_00064_00008_png.rf.5c678b0177285c5fdb78affbd53cacc0.jpg,416,416,1
train,00001_00064_00011_png.rf.8b745a828aab97bbb50f873d86bbed69.jpg,416,416,1
train,00001_00064_00023_png.rf.d473c20799e6e6ed1762375e2fba72fa.jpg,416,416,1
train,00001_00065_00002_png.rf.cb4cd3fac5c2cea3f7e987b4b77f4fb5.jpg,416,416,1
train,00001_00065_00014_png.rf.63e529a6dfec7ce8f7de91ac84aacbce.jpg,416,416,1
train,00001_00065_00018_png.rf.f6b54c122244b905241f75d8cab2dbf1.jpg,416,416,1
train,00001_00066_00006_png.rf.a4a3e0bdc6c67b2c8a763e0d1df644cd.jpg,416,416,1
train,00001_00067_00012_png.rf.fa15e541a422a4971f0efab18a0ae16f.jpg,416,416,1
train,00001_00067_00013_png.rf.7d94f1d7313f4a886cd44c7fc8f9cfdd.jpg,416,416,1
train,00001_00068_00015_png.rf.bd0f6087d0a5e4aa088383c3d47b6265.jpg,416,416,1
train,00001_00068_00018_png.rf.7c16c0ed974c3539043e024301f4f664.jpg,416,416,1
train,00001_00069_00007_png.rf.92ae799a55f310d47cc432b8cc9801b3.jpg,416,416,1
train,00001_00069_00009_png.rf.8795e0e3d656acd5e7179374af49d73b.jpg,416,416,1
train,00001_00069_00013_png.rf.75cbce23ff2595ad6a1ea1765d5eab85.jpg,416,416,1
train,00001_00070_00008_png.rf.e0c9845e2fde0c5a36e2aec0d4289e21.jpg,416,416,1
train,000021_png_jpg.rf.f0d6910b14fd1d7b0c459fac749043a1.jpg,416,416,1
train,000022_jpg.rf.f04087fb99dae5fa127fcc2e039d7272.jpg,416,416,1
train,000024_jpg.rf.307aed6bdf90363370adc26a6ad96a8d.jpg,416,416,1
train,000026_jpg.rf.26a3929e17ed02d02f773f4d2596c699.jpg,416,416,1
train,000027_jpg.rf.f60f676268f69c72d0a56e5dae8313b5.jpg,416,416,1
train,000028_jpg.rf.1f98d0459bd67150c3d1dea4b5482a62.jpg,416,416,1
train,00002_00000_00006_png.rf.4a7a9ead3e74eac5d11114c5b33f4aa8.jpg,416,416,1
train,00002_00000_00007_png.rf.ac298b136aa44298ea52bbfd84a4b42c.jpg,416,416,1
train,00002_00000_00010_png.rf.89292a49743f441afa571b84d7c35118.jpg,416,416,1
train,00002_00000_00017_png.rf.4a15f5ee7fc61ab23bd45829ae68cff5.jpg,416,416,1
train,00002_00000_00018_png.rf.0932efbe70e0e340efe002cf12f20642.jpg,416,416,1
train,00002_00000_00019_png.rf.2cfc0b8964cd64971c5a2375913d776e.jpg,416,416,1
train,00002_00000_00020_png.rf.a7b814277e70d376c4f3c6ced5c1c988.jpg,416,416,1
train,00002_00000_00022_png.rf.b4545ede5a65eaf8be1352f2826c9f00.jpg,416,416,1
train,00002_00000_00023_png.rf.5748c200bdcf62889db95cf1ec45000e.jpg,416,416,1
train,00002_00000_00024_png.rf.06876768517dded2c5a20dd0f575ca3a.jpg,416,416,1
train,00002_00000_00025_png.rf.44b5348e4e660877d63f611989f4f910.jpg,416,416,1
train,00002_00000_00026_png.rf.fe4fac6038c626107387c5079dc4fc66.jpg,416,416,1
train,00002_00000_00027_png.rf.7e26ce3e384eb97e67ca5ce76dac231c.jpg,416,416,1
train,00002_00000_00028_png.rf.a6bb707d26271cb256e8ae3bdd4b0667.jpg,416,416,1
train,00002_00002_00007_png.rf.95d976615df0e5724ae4377db80c7a02.jpg,416,416,1
train,00002_00002_00008_png.rf.6580275ed43c488a0a6f2ec414f169ac.jpg,416,416,1
train,00002_00002_00009_png.rf.97f5b306640fc21e0baaf1ee0ba37e1f.jpg,416,416,1
train,00002_00002_00024_png.rf.4bbe6ff2236059e6e735f54803937035.jpg,416,416,1
train,00002_00002_00025_png.rf.5a1da7a1387583ec7dd76e76355cf9ee.jpg,416,416,1
train,00002_00002_00027_png.rf.f172186e24972d4fc71910cfd6cbda67.jpg,416,416,1
train,00002_00003_00007_png.rf.1d48d83f8a03d5990b94b68cee17ccde.jpg,416,416,1
train,00002_00003_00013_png.rf.d2af12ccb82c4d5435036ca72f674390.jpg,416,416,1
train,00002_00004_00007_png.rf.cd5e96afe2b652a030e5ef35fcf8bf3f.jpg,416,416,1
train,00002_00004_00008_png.rf.d3d3aff1d50552c634069a29982b0efb.jpg,416,416,1
train,00002_00004_00009_png.rf.28d4023d6a30650352a0b115cfa95a1e.jpg,416,416,1
train,00002_00004_00027_png.rf.7810d0a91d17cf7c416ecf32c000fe94.jpg,416,416,1
train,00002_00004_00028_png.rf.d8e156bfde4d52938566cc9c19f8ed10.jpg,416,416,1
train,00002_00007_00010_png.rf.e79f52b479ea88fb8e4ea7045f496b11.jpg,416,416,1
train,00002_00007_00027_png.rf.1e2e3ba0af34d60602da5f95acc9a710.jpg,416,416,1
train,00002_00009_00016_png.rf.469ee4e8ee94d297d785f93d12b0425d.jpg,416,416,1
train,00002_00010_00023_png.rf.1c04e5920b35dd3ab0a3f16e32f4956b.jpg,416,416,1
train,00002_00010_00028_png.rf.2f04c2a51e2e44a0d65551b8fb429ae8.jpg,416,416,1
train,00002_00011_00027_png.rf.898a845cada48b2e6321663db3158774.jpg,416,416,1
train,00002_00012_00000_png.rf.321848c1e0987a25878bed989dfbaf4f.jpg,416,416,1
train,00002_00012_00007_png.rf.b948885d56c06856f86064d6dfd4ea9a.jpg,416,416,1
train,00002_00012_00008_png.rf.1bcbceda5f4bbc278976b4e2785308b7.jpg,416,416,1
train,00002_00013_00001_png.rf.ecf68b44086dd9d84c4cc5188e5a9e45.jpg,416,416,1
train,00002_00013_00003_png.rf.986910da3276d15262455c989d36b3d3.jpg,416,416,1
train,00002_00013_00009_png.rf.38f65d49a08ea21c030f07d6237cfb82.jpg,416,416,1
train,00002_00013_00022_png.rf.427824ef8030735b143d6d5c2d5d8fbc.jpg,416,416,1
train,00002_00013_00024_png.rf.3b0f35f72aaabade49971768893f9e89.jpg,416,416,1
train,00002_00015_00003_png.rf.266e7c4bab5686457c504cea6b5e7805.jpg,416,416,1
train,00002_00015_00004_png.rf.786008969d0aa3d8fb7cc504dc511121.jpg,416,416,1
train,00002_00015_00005_png.rf.42fb7d68042c257d8b02cee5091cff25.jpg,416,416,1
train,00002_00015_00018_png.rf.fa0e60819858633544f0279c3f7f43e3.jpg,416,416,1
train,00002_00015_00019_png.rf.8592cb361e57f15d03325df443314d56.jpg,416,416,1
train,00002_00015_00028_png.rf.ac59ecad3b803856013c9cf03c12740b.jpg,416,416,1
train,00002_00015_00029_png.rf.be154f1e8fe0ec11284c27758049b7ad.jpg,416,416,1
train,00002_00016_00001_png.rf.792206ebf4286266e26579a8fc47971c.jpg,416,416,1
train,00002_00016_00003_png.rf.0da2e21c0898dbf9a9dec4eb37f88feb.jpg,416,416,1
train,00002_00016_00004_png.rf.1684c91ca5a6377525c28c068c6ce6c5.jpg,416,416,1
train,00002_00016_00014_png.rf.76cec054b8b24278618635cc51f7805a.jpg,416,416,1
train,00002_00016_00015_png.rf.cb4a276de420b8d44af77cc530106224.jpg,416,416,1
train,00002_00016_00016_png.rf.b730dcaf6ded28faf052b66502cbe540.jpg,416,416,1
train,00002_00016_00020_png.rf.ccf31191193a599c3eb9c6b3dcd7cda3.jpg,416,416,1
train,00002_00016_00026_png.rf.54f589854cc18c542ef69400d2c60e2a.jpg,416,416,1
train,00002_00016_00028_png.rf.5e84865af6c0e84d83c0280e98d3e89f.jpg,416,416,1
train,00002_00017_00006_png.rf.15bd59797b596058701d708a51a9d75d.jpg,416,416,1
train,00002_00017_00008_png.rf.958d92ad47742185bf2850483fb42da9.jpg,416,416,1
train,00002_00017_00019_png.rf.eda756219bda1c6a75f9a6bac5c7673c.jpg,416,416,1
train,00002_00017_00022_png.rf.f84dc120cd8db1afadd3ba1ac1fc821f.jpg,416,416,1
train,00002_00017_00025_png.rf.7af52ae4e09245992e13907edd7a8e29.jpg,416,416,1
train,00002_00017_00027_png.rf.7b965be8dd793ad02993f29327426f6a.jpg,416,416,1
train,00002_00020_00006_png.rf.4a439fdd52397316410d6403d4264f1a.jpg,416,416,1
train,00002_00022_00011_png.rf.c25d85bdb8b3fed6d4f6ef4ef8608bfd.jpg,416,416,1
train,00002_00022_00012_png.rf.38d63da662f76d3e03fd8d5829054fc5.jpg,416,416,1
train,00002_00024_00019_png.rf.1b1a095556abf17ee822a1ba78f4f077.jpg,416,416,1
train,00002_00024_00029_png.rf.040b1ec6f96d2fc40878e8cfd80fd000.jpg,416,416,1
train,00002_00025_00000_png.rf.ac7b803ffa0d3af04b71128128ac3ca5.jpg,416,416,1
train,00002_00025_00010_png.rf.06f562d1ab248b3132808a317bc6dad2.jpg,416,416,1
train,00002_00025_00026_png.rf.7ccb38dda0d1e17b5edb18f1d89aead9.jpg,416,416,1
train,00002_00025_00027_png.rf.6db3893db223f85dfa19073d7772db82.jpg,416,416,1
train,00002_00025_00028_png.rf.58a35692ef6c8793dda1db3d0217ada4.jpg,416,416,1
train,00002_00026_00000_png.rf.85c459184b9aee7e5a8e1822ca3b3eb4.jpg,416,416,1
train,00002_00027_00008_png.rf.0fa9f26222d0fa9fa1e55962ded06a6f.jpg,416,416,1
train,00002_00027_00009_png.rf.259f6d76686eb95f2e50519ed71f7f49.jpg,416,416,1
train,00002_00027_00011_png.rf.cccf4b8bb6114585ca34cf2f3ed4c185.jpg,416,416,1
train,00002_00027_00012_png.rf.6b93ab3809601f36da06e4bda6a20b50.jpg,416,416,1
train,00002_00027_00020_png.rf.10e1c930d3ba38cc22efc01f79a096ed.jpg,416,416,1
train,00002_00027_00021_png.rf.ba5a1f52cdba70578f87397d09ec20de.jpg,416,416,1
train,00002_00027_00022_png.rf.a040d63252da275fec444e815d5fd9d8.jpg,416,416,1
train,00002_00028_00014_png.rf.219a8e946ca55b3b8ffcf50035f96276.jpg,416,416,1
train,00002_00028_00015_png.rf.b868c912207539cf47f9b039fc452f47.jpg,416,416,1
train,00002_00028_00016_png.rf.068627134304a084e34a476553013600.jpg,416,416,1
train,00002_00029_00003_png.rf.b661de5693ac0c8b38328b0dcb472e7f.jpg,416,416,1
train,00002_00029_00004_png.rf.13e9ebf18d104d62a0f3a9df3ee6ebe3.jpg,416,416,1
train,00002_00029_00006_png.rf.a944cc2fd5cd2c2ebaf200f2d886746e.jpg,416,416,1
train,00002_00029_00019_png.rf.52ea0bf11d8c0edbde75c8ec1fe7a045.jpg,416,416,1
train,00002_00030_00006_png.rf.dba50e537298c2efb9fb86642f0517de.jpg,416,416,1
train,00002_00031_00006_png.rf.97a98beb4e98eafe925b798aa005f1fd.jpg,416,416,1
train,00002_00031_00008_png.rf.73f6cfced51be94f86b1f608137b657c.jpg,416,416,1
train,00002_00031_00009_png.rf.504a0f0477022ed27e82b97e0e2c7013.jpg,416,416,1
train,00002_00031_00027_png.rf.b5e1f9b08342dc2985c0e450ab08407a.jpg,416,416,1
train,00002_00031_00029_png.rf.707b6fa7ae032b5a41ef340fd1d7dc11.jpg,416,416,1
train,00002_00033_00005_png.rf.9b2335bb690224eff5f8b66f6c9a455b.jpg,416,416,1
train,00002_00033_00011_png.rf.ac3fca5f39c6816e5cc910b1eee492da.jpg,416,416,1
train,00002_00033_00012_png.rf.0469c3586a6ca0939030f9e6655976e6.jpg,416,416,1
train,00002_00034_00004_png.rf.f6c305ffa37d82e729c15156ffbeee9b.jpg,416,416,1
train,00002_00034_00015_png.rf.b8ffb37db8efbcc3bfd8fd35c33f8d82.jpg,416,416,1
train,00002_00036_00029_png.rf.e545dd4820ab52be05b8873f80436e33.jpg,416,416,1
train,00002_00049_00025_png.rf.ab77ee9eed117794bf85f33a87a7b45e.jpg,416,416,1
train,00002_00049_00027_png.rf.a931c3aec307d0a78666c5ad61674e15.jpg,416,416,1
train,00002_00050_00021_png.rf.c081af2cace5ec56945a8f1ad0d6626b.jpg,416,416,1
train,00002_00050_00022_png.rf.e7feed5627b31854b0aac123514a3266.jpg,416,416,1
train,00002_00050_00023_png.rf.59fb779aecc407830ccbd22d61c6ba75.jpg,416,416,1
train,00002_00050_00024_png.rf.63595788169ab671b61760fc81dce213.jpg,416,416,1
train,00002_00050_00025_png.rf.ef5bd41ccd66901cb445d35e6ffe47b2.jpg,416,416,1
train,00002_00051_00003_png.rf.04cd7ec82a66b837e7d55f305ee139fa.jpg,416,416,1
train,00002_00053_00017_png.rf.6608024857d61821ac9cae33b3ec5e7c.jpg,416,416,1
train,00002_00053_00026_png.rf.221dc926015339f63e7f90cc18d727f0.jpg,416,416,1
train,00002_00054_00025_png.rf.5d46ceb8bd9f3116312213657feafe3c.jpg,416,416,1
train,00002_00054_00026_png.rf.164bfc1c399ad230be21ef59195aab0b.jpg,416,416,1
train,00002_00056_00000_png.rf.ea6a55d9029f3f0ea228f5fc0b9dc8c6.jpg,416,416,1
train,00002_00056_00027_png.rf.34f167defb5779ae8dba2db3efc17e0f.jpg,416,416,1
train,00002_00056_00028_png.rf.3394e78a749bf80fff6e8d7487fca7bd.jpg,416,416,1
train,00002_00057_00022_png.rf.2343b943a8447ad2ee6e0e451e014014.jpg,416,416,1
train,00002_00057_00024_png.rf.21f08c33703f9a477e6b47acd2d956f1.jpg,416,416,1
train,00002_00062_00006_png.rf.8d388289889b7181835fe6ab8fdc529e.jpg,416,416,1
train,00002_00062_00008_png.rf.fe4308702334cb45f978d577239e9a4c.jpg,416,416,1
train,00002_00062_00025_png.rf.8e4b199060968372db1fd0506a54c43c.jpg,416,416,1
train,00002_00062_00026_png.rf.f50be12a810759034a710c6370b535fd.jpg,416,416,1
train,00002_00064_00021_png.rf.dad76399e418bf54a5066d33b6341b64.jpg,416,416,1
train,00002_00064_00023_png.rf.aa69429380e7bd4cc3fdb7f27c94b8b6.jpg,416,416,1
train,00002_00065_00003_png.rf.8eb51d18c2a9893376fb8d28169d8871.jpg,416,416,1
train,00002_00067_00001_png.rf.4902a8284ad78cad3c2430be3de2e751.jpg,416,416,1
train,00002_00067_00002_png.rf.6c19cb4e28e2a32469c646dd24a002d3.jpg,416,416,1
train,00002_00067_00003_png.rf.08f41453513e0485cb1d347128305e4e.jpg,416,416,1
train,000030_jpg.rf.2c00544ab677b630803f26e5467429f5.jpg,416,416,1
train,000031_jpg.rf.181b36b2f23c14d8e9466b6a534fbc92.jpg,416,416,1
train,000032_jpg.rf.a4642c73ba26034b3290b3a09fd349b8.jpg,416,416,1
train,000033_jpg.rf.ea40c61e5cc0308dca90b49d2e68dba7.jpg,416,416,1
train,000034_jpg.rf.4242a19adf50dad96934529840ef1b97.jpg,416,416,1
train,000035_jpg.rf.75728095104adfcb825f6fab1cdabf35.jpg,416,416,1
train,000036_jpg.rf.7f3c9a730b8779c510dae791972c100f.jpg,416,416,1
train,000037_jpg.rf.b1ebd46ac0be53b48e89c1d33adb6bea.jpg,416,416,1
train,000038_jpg.rf.0b1d0c79f8ddc0e3f6a57bcfb44be6a2.jpg,416,416,1
train,000039_jpg.rf.0e5c2055ee7a80534343c1175bd19c56.jpg,416,416,1
train,00003_00000_00019_png.rf.18be5f736e2ea190cd3ac5bf93055e05.jpg,416,416,1
train,00003_00001_00008_png.rf.53167c2b3dba6e67c4caad5370af5797.jpg,416,416,1
train,00003_00001_00019_png.rf.f9175bfac76652be03c32860cd3e2e65.jpg,416,416,1
train,00003_00002_00011_png.rf.16379255571657a93b9231292aa0047f.jpg,416,416,1
train,00003_00002_00012_png.rf.70174af795232774a4ccdf1145804c38.jpg,416,416,1
train,00003_00002_00019_png.rf.459650aaf878b1f0c0b99b44f60841e5.jpg,416,416,1
train,00003_00003_00005_png.rf.81655f27a6cd029f296ea2811ec5a3f4.jpg,416,416,1
train,00003_00003_00006_png.rf.d215a6c21f203b9a2f26f80b934c6148.jpg,416,416,1
train,00003_00003_00007_png.rf.a9cec6d0b9dc22349353a4e2954e27e3.jpg,416,416,1
train,00003_00003_00009_png.rf.b2ea28354c46253f5206b868ac433aa8.jpg,416,416,1
train,00003_00003_00010_png.rf.e84db7f42e1a5512e2f141d064f77b6a.jpg,416,416,1
train,00003_00003_00018_png.rf.b77b1f749adb2f379322e7d46e621d8e.jpg,416,416,1
train,00003_00003_00021_png.rf.147e2d740ccb9f274c29109784db9a72.jpg,416,416,1
train,00003_00004_00001_png.rf.86d3ebebc67f0e19d2159f9d26881df8.jpg,416,416,1
train,00003_00004_00008_png.rf.97fdbdebc3c5018edf817a8e0ba9b740.jpg,416,416,1
train,00003_00004_00009_png.rf.b57ebd2dab7a0f6e80bedd059567f9cf.jpg,416,416,1
train,00003_00004_00011_png.rf.02fdd7a1374105210da81fe575b05bf4.jpg,416,416,1
train,00003_00004_00013_png.rf.02938e16b757d241e692b6a970dc14e4.jpg,416,416,1
train,00003_00004_00019_png.rf.54f85223b82e8b33cb5e05e2cb7b05a9.jpg,416,416,1
train,00003_00004_00023_png.rf.3c792db136faaee6d03742e43d223c49.jpg,416,416,1
train,00003_00005_00002_png.rf.390aef1ea1cfb9911461341d2f6a1eb9.jpg,416,416,1
train,00003_00005_00011_png.rf.4df2eec60ccd67855007e7b7616d81b3.jpg,416,416,1
train,00003_00005_00013_png.rf.76d35da23080e3131cc2ae0d6472335d.jpg,416,416,1
train,00003_00006_00005_png.rf.74823c1230af30f8af965f42ddeb0174.jpg,416,416,1
train,00003_00006_00008_png.rf.3259e7c1309003531bce3a413aca51be.jpg,416,416,1
train,00003_00007_00012_png.rf.27878135aeddf0829ebb97ee211b8d79.jpg,416,416,1
train,00003_00007_00013_png.rf.6af48ebb5923a1656b2c2a8c4468ab28.jpg,416,416,1
train,00003_00007_00014_png.rf.a557329f11234b8446f5701592c38102.jpg,416,416,1
train,00003_00007_00015_png.rf.44d1e709b1414cafce5d132db99ed86c.jpg,416,416,1
train,00003_00007_00017_png.rf.b857f70bf781048810fa57f4c552ea15.jpg,416,416,1
train,00003_00008_00004_png.rf.655f24b839701fb9cfb3bfb182e5247a.jpg,416,416,1
train,00003_00008_00015_png.rf.0ca36ec0a69a19c77209405fbf717da5.jpg,416,416,1
train,00003_00009_00028_png.rf.24cf2818d01ca4bbd7400153653aba4c.jpg,416,416,1
train,00003_00010_00004_png.rf.8675bca14a6b98d832edf23e478b18ea.jpg,416,416,1
train,00003_00010_00006_png.rf.7297d07668cfbb2bff8835c5150c87d9.jpg,416,416,1
train,00003_00010_00011_png.rf.62c05f52de62661fea1046edc35a71fc.jpg,416,416,1
train,00003_00010_00016_png.rf.ab63e6893aa5cbe0d8813dcda58058be.jpg,416,416,1
train,00003_00010_00020_png.rf.5c91ecaf2c6ebd539536b20abf3e3f80.jpg,416,416,1
train,00003_00012_00018_png.rf.8578197f045fc0f6d54ecf94407ba7c7.jpg,416,416,1
train,00003_00013_00013_png.rf.692e7338199c26504df44642685a1866.jpg,416,416,1
train,00003_00013_00024_png.rf.6870fd35e68d0ae0e18ac9dbebe56a0a.jpg,416,416,1
train,00003_00014_00016_png.rf.14a4801681e8c8efece5d5630402cd3a.jpg,416,416,1
train,00003_00014_00026_png.rf.c88df2ca04a7f2b86c0305a68335dd05.jpg,416,416,1
train,00003_00018_00007_png.rf.61d34c7c3639ba73cc355b051df3713b.jpg,416,416,1
train,00003_00018_00019_png.rf.0f83e78cb3196acaf673d92528fcbcb5.jpg,416,416,1
train,00003_00018_00022_png.rf.732e6d3ec414dbcaafc098598206b944.jpg,416,416,1
train,00003_00018_00023_png.rf.c69aa27687fe299641bd1e416efcfd84.jpg,416,416,1
train,00003_00019_00000_png.rf.1e49a71ece06bd480e4591e5eaa4d4f2.jpg,416,416,1
train,00003_00019_00003_png.rf.4313f67c14b91975c59ea6d645db1e4b.jpg,416,416,1
train,00003_00020_00009_png.rf.83a8500ea8b7dc8d2bdde8b8e745f7f2.jpg,416,416,1
train,00003_00020_00010_png.rf.0a893988686b9e49358d8e891a603fb8.jpg,416,416,1
train,00003_00021_00026_png.rf.4e5759cbe4d7a5120d143286fb2a5eb4.jpg,416,416,1
train,00003_00022_00005_png.rf.54b3466b3c1302828b4b3146085d206c.jpg,416,416,1
train,00003_00022_00006_png.rf.b4570f4390988ec38e84c60b13767602.jpg,416,416,1
train,00003_00023_00009_png.rf.17d378286bc71899bbb1eeaacb91962f.jpg,416,416,1
train,00003_00023_00010_png.rf.a6226572b3832a79eaffc015254411f0.jpg,416,416,1
train,00003_00023_00021_png.rf.1c2c5498d670b7dc9a7d914ca921b009.jpg,416,416,1
train,00003_00026_00023_png.rf.eeefeed84192c760a1ec46fa1b3cd0e2.jpg,416,416,1
train,00003_00027_00003_png.rf.231330e0a4bf181a4aaf60cd583e6a73.jpg,416,416,1
train,00003_00027_00014_png.rf.38a95de9d7fd0d4227fd8f17a01ba8d5.jpg,416,416,1
train,00003_00027_00015_png.rf.c9c5748cd4e088b72bac3142c4ce1899.jpg,416,416,1
train,00003_00027_00026_png.rf.e21809228d68411b4b0c73ba17bc9b7f.jpg,416,416,1
train,00003_00028_00011_png.rf.407ff49693f0d71afcad88ae23ce09a5.jpg,416,416,1
train,00003_00028_00012_png.rf.7223c385e27d552fec98a2073bf93fe5.jpg,416,416,1
train,00003_00028_00015_png.rf.b6052db6f77ecc2cc5fff2ae76027725.jpg,416,416,1
train,00003_00028_00026_png.rf.697db977e629bac9fdb7f3edd2c8e0dd.jpg,416,416,1
train,00003_00029_00017_png.rf.c14cc1ad0e4ffb359ba1b1f74afdd978.jpg,416,416,1
train,00003_00030_00010_png.rf.50be294e286a2970ff5604af5efdd7e0.jpg,416,416,1
train,00003_00030_00020_png.rf.f546d09f3148e103d36710b57fa513d3.jpg,416,416,1
train,00003_00031_00012_png.rf.27457c0f721943d2597fe0b3de19f7b6.jpg,416,416,1
train,00003_00031_00023_png.rf.bd30bc40f115b2eac24ec0ff1446e587.jpg,416,416,1
train,00003_00031_00024_png.rf.afc616d2bf2becb01cc7d430c8b9a086.jpg,416,416,1
train,00003_00032_00004_png.rf.593ff8fad90ac87ccdaef7671df903ee.jpg,416,416,1
train,00003_00032_00015_png.rf.f97484912bc4077f2bba9070eec5ef6c.jpg,416,416,1
train,00003_00034_00001_png.rf.8f744474e45b642172082ea099268e25.jpg,416,416,1
train,00003_00034_00006_png.rf.ab2d77e3cd97ae8b509355e8254353e8.jpg,416,416,1
train,00003_00034_00007_png.rf.985cc2a26aaca59321b5e8a8eddea3f1.jpg,416,416,1
train,00003_00034_00010_png.rf.bcd81aa5f8a51fb79a7d559a483b0bc5.jpg,416,416,1
train,00003_00034_00012_png.rf.8b146a96341197ebae5b3121f52c5e8f.jpg,416,416,1
train,00003_00034_00017_png.rf.aa17b99630a2b6f1e48cdee4b86538df.jpg,416,416,1
train,00003_00034_00020_png.rf.ae11a9d4be073923800c323edf3d643b.jpg,416,416,1
train,00003_00034_00022_png.rf.59e9cc8e03b936c80f2783a265c9f837.jpg,416,416,1
train,00003_00034_00023_png.rf.46e4f4361f63cda99bf205a6f887724e.jpg,416,416,1
train,00003_00035_00005_png.rf.237d6b8f4fd249c2f63290bf2f8376ff.jpg,416,416,1
train,00003_00035_00008_png.rf.e03cc21eb054653e5a93bdba13be9856.jpg,416,416,1
train,00003_00035_00009_png.rf.921f5a68589a0a3bd810042bbb26502f.jpg,416,416,1
train,00003_00035_00011_png.rf.06e4c7b63a4d073365ede1d6ff723e6e.jpg,416,416,1
train,00003_00035_00013_png.rf.451b2f4010224ac4e513a5c9e667cadf.jpg,416,416,1
train,00003_00035_00018_png.rf.caf6d26f0e016c573f88c3a3c7312f59.jpg,416,416,1
train,00003_00035_00023_png.rf.b52ba63024fb3d59cede06c1729f7829.jpg,416,416,1
train,00003_00035_00026_png.rf.d5b663d560db668808ae75a05e6e89e7.jpg,416,416,1
train,00003_00035_00028_png.rf.f086919130604e06cc988d4ee94313e5.jpg,416,416,1
train,00003_00035_00029_png.rf.b77af59de1b264c08771817af747ff00.jpg,416,416,1
train,00003_00036_00003_png.rf.8c08169faca656774ff47bb9c200055e.jpg,416,416,1
train,00003_00036_00004_png.rf.1b949e2dd9b77b3c5e38962eedbcdaaf.jpg,416,416,1
train,00003_00036_00005_png.rf.9e80c4ca03a93e4da8d25b1fd615b65e.jpg,416,416,1
train,00003_00036_00006_png.rf.ded0e14a7c96e900c8f57daf575f68ba.jpg,416,416,1
train,00003_00036_00008_png.rf.4c217d16edae62f64121c76a1e491d83.jpg,416,416,1
train,00003_00036_00008_png.rf.ce708a5866fc2293a107d8086ccdcec0.jpg,416,416,1
train,00003_00036_00009_png.rf.19a4b7096fa9b8a99fdcd496842f7bce.jpg,416,416,1
train,00003_00036_00010_png.rf.b8b89e43f987695de8e532e780753ffe.jpg,416,416,1
train,00003_00036_00014_png.rf.c38ca32c8fd449204818a39b58e5f954.jpg,416,416,1
train,00003_00036_00015_png.rf.0579c33b57edcf62ec4c4ca0bbeede43.jpg,416,416,1
train,00003_00036_00015_png.rf.e51b8e14f60bddf909ef195efd6fd167.jpg,416,416,1
train,00003_00036_00016_png.rf.89065c7f2f6f70de3900b07c63c45c2f.jpg,416,416,1
train,00003_00036_00026_png.rf.2c7acf48361f539968bc3f520804c47d.jpg,416,416,1
train,00003_00036_00027_png.rf.d54c4985953561cc498f1cd2d7f3225e.jpg,416,416,1
train,00003_00036_00029_png.rf.8c11ab8e113f96a978399345a2d228c4.jpg,416,416,1
train,00003_00037_00013_png.rf.a482ab0fb3a9d81bae53270c7e3bde7f.jpg,416,416,1
train,00003_00037_00023_png.rf.7fd6e3635fbb7fa9051df45081f12ab8.jpg,416,416,1
train,00003_00037_00024_png.rf.fede380f12a4bbc687d72d5c800c26ce.jpg,416,416,1
train,00003_00038_00004_png.rf.c08f6278565e6972458f511e54db0faa.jpg,416,416,1
train,00003_00038_00005_png.rf.93808239bbea7c5ec0f8fc4acec2e759.jpg,416,416,1
train,00003_00038_00016_png.rf.11d16b7d86912203b59da2baa62767e1.jpg,416,416,1
train,00003_00038_00026_png.rf.44eb6f87594da658045bf73d30e2b327.jpg,416,416,1
train,00003_00038_00027_png.rf.da1a47fa6b1eb6ae09ec6d3766a94b6b.jpg,416,416,1
train,00003_00039_00007_png.rf.c61aead90751bbd32e3bd02412ce2957.jpg,416,416,1
train,00003_00039_00008_png.rf.4b87ec653443f92b9b1bf9ca5fdf18fd.jpg,416,416,1
train,00003_00039_00018_png.rf.69d32ad3b9709e1f6b38889d1a6bfe74.jpg,416,416,1
train,00003_00039_00018_png.rf.98351f5e8429c723be1053e869df9222.jpg,416,416,1
train,00003_00039_00029_png.rf.6386348c5a554e78f04ce26a3a8120f6.jpg,416,416,1
train,00003_00040_00006_png.rf.84aee3859d9597f524ef82be03901fbc.jpg,416,416,1
train,00003_00040_00016_png.rf.83749086fb5c86831f242a4ba0fa51a0.jpg,416,416,1
train,00003_00040_00017_png.rf.e2cdd351499dab0d6a91be5c874f9645.jpg,416,416,1
train,00003_00040_00018_png.rf.8c05efa7a3e807f2101680b91b86244d.jpg,416,416,1
train,00003_00040_00019_png.rf.48b6c70ada0b4bda0e8f034aff150621.jpg,416,416,1
train,00003_00042_00015_png.rf.b28d6b82b7f3b2ca8eb2c84f920be29f.jpg,416,416,1
train,00003_00042_00028_png.rf.b1e3a4f1b1551a07baf4fb226344438a.jpg,416,416,1
train,00003_00043_00008_png.rf.60776ae814ce7de3eb9c1e931574fe1f.jpg,416,416,1
train,00003_00043_00010_png.rf.ff033ef437748b1114277284314ebfd2.jpg,416,416,1
train,00003_00043_00014_png.rf.23f6fc2e0c3f56b99e4df96ec476ef36.jpg,416,416,1
train,00003_00043_00019_png.rf.592abdaa35a0276255a0e6f709336527.jpg,416,416,1
train,00003_00043_00022_png.rf.247a873e256ad5177319217f19c7e2ac.jpg,416,416,1
train,00003_00043_00027_png.rf.8a7b85c1636362023b86268041ff0cb3.jpg,416,416,1
train,00003_00043_00029_png.rf.799681e1f06b963d3313676cfd878a61.jpg,416,416,1
train,00003_00044_00006_png.rf.17af33e1e94cfa92a79c802ab80239e0.jpg,416,416,1
train,00003_00044_00010_png.rf.b90df2847b78876637e8f8802a571ae1.jpg,416,416,1
train,00003_00044_00013_png.rf.cdff2749d813d7f1ad6109ff4dc92bca.jpg,416,416,1
train,00003_00044_00014_png.rf.b1f88ca97e1ab3c28b9d6fb232fa27b1.jpg,416,416,1
train,00003_00044_00015_png.rf.b69429c22300a0346a7998df6d4300f3.jpg,416,416,1
train,00003_00044_00016_png.rf.f39f9c7b69886756e85083d66caaa11c.jpg,416,416,1
train,00003_00044_00017_png.rf.69fd5018e1a57f523a4e899888609644.jpg,416,416,1
train,00003_00044_00017_png.rf.ab022d79b4f6f4571376f1b096a8f51b.jpg,416,416,1
train,00003_00044_00018_png.rf.b3a58b25b0ae27a31fac5ffccd10d810.jpg,416,416,1
train,00003_00044_00026_png.rf.18c38df972c0cbcc687e99af61c7454a.jpg,416,416,1
train,00003_00045_00001_png.rf.9303f944ae94ca777cacc9e4463996ca.jpg,416,416,1
train,00003_00045_00007_png.rf.3d47139f413e593ee9fe67cb423911dc.jpg,416,416,1
train,00003_00045_00008_png.rf.bf5750fd4fbdcb97cf67324e5c8c00a9.jpg,416,416,1
train,00003_00045_00009_png.rf.745031bd120c0f68e7d08c08b88b418d.jpg,416,416,1
train,00003_00045_00011_png.rf.92b28fb900c2c6699bf628392abc92ef.jpg,416,416,1
train,00003_00045_00012_png.rf.2a9dcf0588c029f60bd4415196f50266.jpg,416,416,1
train,00003_00045_00013_png.rf.1a892172d2fdf44351b89a0474a981c9.jpg,416,416,1
train,00003_00045_00014_png.rf.ffb0e651911c3c87a214eb5a1b2a9768.jpg,416,416,1
train,00003_00045_00015_png.rf.943d72c73dfcea808f25dc63a50d735d.jpg,416,416,1
train,00003_00045_00016_png.rf.0bf7237eff4b114eae66e887a0e00681.jpg,416,416,1
train,00003_00045_00017_png.rf.838d271736dfbfbc1e37879d68cba510.jpg,416,416,1
train,00003_00045_00018_png.rf.5db1140027d6df8ae66018517683031b.jpg,416,416,1
train,00003_00045_00020_png.rf.041e52d020ede6c8e2ce0a528d25476f.jpg,416,416,1
train,00003_00045_00021_png.rf.b46fc5ddef20eb8480d9b4137a64f519.jpg,416,416,1
train,00003_00045_00025_png.rf.55bc7f4d3767148ae2ffe45acfff47fd.jpg,416,416,1
train,00003_00046_00010_png.rf.09571ce224506e9317485a0a46f601e5.jpg,416,416,1
train,00003_00046_00013_png.rf.4ef6073c1b34b3c39588e61bea37148d.jpg,416,416,1
train,00003_00046_00014_png.rf.2e6005d2d00bc140d198c8cecc0959e5.jpg,416,416,1
train,00003_00046_00017_png.rf.593a454d88fc748176d9b0368b1f95f4.jpg,416,416,1
train,00003_00046_00018_png.rf.6f98e2e788e2785bd3abd2f9c3970c7d.jpg,416,416,1
train,00003_00046_00020_png.rf.cc235a6543d3e72ff231e944f0a695c7.jpg,416,416,1
train,00003_00046_00022_png.rf.b7c32f4eba779be681d081fe3a2bc318.jpg,416,416,1
train,00003_00046_00023_png.rf.3d15547add22a4490fa1a6f564eacb64.jpg,416,416,1
train,00003_00046_00024_png.rf.8eafd021da1f030c9e16bce1816e2681.jpg,416,416,1
train,00003_00046_00025_png.rf.8f377bc8c6e470a2a995a9c637ef8211.jpg,416,416,1
train,00003_00046_00027_png.rf.ede7b2ca375db523ccc2646c882193c4.jpg,416,416,1
train,000040_jpg.rf.d3a27d760312c25293ab8d4c58eed9dd.jpg,416,416,1
train,000042_jpg.rf.389d4976e8aa5539659017ab891a0a81.jpg,416,416,1
train,000043_jpg.rf.32d24455965176129e328b8ad5dfd9b3.jpg,416,416,1
train,000045_jpg.rf.1afd96f22ffc3ce3e0ab174c0c7b24dd.jpg,416,416,1
train,000046_jpg.rf.a4a73ca460c0554b53202e99e05ba2bc.jpg,416,416,1
train,000048_jpg.rf.50b0d09800afe1a4a67163b835b16182.jpg,416,416,1
train,000049_jpg.rf.2500819b212236350c703f8887d30295.jpg,416,416,1
train,00004_00000_00006_png.rf.afcf8c5960a5948d6ed35dcf84b6405f.jpg,416,416,1
train,00004_00000_00010_png.rf.c918ebc2a2bb223ac6ba6181fa70e37d.jpg,416,416,1
train,00004_00000_00019_png.rf.3f6bd0b7ab904d3619bf740cb29f8bde.jpg,416,416,1
train,00004_00000_00021_png.rf.b3df4e49e8a3c3523b32e9626891cd10.jpg,416,416,1
train,00004_00001_00005_png.rf.66b90e723f030966a1897996ad363cb4.jpg,416,416,1
train,00004_00001_00008_png.rf.84a037c2a6362cd3b67f6afcb0376650.jpg,416,416,1
train,00004_00001_00017_png.rf.dcf7b7913f965df7eb4a23cfd87cdbf1.jpg,416,416,1
train,00004_00002_00003_png.rf.0a0cb8d124e342f13f346859b48da6cc.jpg,416,416,1
train,00004_00002_00012_png.rf.78add390de86d7b0b7ac76a4f738b033.jpg,416,416,1
train,00004_00003_00017_png.rf.6a708e495c1fb34cd842be34c71ce5c9.jpg,416,416,1
train,00004_00003_00026_png.rf.e41ca56b1aaa966fb4b6a10453bebaa9.jpg,416,416,1
train,00004_00004_00018_png.rf.425ae8fe898b851cde920641405fdd03.jpg,416,416,1
train,00004_00004_00029_png.rf.518ac87a8c005a9dfe381b46b583a352.jpg,416,416,1
train,00004_00006_00001_png.rf.a76738cbe638e5dbcbd7a7cb5a8543ae.jpg,416,416,1
train,00004_00006_00003_png.rf.7f7729751a07ac0bd15d4417717763b7.jpg,416,416,1
train,00004_00006_00025_png.rf.a9624c38518e937eb86e2afa22ae142e.jpg,416,416,1
train,00004_00007_00008_png.rf.8bfdc4d9d975ce809b5fddb920a150d5.jpg,416,416,1
train,00004_00007_00018_png.rf.961ba2621b9d97fe7cdddb823cbbdc92.jpg,416,416,1
train,00004_00010_00008_png.rf.4a331dc02c1b1051c7aa3ed16b0fb137.jpg,416,416,1
train,00004_00010_00019_png.rf.911cb36ba85a431af4e8bec4b944cbec.jpg,416,416,1
train,00004_00011_00019_png.rf.125a72cc106e0843e13d28102a138bc5.jpg,416,416,1
train,00004_00011_00020_png.rf.7834a19a8c3d14d04d041ddf6ac1c157.jpg,416,416,1
train,00004_00012_00000_png.rf.ee720a6b531773fa0fccea80290804e4.jpg,416,416,1
train,00004_00012_00022_png.rf.edda85e558790625bfa6323e399445d7.jpg,416,416,1
train,00004_00014_00028_png.rf.5f089e939a5799480801a618a6f92516.jpg,416,416,1
train,00004_00015_00008_png.rf.53e1b4628bece4cc3ec12ec3ca38a287.jpg,416,416,1
train,00004_00015_00009_png.rf.ad2944d65b81cb15d5470db9ff24a00b.jpg,416,416,1
train,00004_00015_00011_png.rf.25ee50cdea36eedad5b04c71540937f1.jpg,416,416,1
train,00004_00015_00021_png.rf.a4b84e97104c628b4fbc81e1723bb3cd.jpg,416,416,1
train,00004_00015_00022_png.rf.8fb6ddef23ddac020d2c97a04b7df05b.jpg,416,416,1
train,00004_00016_00000_png.rf.2d40b0d74d44cfaf1d735ee4022fddd6.jpg,416,416,1
train,00004_00016_00012_png.rf.3bbebd115ec1b42bf460f3cb528cc2f7.jpg,416,416,1
train,00004_00016_00014_png.rf.8d0f44944957daddbc29635d1c001255.jpg,416,416,1
train,00004_00018_00008_png.rf.4dceb4d8c5613572062dceeadfb8395c.jpg,416,416,1
train,00004_00018_00009_png.rf.63998ccea0436f9964677e5f628c9f44.jpg,416,416,1
train,00004_00018_00011_png.rf.8d75d90b7f8570efb36da8dac2ef2671.jpg,416,416,1
train,00004_00019_00001_png.rf.2f2091557ee30e4e3089dcf593459394.jpg,416,416,1
train,00004_00019_00015_png.rf.10da121e1b5c9be7b3c931c4a73576c7.jpg,416,416,1
train,00004_00020_00014_png.rf.11689549e1b520c9cbe08856d327ae47.jpg,416,416,1
train,00004_00020_00026_png.rf.b8baa377c3adc1e805e2c5a950bfee50.jpg,416,416,1
train,00004_00021_00007_png.rf.bdc35590a0735944b60342c412d8c9e1.jpg,416,416,1
train,00004_00021_00009_png.rf.5dbe63a3c8057fd60b8555b12d089004.jpg,416,416,1
train,00004_00021_00012_png.rf.653e7f12748ef51686f06e28e06dc797.jpg,416,416,1
train,00004_00021_00016_png.rf.a6ec6e254f10e7209ce04f098ea62c8c.jpg,416,416,1
train,00004_00021_00024_png.rf.23302000c1a0678609948e71670b041d.jpg,416,416,1
train,00004_00021_00029_png.rf.c27fed145e2ff518e62759fd7bc3bad8.jpg,416,416,1
train,00004_00022_00002_png.rf.069c1f6c9e085553d504eaae739eeec3.jpg,416,416,1
train,00004_00022_00004_png.rf.4adbcdeb114ed5134cd3f4f92db5abaf.jpg,416,416,1
train,00004_00022_00005_png.rf.9b0082f5d82e242c40315651b393845e.jpg,416,416,1
train,00004_00022_00007_png.rf.278b1a952eb89cb733bf87e3eee9681b.jpg,416,416,1
train,00004_00022_00013_png.rf.c1ba50f061950a09d84d5cfbd1084326.jpg,416,416,1
train,00004_00022_00015_png.rf.020f10b01784f574c3bb69c5d5d3545b.jpg,416,416,1
train,00004_00022_00017_png.rf.17e18db02afba976936f26d9501ec3b4.jpg,416,416,1
train,00004_00022_00021_png.rf.4b884229973465db2a971dde3e2de5ff.jpg,416,416,1
train,00004_00027_00002_png.rf.9f7c7df2fd58df0d5be4c4a630bfd940.jpg,416,416,1
train,00004_00029_00020_png.rf.c94d3133f2ba7420512ebc0a67e47938.jpg,416,416,1
train,00004_00029_00021_png.rf.21873fc48690e96f856dd1d511f5c47e.jpg,416,416,1
train,00004_00029_00025_png.rf.fbe6d29c1a92a4a6591ed02a34c3da56.jpg,416,416,1
train,00004_00030_00000_png.rf.b2ef1ed553fd89739bdf18933fe1d6c2.jpg,416,416,1
train,00004_00030_00001_png.rf.f99cce076297b692a1752d102bd36fdb.jpg,416,416,1
train,00004_00030_00006_png.rf.59f76083c8fe472a862250ef2327387d.jpg,416,416,1
train,00004_00030_00008_png.rf.ad797638ad917ff02299b309df0e031e.jpg,416,416,1
train,00004_00030_00009_png.rf.af668650884aa4b24cd2394777e30d12.jpg,416,416,1
train,00004_00030_00012_png.rf.c967c603669e0dc3aefff6de32ad3cd3.jpg,416,416,1
train,00004_00030_00014_png.rf.f3575823b50ce4158728680eba92819a.jpg,416,416,1
train,00004_00032_00008_png.rf.35b3051a98d8a3d749285daf21cd38f2.jpg,416,416,1
train,00004_00032_00011_png.rf.7656d0fbe91f3cd839bda68c9518dbb1.jpg,416,416,1
train,00004_00033_00001_png.rf.de63398c66037392921471cfc393c90a.jpg,416,416,1
train,00004_00033_00003_png.rf.c19f836deb28c732b7767526449f8ca8.jpg,416,416,1
train,00004_00033_00005_png.rf.85752332290e130b0c7f08047e59e34c.jpg,416,416,1
train,00004_00033_00007_png.rf.12a1b1af06ae7221a56eef2f99e0d623.jpg,416,416,1
train,00004_00033_00010_png.rf.14385a92db94d8047c5e785efeaf8426.jpg,416,416,1
train,00004_00033_00015_png.rf.571da9a30e09b8439f4ff086b778ca44.jpg,416,416,1
train,00004_00034_00004_png.rf.e598c61bc08c73b307bd60a2bd77fb3e.jpg,416,416,1
train,00004_00034_00005_png.rf.efd059950729a646e4f2212e42de0fa3.jpg,416,416,1
train,00004_00034_00006_png.rf.4e31cfd843461650033b92fecbd2f981.jpg,416,416,1
train,00004_00034_00008_png.rf.261a1ad1884348e4860a378131d578d1.jpg,416,416,1
train,00004_00034_00011_png.rf.2828d9b90a08f69f20d4fe5a94955d6c.jpg,416,416,1
train,00004_00034_00013_png.rf.d686f172b8abbc60eaeb192c379e8fe4.jpg,416,416,1
train,00004_00034_00015_png.rf.65a5cf00d997c11473fa6238b84e2451.jpg,416,416,1
train,00004_00034_00016_png.rf.b6a95040f0d687a69d1e38a18ef9ab41.jpg,416,416,1
train,00004_00034_00025_png.rf.0266206dc7929b23cb7cfe9c8833c0f9.jpg,416,416,1
train,00004_00035_00017_png.rf.6ee7b5f4dfad082d5fb02f55683f67c5.jpg,416,416,1
train,00004_00036_00001_png.rf.60c646a903a652fdd5f5fe63b5fab577.jpg,416,416,1
train,00004_00036_00003_png.rf.ffb59c0df3db470a10139ab1f5adb517.jpg,416,416,1
train,00004_00036_00004_png.rf.678ea834706a43eace5406ec4d231b1c.jpg,416,416,1
train,00004_00036_00007_png.rf.da9c9f8a89510f50c01a0b25f54226de.jpg,416,416,1
train,00004_00036_00009_png.rf.5b89de181623395f4fb699b2a285c045.jpg,416,416,1
train,00004_00036_00010_png.rf.0a57dc3183eaf2cde26b1f6ee3341015.jpg,416,416,1
train,00004_00036_00018_png.rf.c86d817259f0d5d30f560e0f6d4b2f5d.jpg,416,416,1
train,00004_00036_00023_png.rf.66e54306932ac50b0869e1f1884d248f.jpg,416,416,1
train,00004_00036_00024_png.rf.0c3598f58adfb8b9680bad6e6d6eff68.jpg,416,416,1
train,00004_00036_00025_png.rf.8481f91f0d416957186ca2e768bd9c04.jpg,416,416,1
train,00004_00036_00028_png.rf.bc6c2c7f1ca37e3147d0e084a748c55d.jpg,416,416,1
train,00004_00037_00008_png.rf.ee4a67b408fc1ad09b5aab2cc2225174.jpg,416,416,1
train,00004_00037_00009_png.rf.541e8e75a77c22e313b30a6bb780557e.jpg,416,416,1
train,00004_00037_00017_png.rf.d1f49d9d931bfcf5df5cf54ad9b958bd.jpg,416,416,1
train,00004_00037_00021_png.rf.8a14c3d2a414d7beee517b0f3b006b94.jpg,416,416,1
train,00004_00038_00002_png.rf.33303fff3aa00a4f28b150c1d68fb5ca.jpg,416,416,1
train,00004_00038_00010_png.rf.ccb068d57bc46d80e2e13f92a9dffca7.jpg,416,416,1
train,00004_00038_00012_png.rf.5189445d51916c5b86cb2d140ba10c90.jpg,416,416,1
train,00004_00038_00013_png.rf.42f667b21e4e751130c2d7d49637a74e.jpg,416,416,1
train,00004_00038_00017_png.rf.15bf623425d3db8865bfe8d6c852a447.jpg,416,416,1
train,00004_00038_00019_png.rf.2e0ba634cba28485343b428a09576040.jpg,416,416,1
train,00004_00038_00022_png.rf.970bec08c26982be0ab768e68fa26f5d.jpg,416,416,1
train,00004_00038_00024_png.rf.957d78a04f2fee1df051d75c6ff38f3c.jpg,416,416,1
train,00004_00039_00004_png.rf.f11730265fe204660ae4d0f732db5fbc.jpg,416,416,1
train,00004_00039_00005_png.rf.97800c19c855d0e6d8fdaa3075c76ac5.jpg,416,416,1
train,00004_00039_00006_png.rf.9354b4fc52ba589d12c5570e3ceb2439.jpg,416,416,1
train,00004_00039_00014_png.rf.0d67e514ee945c199d6a274d688f39a7.jpg,416,416,1
train,00004_00039_00017_png.rf.1689bf79ff661f227491efc8c8fd5d30.jpg,416,416,1
train,00004_00039_00025_png.rf.55f8bed5f40307eb8795e37f90c25e4c.jpg,416,416,1
train,00004_00039_00027_png.rf.d056c6005e1f00bcde08368cb93e8db8.jpg,416,416,1
train,00004_00040_00007_png.rf.d7efe204f55f627a98558cd66c101b15.jpg,416,416,1
train,00004_00040_00009_png.rf.767982eb179e695ae9ffa7803dc28fb0.jpg,416,416,1
train,00004_00040_00019_png.rf.e4806f223485a3b285a0c5d2fd66491c.jpg,416,416,1
train,00004_00040_00020_png.rf.981105fe69ecb8e3f0e7048555afead0.jpg,416,416,1
train,00004_00042_00001_png.rf.d1f1b66e9d66d242564801be07693314.jpg,416,416,1
train,00004_00042_00012_png.rf.e68006348b5de8d15f5bf47b8bf94538.jpg,416,416,1
train,00004_00042_00023_png.rf.a61d6340e4709b63d72c441d6b88264e.jpg,416,416,1
train,00004_00043_00014_png.rf.7fc774d6a4a97c733c2edd022b95df18.jpg,416,416,1
train,00004_00043_00015_png.rf.d3fb726da770cee904aca8d0a4f1a553.jpg,416,416,1
train,00004_00043_00016_png.rf.cfd8f69733bcad0a91b63d035552deb8.jpg,416,416,1
train,00004_00043_00018_png.rf.1395220f3e929cca6e266bb6f0d3a5be.jpg,416,416,1
train,00004_00043_00019_png.rf.0b7302aec840460aca3a6014dfb7821a.jpg,416,416,1
train,00004_00043_00027_png.rf.b29354c6eba23dd2070a1085303cc853.jpg,416,416,1
train,00004_00044_00013_png.rf.ae0179b2544ade189ccdad251572a62b.jpg,416,416,1
train,00004_00044_00019_png.rf.21efb67bf0f02020b82379b79daf32cd.jpg,416,416,1
train,00004_00044_00020_png.rf.0fc993868d47688fd1f3fe01cb383aa7.jpg,416,416,1
train,00004_00044_00022_png.rf.eb3fb8a534f22d8219ff7e6187e4f7a5.jpg,416,416,1
train,00004_00044_00024_png.rf.a7dd5b9ca33e336624a90c63d5ded35f.jpg,416,416,1
train,00004_00044_00026_png.rf.e347f4de44d83b84f1c2ec84425bc52f.jpg,416,416,1
train,00004_00046_00001_png.rf.ef1fa18edac20b86844a7feac57b0c8a.jpg,416,416,1
train,00004_00046_00003_png.rf.7e58451d1b55547109376375a50ea4b5.jpg,416,416,1
train,00004_00046_00012_png.rf.1932343ddebc8579dc589bf427371f58.jpg,416,416,1
train,00004_00046_00014_png.rf.37ea3cdba559a1d14532f31aba29a161.jpg,416,416,1
train,00004_00046_00024_png.rf.17a38afffe20b8bc9edc7e99842a8ca9.jpg,416,416,1
train,00004_00046_00025_png.rf.587abc4d0f00b3d6463244ceecdd86e6.jpg,416,416,1
train,00004_00047_00010_png.rf.565a525998310ef9a49a84b30365b606.jpg,416,416,1
train,00004_00047_00012_png.rf.5cd6f48dc9621cd830b2fe921780ff19.jpg,416,416,1
train,00004_00047_00022_png.rf.01fa3cd18f2089b5091497cccf44e21e.jpg,416,416,1
train,00004_00047_00023_png.rf.b8ca033b3eb4b38bdee942c6dc21689d.jpg,416,416,1
train,00004_00047_00024_png.rf.0a240e434fb0524248fcaca1a6d7f1df.jpg,416,416,1
train,00004_00048_00024_png.rf.829a9f7605a7b6a25010e3da1c41227d.jpg,416,416,1
train,00004_00049_00005_png.rf.78d9d80f40b0be5bf32b12d78e2beb43.jpg,416,416,1
train,00004_00049_00016_png.rf.958ca268ebaba7e849da2efbd3640f95.jpg,416,416,1
train,00004_00049_00017_png.rf.2d7930dd324524b20fbac7e1955d46f5.jpg,416,416,1
train,00004_00049_00018_png.rf.94c8bd03df3180b8e9c530216742fdd2.jpg,416,416,1
train,00004_00050_00008_png.rf.1c9d1c1a1134467a54bd42a94d12f87a.jpg,416,416,1
train,00004_00050_00009_png.rf.f14f28029675e4945b8351c5e0066b68.jpg,416,416,1
train,00004_00050_00010_png.rf.7b5f0414132ca6651652422c049a7f96.jpg,416,416,1
train,00004_00050_00011_png.rf.3379c3928524ecf780c18a1820210ee5.jpg,416,416,1
train,00004_00050_00019_png.rf.7a01a839bad9075d5c8922f4f8920042.jpg,416,416,1
train,00004_00051_00012_png.rf.09904f9860a98aebf88e9d63af991d18.jpg,416,416,1
train,00004_00051_00013_png.rf.2848489e17ab8f4b159819c114ef83a8.jpg,416,416,1
train,00004_00051_00014_png.rf.548b2655c6500a17ff3dd07df9dc1e20.jpg,416,416,1
train,00004_00051_00024_png.rf.e383682e4f845a8cbd7531e459812f1e.jpg,416,416,1
train,00004_00051_00025_png.rf.d62fc406ba287d555c3812ced309df9f.jpg,416,416,1
train,00004_00052_00005_png.rf.035a69797f3bab3eeaeb9b648b2af5fe.jpg,416,416,1
train,00004_00052_00007_png.rf.0b4f26490b5b3ea8af4b73064fbcac5b.jpg,416,416,1
train,00004_00052_00008_png.rf.2039a3502e2b8dee415d7cd040d5a9a5.jpg,416,416,1
train,00004_00052_00015_png.rf.fc7bc932b1a01af25f6633afa51a4966.jpg,416,416,1
train,00004_00052_00017_png.rf.b05f89f7405e1662c433c4157ab30e04.jpg,416,416,1
train,00004_00052_00018_png.rf.6b8ef1b86d5ded7a8fd63725e86ad012.jpg,416,416,1
train,00004_00053_00027_png.rf.376045f30a6445be8b16208040d052ad.jpg,416,416,1
train,00004_00055_00000_png.rf.7b546e943c34479eb7760da313b6d9d8.jpg,416,416,1
train,00004_00056_00028_png.rf.2277b31575620cf6b540c211312369f9.jpg,416,416,1
train,00004_00057_00009_png.rf.d2e96559e8acce35d5530de9ce4553ef.jpg,416,416,1
train,00004_00057_00010_png.rf.5759d03cef61cd079ba0ed1e6f37bc02.jpg,416,416,1
train,00004_00057_00020_png.rf.99f1b2f07cc493a65a0f7e5c267bd7ca.jpg,416,416,1
train,00004_00057_00022_png.rf.be524c2fe1a2fe45ca9458e339335a89.jpg,416,416,1
train,00004_00057_00023_png.rf.7838b6560f3942342b5adcc79dd7ea60.jpg,416,416,1
train,00004_00059_00000_png.rf.ff0444aa384cc6e9ef1383f17de24a61.jpg,416,416,1
train,00004_00059_00001_png.rf.a7c61e9e1d2c1e1617e379b07411a8cc.jpg,416,416,1
train,00004_00059_00006_png.rf.f68af6b7678180abe06a75666e4b59c3.jpg,416,416,1
train,00004_00059_00007_png.rf.9fbe4fe8387c408bb81f3a9fcf67314a.jpg,416,416,1
train,00004_00059_00019_png.rf.6bd94ce764502426dead721f2ee4e40f.jpg,416,416,1
train,00004_00059_00025_png.rf.973140cdac63393a081c5669bf280e9c.jpg,416,416,1
train,00004_00059_00027_png.rf.052327280dc92c5eda88e227b44b1b5d.jpg,416,416,1
train,00004_00060_00007_png.rf.bd6adb6790013879cda4cb2e377b896a.jpg,416,416,1
train,00004_00060_00009_png.rf.b139213c5ee05b6cda7f9cdb473bdb84.jpg,416,416,1
train,00004_00060_00011_png.rf.748f57f7822ef17280f822561ae18d62.jpg,416,416,1
train,00004_00060_00018_png.rf.99f81912c636c9b743fc50a14db79677.jpg,416,416,1
train,00004_00061_00000_png.rf.80bc4c78f8e20dd52cc69cb564ee4c24.jpg,416,416,1
train,00004_00061_00014_png.rf.7c5a550e6c8d26997edd0f7f5791c313.jpg,416,416,1
train,000050_jpg.rf.0013e34acde22bcaba804f1ead110ee2.jpg,416,416,1
train,000051_jpg.rf.704be9cff71576dad7a8fe1c57b3c411.jpg,416,416,1
train,000052_jpg.rf.96cdae5cb344cb850bb3441d499f37d4.jpg,416,416,1
train,000053_jpg.rf.755be60b38abf9134d489780a4a4914c.jpg,416,416,1
train,000055_jpg.rf.a50160158fbe3a53f6f2a5675ff660fd.jpg,416,416,1
train,000057_jpg.rf.ca4c24090870d0792800fd79ad4b3672.jpg,416,416,1
train,00005_00000_00008_png.rf.d2be40719d12a52331064605a93b3039.jpg,416,416,1
train,00005_00000_00009_png.rf.e1396da8f125325877c30af1883a0c23.jpg,416,416,1
train,00005_00000_00022_png.rf.857a0ac924b38da3d877d9f257b31dc2.jpg,416,416,1
train,00005_00001_00005_png.rf.a24fc770c4e6eb33cee5d2662b540cc4.jpg,416,416,1
train,00005_00001_00018_png.rf.1bda67ae7867dd7921cbb6b8c3deb582.jpg,416,416,1
train,00005_00002_00011_png.rf.a35df4294b327a3b68305b30ca6576f8.jpg,416,416,1
train,00005_00002_00020_png.rf.20709595ee5977873b316344097868b2.jpg,416,416,1
train,00005_00002_00023_png.rf.06560f6d20cd22acb55b4b9cf87c6cd6.jpg,416,416,1
train,00005_00003_00024_png.rf.a1c774bd1e4ebb76ef80e49b85d73079.jpg,416,416,1
train,00005_00003_00025_png.rf.dd3eb37440e0bb2160bac07deeb6497c.jpg,416,416,1
train,00005_00003_00026_png.rf.322acc72947a9ba06606e6eaa2b73dbb.jpg,416,416,1
train,00005_00004_00008_png.rf.9a9af9bf63af7bbc9f408f1e7e16c29d.jpg,416,416,1
train,00005_00004_00016_png.rf.253d36c55d1b7511c434a07947a3f726.jpg,416,416,1
train,00005_00004_00018_png.rf.270af6c29178450dd854f4c02e27719a.jpg,416,416,1
train,00005_00004_00020_png.rf.a5cadd1d10b55b1eda6d9c14f6b1ef3f.jpg,416,416,1
train,00005_00004_00027_png.rf.c1222f11853a55ae634d91e0a594118c.jpg,416,416,1
train,00005_00005_00018_png.rf.9d8b2c988b18ce63a08a5d8bc362ebc6.jpg,416,416,1
train,00005_00005_00019_png.rf.dc1f5358c0990fe64179bf1d45ada808.jpg,416,416,1
train,00005_00006_00027_png.rf.c9d9d09cef9bfe2ade2df4affa736458.jpg,416,416,1
train,00005_00008_00005_png.rf.eaaf3ab0bd9c9ac3e1bd6aeeecf25745.jpg,416,416,1
train,00005_00009_00006_png.rf.e9bffd7dabb6ab5cfa22ce66fbfbe2fe.jpg,416,416,1
train,00005_00009_00016_png.rf.f68f5ad6a4b07b86e158fce687094fda.jpg,416,416,1
train,00005_00009_00017_png.rf.d8116f92cca4b9d3d1050f2a831287b7.jpg,416,416,1
train,00005_00010_00018_png.rf.5f77fc6875ceb774dfe23489759244e8.jpg,416,416,1
train,00005_00012_00014_png.rf.aad3aece44e5f90d4b6ad1c2f6442ab5.jpg,416,416,1
train,00005_00013_00011_png.rf.14f53acc7764a3edf94d64a205587b01.jpg,416,416,1
train,00005_00013_00013_png.rf.d0cf5899c7e6d56af12e07a30c627e74.jpg,416,416,1
train,00005_00013_00014_png.rf.325aaade031a2081b9b8cb81aaa3b57d.jpg,416,416,1
train,00005_00013_00017_png.rf.bb637c58f5ee13101ad80beff869dfd8.jpg,416,416,1
train,00005_00013_00020_png.rf.f9a3988883dbe8379ed89c8cdba79adb.jpg,416,416,1
train,00005_00013_00022_png.rf.0a59e0f442d64b51a7ee2b49b79ffd1b.jpg,416,416,1
train,00005_00013_00028_png.rf.de9a81a6a4c6ca3dfa4b8f5278966b69.jpg,416,416,1
train,00005_00014_00003_png.rf.4b3a50fdffffc196bd162448f80e08a2.jpg,416,416,1
train,00005_00014_00028_png.rf.e869d3f418f2f4bbfe9781af202137f9.jpg,416,416,1
train,00005_00015_00000_png.rf.3edea37a8e8dc5cec2d0be02794f1815.jpg,416,416,1
train,00005_00015_00010_png.rf.4b1f0e7dbd68965ce32c7e7057b69dde.jpg,416,416,1
train,00005_00015_00011_png.rf.481dbae7911d50da56c3cc5e4242b5ab.jpg,416,416,1
train,00005_00015_00021_png.rf.e24a530b0ad47af0f6693e5d7c1b4564.jpg,416,416,1
train,00005_00016_00003_png.rf.ac2f4acc232e7c83b395663d48565033.jpg,416,416,1
train,00005_00016_00013_png.rf.54e1e89ce63bbf4a9f9ad777742d2e65.jpg,416,416,1
train,00005_00016_00014_png.rf.c90efa566aae583bca191f0ee8da2b02.jpg,416,416,1
train,00005_00016_00023_png.rf.094226e7ecb16eba6b739726f402d0d0.jpg,416,416,1
train,00005_00017_00005_png.rf.10de59d74a2a2e7b5821a46bf108f2d1.jpg,416,416,1
train,00005_00017_00007_png.rf.4c40223ab9cb83bed32f4db48e9060a6.jpg,416,416,1
train,00005_00017_00008_png.rf.8603e275e96dc18c3ad77f8c45365863.jpg,416,416,1
train,00005_00017_00010_png.rf.39661e36025e9ebb94b4d670d90a6135.jpg,416,416,1
train,00005_00018_00017_png.rf.2293a8f36de737f803ddaf679574fe4f.jpg,416,416,1
train,00005_00018_00019_png.rf.7288ed73be7cbabec91ef34cbbeae204.jpg,416,416,1
train,00005_00019_00007_png.rf.ca9d9954d7c726a5567ccc8b8bb3332b.jpg,416,416,1
train,00005_00019_00008_png.rf.9f22b76202caf167e7006fd84b0d02fe.jpg,416,416,1
train,00005_00019_00024_png.rf.1e4d4e1f102e23d237d80e3707e79a95.jpg,416,416,1
train,00005_00019_00027_png.rf.0b31410c63b73af7eb3a66a6a5069923.jpg,416,416,1
train,00005_00021_00010_png.rf.a59fb72541f9ece7fbeaa78f586877b7.jpg,416,416,1
train,00005_00021_00013_png.rf.de596f6f3124d5108b49e7f4208bbbc8.jpg,416,416,1
train,00005_00021_00020_png.rf.e6a076ba2126c8507546f4c1e157ca08.jpg,416,416,1
train,00005_00027_00013_png.rf.c3ebf5cb35571cac12003d0e0bd9ab38.jpg,416,416,1
train,00005_00027_00014_png.rf.354f184dc18038e7d5e51edca842a27e.jpg,416,416,1
train,00005_00029_00011_png.rf.6a597a27409c65469c65c1daae51be7a.jpg,416,416,1
train,00005_00029_00014_png.rf.395f49cbf6c8c1c7d1ee354fc650e2f0.jpg,416,416,1
train,00005_00029_00017_png.rf.99e0f50d0f34bc07ac64d1b4122c161d.jpg,416,416,1
train,00005_00029_00018_png.rf.19a5840a3d90723fff4c61386c97dd2a.jpg,416,416,1
train,00005_00029_00020_png.rf.327dfc988c60f46549806408bf315bb3.jpg,416,416,1
train,00005_00029_00023_png.rf.284cce3832ca2e501ffb275332622283.jpg,416,416,1
train,00005_00043_00028_png.rf.2f2bfe5674e41841291caf7695e682c0.jpg,416,416,1
train,00005_00044_00000_png.rf.2e6a1f3a6b84d0ebc30ca4dc2ff6f9f8.jpg,416,416,1
train,00005_00044_00002_png.rf.98845dca408c4f96a3bc203d57f6d210.jpg,416,416,1
train,00005_00044_00008_png.rf.ccb07d02966d542973a357c3babaa32b.jpg,416,416,1
train,00005_00047_00023_png.rf.cb30a3ae5dbeca329e12573fbbb40cad.jpg,416,416,1
train,00005_00047_00024_png.rf.a06782d2bdc01ff73db161c14faaaa11.jpg,416,416,1
train,00005_00047_00025_png.rf.2b3b05feae55a0cf2a065fd5bba37412.jpg,416,416,1
train,00005_00056_00007_png.rf.4ae6725ffe716fdeec0dece967a3e859.jpg,416,416,1
train,00005_00056_00009_png.rf.12a6579baadb84a899978ec8d61626d1.jpg,416,416,1
train,00005_00056_00010_png.rf.566acf9b5994a60297989ca96d5139b6.jpg,416,416,1
train,00005_00056_00013_png.rf.137930b9b43a438e71f091f01f3516b8.jpg,416,416,1
train,000064_jpg.rf.32845cc54517cc9c47c848ff543642a5.jpg,416,416,1
train,000065_jpg.rf.186dc3243fb0c1339f7d0ba4521ba636.jpg,416,416,1
train,000066_jpg.rf.261a09386b0d6a6786cb2e44733dbe77.jpg,416,416,1
train,000067_jpg.rf.16c34672cba2f0703cb51b838eccca1d.jpg,416,416,1
train,000068_jpg.rf.7bddf623ac87edb710c0ca26c342e44f.jpg,416,416,1
train,000070_jpg.rf.9f71bc285cba8e5fca85ac414d48e9ee.jpg,416,416,1
train,000071_jpg.rf.8ebafdeafe82ad824de0313dfde2c888.jpg,416,416,1
train,000072_jpg.rf.256d65aa7f5901317724c0cf5ead242b.jpg,416,416,1
train,000073_jpg.rf.41993e52e3737e3af5b8cbb42e6dba69.jpg,416,416,1
train,000074_jpg.rf.e6d7b4e5c92cced6e6589083482fca75.jpg,416,416,1
train,000077_jpg.rf.1dbe793ce7a4f3b3e47d33db2311058a.jpg,416,416,1
train,000078_jpg.rf.7a6c56da3f308d378ef9d1b34d51ad30.jpg,416,416,1
train,00007_00000_00009_png.rf.0d88faf24e3f633c42b936dad8629fd6.jpg,416,416,1
train,00007_00000_00018_png.rf.f33f89791378ef906531a4845bf6af97.jpg,416,416,1
train,00007_00000_00019_png.rf.d08e306ebe0e38d3f100dc37277fb5a8.jpg,416,416,1
train,00007_00000_00022_png.rf.54a547dd927fd8796a86c1565e926031.jpg,416,416,1
train,00007_00002_00000_png.rf.aa69f296f221025fb5357164c2e5f7db.jpg,416,416,1
train,00007_00002_00010_png.rf.6bd1b235ba10c26b9d230049c1387430.jpg,416,416,1
train,00007_00002_00022_png.rf.1945b23282af3cfeef8ada01f4e7abd1.jpg,416,416,1
train,00007_00002_00023_png.rf.be3229e4dac05e06e9727e01f7761c4f.jpg,416,416,1
train,00007_00002_00024_png.rf.72d56bc031e6c77308f52cb36eb2a9fa.jpg,416,416,1
train,00007_00002_00025_png.rf.a7c04dd6198b532781055b3dc5e8cc8b.jpg,416,416,1
train,00007_00002_00027_png.rf.ce6dc4907116a99f16b11fe54faa784b.jpg,416,416,1
train,00007_00002_00029_png.rf.68608d42581c79e374185fa330164848.jpg,416,416,1
train,00007_00003_00018_png.rf.91fdbc1ca735e214fab5f112dc5d5835.jpg,416,416,1
train,00007_00004_00014_png.rf.9ed33753f9311964f7a7160cffe95195.jpg,416,416,1
train,00007_00005_00005_png.rf.2864c5598ceb795b8e57d885721c519b.jpg,416,416,1
train,00007_00005_00007_png.rf.9176be138b0fa747d9dfef41b7359c5c.jpg,416,416,1
train,00007_00005_00010_png.rf.41a40a69331971ee7ec4f27d6b389a3c.jpg,416,416,1
train,00007_00005_00016_png.rf.f99b112f88fa748d0b057a7953e9112c.jpg,416,416,1
train,00007_00005_00027_png.rf.3e421b3722e9291eec5b0190d0b01542.jpg,416,416,1
train,00007_00006_00009_png.rf.13e0dd9de543d653dc7fd84dfc8eb17e.jpg,416,416,1
train,00007_00007_00013_png.rf.16318c46ad718ff56755efb7d0b20a34.jpg,416,416,1
train,00007_00007_00015_png.rf.d83202bae27401ff661e0bdf8e908852.jpg,416,416,1
train,00007_00007_00017_png.rf.f1f900e0bd607ace5e0993dcd68c9dfd.jpg,416,416,1
train,00007_00007_00022_png.rf.8ad437fbfce8683b494b14ebf15eefc6.jpg,416,416,1
train,00007_00007_00027_png.rf.54af7410d7e3ca7d871db9e1736f7e52.jpg,416,416,1
train,00007_00010_00023_png.rf.faf0ec0bd438235279a2c28b24a70775.jpg,416,416,1
train,00007_00010_00024_png.rf.cb3cb2aa63ab49276591a2cbcc56cb46.jpg,416,416,1
train,00007_00010_00026_png.rf.edd6d74bf8f82b567c2f443b1126b75b.jpg,416,416,1
train,00007_00010_00028_png.rf.ec652925c3a6e10910a52550679be37c.jpg,416,416,1
train,00007_00010_00029_png.rf.81f738ddb333f1996d85967a15a4a32d.jpg,416,416,1
train,00007_00011_00010_png.rf.4aaa543c218c620f5ab72a229e9636ec.jpg,416,416,1
train,00007_00013_00018_png.rf.6bb7d690d13a8896fde394add223777d.jpg,416,416,1
train,00007_00013_00020_png.rf.be156ac93f035473c391d0c532863409.jpg,416,416,1
train,00007_00013_00022_png.rf.3eb5957e7cffea66cd0140c78292f19d.jpg,416,416,1
train,00007_00013_00025_png.rf.0df59172b135e8793dc48f3b0ad12e5f.jpg,416,416,1
train,00007_00013_00026_png.rf.4b46c8dddc9d114bb50864c93b6038e1.jpg,416,416,1
train,00007_00014_00016_png.rf.00659738f01377eae3328a8a3cabd827.jpg,416,416,1
train,00007_00015_00029_png.rf.c48b1c57d195d1d8c752c4bb0c56b841.jpg,416,416,1
train,00007_00018_00018_png.rf.a180cedb6ba3c3bbc228bb03cba5379d.jpg,416,416,1
train,00007_00018_00020_png.rf.9eac944f41a8eff58f33a10f89e12d13.jpg,416,416,1
train,00007_00018_00023_png.rf.626c707893be90d5f6945f1d012f8c36.jpg,416,416,1
train,00007_00020_00022_png.rf.d9cb657f5a43307c9d4dbcd5dd1cbc7f.jpg,416,416,1
train,00007_00022_00012_png.rf.0b139b2e9ab64b64bdabe539ad8c8e1f.jpg,416,416,1
train,00007_00023_00016_png.rf.a4eedecfe6fc4888c1db2d64a15ce4ac.jpg,416,416,1
train,00007_00023_00022_png.rf.4adcd7de1427f7a3c6837994f1648c95.jpg,416,416,1
train,00007_00023_00026_png.rf.c102bd9159ea781f958f5981b2d5b2db.jpg,416,416,1
train,00007_00023_00027_png.rf.ee749d40ede3c10ba5fb235e95001af3.jpg,416,416,1
train,00007_00026_00016_png.rf.f5e13ff88c9ff016f2b0fbbe16cde5a8.jpg,416,416,1
train,00007_00026_00027_png.rf.d50dfe32c326175874ece977450d893f.jpg,416,416,1
train,00007_00027_00019_png.rf.188caee8e39d5581e39b7e9bb0068708.jpg,416,416,1
train,00007_00028_00012_png.rf.a2f82a7da5e83a134f12baee5b97c935.jpg,416,416,1
train,00007_00028_00023_png.rf.ef850f312fc04696650ad3bb0b077295.jpg,416,416,1
train,00007_00029_00025_png.rf.a78e2f76c060cf0af0c1e9f2679271f7.jpg,416,416,1
train,00007_00033_00029_png.rf.da7f535b48a8a45e272bb97a124e0a2a.jpg,416,416,1
train,00007_00036_00014_png.rf.77d85285279263b5d6aa68e204fb28cf.jpg,416,416,1
train,00007_00036_00016_png.rf.d0cd213fc4fa36bf3c05cb44b642465e.jpg,416,416,1
train,00007_00040_00018_png.rf.263026fc6f89a4f12c7779f4c902d82b.jpg,416,416,1
train,00007_00040_00019_png.rf.531183c763cf0a9de14bbb4aea861923.jpg,416,416,1
train,00007_00040_00021_png.rf.0e4233c8db3641adad17add95f6647f5.jpg,416,416,1
train,00007_00040_00024_png.rf.40282f72cc497cffb7abd6a09e807f1d.jpg,416,416,1
train,00007_00040_00025_png.rf.f40573fdf1b86356d279e5eb6af8cb24.jpg,416,416,1
train,00007_00041_00004_png.rf.43ce27b2a1a3f2a063603fe6c8d80444.jpg,416,416,1
train,00007_00041_00005_png.rf.d62a627443515956530353fdf2f8b6dd.jpg,416,416,1
train,00007_00041_00009_png.rf.716e56af7f2864783190ecd5890c75d4.jpg,416,416,1
train,00007_00041_00013_png.rf.1b24f98a07e530cccceb277a2249011f.jpg,416,416,1
train,00007_00041_00017_png.rf.3dd427c6546586db8c9bb3f01ead6f92.jpg,416,416,1
train,00007_00041_00018_png.rf.a16738e8d7356c3c386e323ed94dc0cb.jpg,416,416,1
train,00007_00041_00019_png.rf.7847cd2ad017463b19df2b10afe2e775.jpg,416,416,1
train,00007_00041_00023_png.rf.90c28cbf69764b348c460c6be8975115.jpg,416,416,1
train,00007_00042_00004_png.rf.663a00ca4b5c6e317b2d9a6c948c2d60.jpg,416,416,1
train,00007_00042_00007_png.rf.8dd62ce49972c07d5455b539c611be6e.jpg,416,416,1
train,00007_00042_00009_png.rf.806f32996fcc90893a1578509935fed4.jpg,416,416,1
train,00007_00042_00011_png.rf.d501a675d09ae5cdef305023ad31d033.jpg,416,416,1
train,00007_00042_00012_png.rf.eb61b789454eef94ccc2a3025212e675.jpg,416,416,1
train,00007_00042_00018_png.rf.39a32ffd6b9088db5c566cf3bf3202f8.jpg,416,416,1
train,00007_00043_00009_png.rf.79d7b38758d30dd9d6948b55f734771a.jpg,416,416,1
train,00007_00043_00011_png.rf.15b5efc628bffa2d4661024bde12a583.jpg,416,416,1
train,00007_00043_00012_png.rf.4b31a6c2f1c9573d9eaacbaf7c812053.jpg,416,416,1
train,00007_00043_00020_png.rf.b559fd2ee89c59bb1f4fea6fc56edf98.jpg,416,416,1
train,00007_00043_00021_png.rf.623980f2f4b93d19f4a5dcb88ab6afcc.jpg,416,416,1
train,00007_00043_00022_png.rf.a11f139c3ac7acd42d12c241e8ce5dde.jpg,416,416,1
train,00007_00043_00023_png.rf.feb562cfd626e2c922bfefe60f777ffb.jpg,416,416,1
train,00007_00043_00026_png.rf.b9a9cf260a61248f0d8d230699e21967.jpg,416,416,1
train,00007_00045_00021_png.rf.927048e7238623c810968cd9b5d5ebae.jpg,416,416,1
train,00007_00047_00013_png.rf.510760499d102deb03d30e81c674e7ca.jpg,416,416,1
train,00007_00047_00014_png.rf.9312f85b2120e01d3df5c660996e9bcb.jpg,416,416,1
train,000081_jpg.rf.15634108b70ec11f682eacecb626751a.jpg,416,416,1
train,000082_jpg.rf.0f588c5fab617cbd179adbd62ac48001.jpg,416,416,1
train,000083_jpg.rf.4ac9cff16128eeb88a8dcb6b4fcceb21.jpg,416,416,1
train,000084_jpg.rf.07079003608bf6f366339249717c4706.jpg,416,416,1
train,000085_jpg.rf.0d89f49611799c63ce6135095b91b3a5.jpg,416,416,1
train,000088_jpg.rf.485517ace9e9f0527af98b71f2a3015a.jpg,416,416,1
train,000089_jpg.rf.bfd277d09a9b2dc80ada6d3632123b60.jpg,416,416,1
train,00008_00001_00008_png.rf.017e12a87981d1e0957f150389feda29.jpg,416,416,1
train,00008_00001_00016_png.rf.b29d9c590e351620888c4efec7858be9.jpg,416,416,1
train,00008_00001_00017_png.rf.216c446ee02105c90d04989c85e8aec1.jpg,416,416,1
train,00008_00001_00018_png.rf.706a156058bdbc1fad6bafe5685e41dc.jpg,416,416,1
train,00008_00001_00019_png.rf.a116a97eb8d0588bdcad6a71abd9fc5c.jpg,416,416,1
train,00008_00003_00011_png.rf.98ba6b955dac1bf08dc41a2a8b06418c.jpg,416,416,1
train,00008_00003_00015_png.rf.70f1084e356c19825fc92255a3ef20b6.jpg,416,416,1
train,00008_00004_00020_png.rf.70461d631adaa4613b97abbde3dcca62.jpg,416,416,1
train,00008_00004_00023_png.rf.32a5d464d97dc1e241dd604debfb613a.jpg,416,416,1
train,00008_00005_00012_png.rf.929d0c3a63b135e8ce424f36e739c3ed.jpg,416,416,1
train,00008_00005_00013_png.rf.6b38289bfa8f041efa64249f40f3ddf9.jpg,416,416,1
train,00008_00005_00024_png.rf.5348de900f9d2d7ad6cbfc77d2c60742.jpg,416,416,1
train,00008_00006_00015_png.rf.0120db0f81671ac2fa8a4a99552bc379.jpg,416,416,1
train,00008_00006_00016_png.rf.bcc7ea133cd2c0bbc6d419421b3f7434.jpg,416,416,1
train,00008_00006_00017_png.rf.f7b12167002609252e21ada42fe8141d.jpg,416,416,1
train,00008_00006_00027_png.rf.c352f5d1a4a5181cf048cbbd198a7031.jpg,416,416,1
train,00008_00007_00005_png.rf.acf326ae482f4fb728a570597b407975.jpg,416,416,1
train,00008_00007_00011_png.rf.2e4358c87a12ba412e16d25fc1ab4684.jpg,416,416,1
train,00008_00007_00016_png.rf.47b19f609a038649b680c4221d103647.jpg,416,416,1
train,00008_00008_00008_png.rf.32762e5c0077f3008a2200f3678eeb5d.jpg,416,416,1
train,00008_00009_00011_png.rf.7f41d3dfabddfe681b83ac641b7d14da.jpg,416,416,1
train,00008_00009_00022_png.rf.e5e73dae4047304a524b6bd102fa89a3.jpg,416,416,1
train,00008_00009_00023_png.rf.86ef9bc2d8d5b2964f460cfb411932ca.jpg,416,416,1
train,00008_00010_00015_png.rf.f4a082367668bbe31905c10ddf009dc8.jpg,416,416,1
train,00008_00010_00025_png.rf.d4f4f374b6127660900f398184945e74.jpg,416,416,1
train,00008_00010_00026_png.rf.5e3daa1f3afefd83f361c73c08c7c223.jpg,416,416,1
train,00008_00011_00003_png.rf.65ca0fe542b187065fe29cee929535ea.jpg,416,416,1
train,00008_00011_00004_png.rf.8af5a7b7857f3ea8b94bfb037ebadcfa.jpg,416,416,1
train,00008_00011_00005_png.rf.64257d3a3a7a6decb2cc6371a7f8e13a.jpg,416,416,1
train,00008_00011_00008_png.rf.95ddf01d60917a6ccaa8b37d9f273d8e.jpg,416,416,1
train,00008_00011_00009_png.rf.ceff3012182589be628bad6d66531ea9.jpg,416,416,1
train,00008_00011_00010_png.rf.a2a6c21b759d8bfe0c9db6d7a0335a21.jpg,416,416,1
train,00008_00011_00012_png.rf.338d52595eea18520985f947fc05d3d5.jpg,416,416,1
train,00008_00011_00013_png.rf.c842a02cc7f62236d5b23face70fb396.jpg,416,416,1
train,00008_00011_00015_png.rf.3e9627fb36483d92bb4002f27e3b7b1a.jpg,416,416,1
train,00008_00011_00017_png.rf.714a968b88c09936e2f58f86b8a7cc3e.jpg,416,416,1
train,00008_00011_00019_png.rf.1646f5f156c9e094dd9ad224a37b0e83.jpg,416,416,1
train,00008_00011_00020_png.rf.5d93b897eff87e2b8ebf74c791e24268.jpg,416,416,1
train,00008_00011_00021_png.rf.92b4e6c0c3ed39d223b7d05b8248dd88.jpg,416,416,1
train,00008_00012_00000_png.rf.9faeda3aca8d35dd95a55fb0f64f3d71.jpg,416,416,1
train,00008_00012_00001_png.rf.7905e65bd51cb27f960c0859fb14b4c5.jpg,416,416,1
train,00008_00012_00005_png.rf.426bfb68fffacaec141e6912e4a2aced.jpg,416,416,1
train,00008_00012_00006_png.rf.d02cdcae0093132e60a187d264204dbe.jpg,416,416,1
train,00008_00012_00007_png.rf.0d06f3d3ba180daeb084ea1043b9ca43.jpg,416,416,1
train,00008_00012_00009_png.rf.9403edeb2431ddaf3a85ad6f4eb028cf.jpg,416,416,1
train,00008_00012_00010_png.rf.27b69a2d31aff1ff5ae9dad883cda278.jpg,416,416,1
train,00008_00012_00011_png.rf.f304d2c1cd2384c87f607f0202078932.jpg,416,416,1
train,00008_00012_00012_png.rf.7442e1750ce9c73a16263c80a35ca772.jpg,416,416,1
train,00008_00012_00014_png.rf.4391184a95a36f7f673f1a916d564333.jpg,416,416,1
train,00008_00012_00020_png.rf.bb33863efda134bd0126a31c071c136b.jpg,416,416,1
train,00008_00012_00024_png.rf.457b7ec0be8a1ac20238f890b9122689.jpg,416,416,1
train,00008_00012_00025_png.rf.4c94f0a2f88e0ea8957494fe6a716dc8.jpg,416,416,1
train,00008_00013_00009_png.rf.ed9a4e669d93ec49a48dae3891b7fe87.jpg,416,416,1
train,00008_00013_00020_png.rf.b476c774cc9b0c9ede53017af3607af4.jpg,416,416,1
train,00008_00015_00008_png.rf.2a4cf2d185ea7b9a3615b0f455572f78.jpg,416,416,1
train,00008_00015_00019_png.rf.0bddfbd3aa4b32af5a0533da350737e0.jpg,416,416,1
train,00008_00015_00020_png.rf.51f2d3d76b7c01fa905c2c437521defa.jpg,416,416,1
train,00008_00015_00024_png.rf.af4a1d17536fb0c66a949fe5e8b95306.jpg,416,416,1
train,00008_00017_00023_png.rf.4e62fa0b1e9860ed7ef6fcb473637736.jpg,416,416,1
train,00008_00018_00000_png.rf.7a5b4f483174c264c423b081d9a0e39c.jpg,416,416,1
train,00008_00018_00001_png.rf.0a707745803e8daca115c8297889dc64.jpg,416,416,1
train,00008_00019_00015_png.rf.497e0b25e47009bec0af274f66878ff6.jpg,416,416,1
train,00008_00020_00004_png.rf.53e1092e238f3170c0532a48596db52e.jpg,416,416,1
train,00008_00020_00010_png.rf.dfd96c5ce7ce327f281398842762fbb2.jpg,416,416,1
train,00008_00020_00013_png.rf.4d8d4e6e7d0c2b0c8843f345d25491ce.jpg,416,416,1
train,00008_00020_00014_png.rf.d9d854f2baef89a510a2193a35ccf291.jpg,416,416,1
train,00008_00021_00010_png.rf.6697ebda649d383f15e2f82500f2249d.jpg,416,416,1
train,00008_00021_00017_png.rf.a4ad4c741ea2569a9fb92926ae0d3038.jpg,416,416,1
train,00008_00021_00018_png.rf.f3f32930ab55fa2873e2b34789256e1a.jpg,416,416,1
train,00008_00021_00019_png.rf.879b7186231fddc0b0cae337c06fc04b.jpg,416,416,1
train,00008_00022_00011_png.rf.162f71e51ca4a63781a5c9b109f8188e.jpg,416,416,1
train,00008_00022_00013_png.rf.e96f62b6decd362dd6b3cfa498b87add.jpg,416,416,1
train,00008_00022_00021_png.rf.bea97226747e7cf474e0fc090b934ee1.jpg,416,416,1
train,00008_00024_00018_png.rf.fed7a1841e3c2f10903ec89882f32fcc.jpg,416,416,1
train,00008_00026_00008_png.rf.10952d3878d1dc4ab460bc9b2dc168bc.jpg,416,416,1
train,00008_00029_00009_png.rf.4f8b73e87636d8c00e70f2f6e202f76a.jpg,416,416,1
train,00008_00029_00010_png.rf.97e2b4ea12a2d1cf4660cf96aa398bde.jpg,416,416,1
train,00008_00029_00020_png.rf.b53d4a7d5f7a2945fe5e48b9badfade3.jpg,416,416,1
train,00008_00030_00021_png.rf.6d2daaa810b341dd9c92d2f171f1f6dd.jpg,416,416,1
train,00008_00030_00024_png.rf.604f33c7fdf8d8a3cda6a20b9d0332e6.jpg,416,416,1
train,00008_00031_00013_png.rf.0886c698e7801ec5d475e7a59f3dacc9.jpg,416,416,1
train,00008_00031_00015_png.rf.72cde591323fef49ef9b73f2e2b087ab.jpg,416,416,1
train,00008_00032_00017_png.rf.9b8dcde884e525e549fc1397c92f9043.jpg,416,416,1
train,00008_00032_00018_png.rf.2eb6ea318be58a2350056aaabb6707a1.jpg,416,416,1
train,00008_00032_00027_png.rf.df8821a2d1b1472ce64f49ed1c1667dc.jpg,416,416,1
train,00008_00033_00020_png.rf.037dde83c824b4fcd89da3748f6ffaa3.jpg,416,416,1
train,00008_00034_00005_png.rf.a43fabd4184e306626ec7f7b8d9cb655.jpg,416,416,1
train,00008_00034_00007_png.rf.08a62227cc74501de6baeb62505431db.jpg,416,416,1
train,00008_00034_00017_png.rf.a8cdc14f60da89cfae5210dbc02095b8.jpg,416,416,1
train,00008_00035_00015_png.rf.0b5a52b94fe5d1c59a12d2e7784662c8.jpg,416,416,1
train,00008_00036_00007_png.rf.2ece06bd0fe4de29fc3f5cb9b38e4d50.jpg,416,416,1
train,00008_00036_00008_png.rf.abf8fcc7fe43e0ffbb38f9c095c2b939.jpg,416,416,1
train,00008_00036_00018_png.rf.924579c4a9ffa5222ee4893b6b1a0ba3.jpg,416,416,1
train,00008_00036_00019_png.rf.40deb282b0e09eb834b0c69852160e42.jpg,416,416,1
train,00008_00037_00015_png.rf.b5d036ebef2011b1d5db1ef6d76e2b27.jpg,416,416,1
train,00008_00038_00007_png.rf.1381085ca95df89b4b0f7b8011598f1f.jpg,416,416,1
train,00008_00038_00018_png.rf.f3b43669e52b97b0728e81be1970cbcc.jpg,416,416,1
train,00008_00038_00019_png.rf.7fd367b2a5408c087b61941ac0254945.jpg,416,416,1
train,00008_00038_00020_png.rf.b9212bfe950b0d3dd91a63a3486e460a.jpg,416,416,1
train,00008_00038_00021_png.rf.ba7e98a109a3dac8169b637c1fd7a32f.jpg,416,416,1
train,00008_00038_00029_png.rf.ea722d02226285b0bdbe5c8e0e13fb6c.jpg,416,416,1
train,00008_00039_00011_png.rf.feeb21685f9e69f9905a68d8acd70583.jpg,416,416,1
train,00008_00039_00012_png.rf.474e01189d0471bea8f8874897477064.jpg,416,416,1
train,00008_00039_00013_png.rf.e6318d5fa253ff94ebb884709ec5964a.jpg,416,416,1
train,00008_00039_00023_png.rf.e13549c267c786352c4340ec0a98c110.jpg,416,416,1
train,00008_00043_00016_png.rf.60be159523f81d53a9fcf46d8a2d5425.jpg,416,416,1
train,00008_00043_00021_png.rf.643af33f4cce2ec8d7e8b1697fe0f95d.jpg,416,416,1
train,00008_00043_00023_png.rf.f1f8c8e1d4b1b051a49833ccd4b989fe.jpg,416,416,1
train,00008_00044_00011_png.rf.cd0fdf2f5f6922b166ca8b3c0e968e63.jpg,416,416,1
train,00008_00044_00012_png.rf.9f6014b383cca09283334864ff8ea1d1.jpg,416,416,1
train,00008_00044_00014_png.rf.d4a3e65cd41f77a7b33219d20b9fd78f.jpg,416,416,1
train,00008_00044_00016_png.rf.1ecc3e97fb6f3484ab4e908c210dca75.jpg,416,416,1
train,00008_00045_00008_png.rf.82db95f04f079611574c84381458f783.jpg,416,416,1
train,00008_00045_00015_png.rf.6b7c895c69eee4f69bf7ce20bf13b51a.jpg,416,416,1
train,00008_00046_00017_png.rf.dd4b0347a1f8810cd6a82325de26727c.jpg,416,416,1
train,00008_00046_00027_png.rf.6f2775c315d3775c7e9eaba517d7ff08.jpg,416,416,1
train,000090_jpg.rf.5aef5aaf638ba2c7887ce93bef548120.jpg,416,416,1
train,000094_jpg.rf.d258bac58a5d4910bd9405384854f0fb.jpg,416,416,1
train,000095_jpg.rf.df1e3ee32745f79306224eeb192b141b.jpg,416,416,1
train,000096_jpg.rf.6ee3946f06df5359e8a4b6ecd632bda9.jpg,416,416,1
train,000097_jpg.rf.1423b4397b7a16f38e6c5136b3a647d4.jpg,416,416,1
train,000101_jpg.rf.4447357576dd6824a80d457eba359f95.jpg,416,416,1
train,000102_jpg.rf.471b3106e922f0c2dce074cbd1e62f25.jpg,416,416,1
train,000103_jpg.rf.7328bc6f71ee977366d9d210978d674b.jpg,416,416,1
train,000105_jpg.rf.00fc36b9ec4dea19c90e0f8e0ec2787d.jpg,416,416,1
train,000106_jpg.rf.dc73ea44c865f624c1649fafa886c232.jpg,416,416,1
train,000107_jpg.rf.dc0b13f2e13412f678854a1b82eaedfc.jpg,416,416,1
train,000108_jpg.rf.db0f3deb9abf893719bef6f4b72119d6.jpg,416,416,1
train,000109_jpg.rf.dc15d815b99240965e6ead9c0b02762d.jpg,416,416,1
train,000110_jpg.rf.23692830a54dd96a404f9e0622299e48.jpg,416,416,1
train,000112_jpg.rf.dd7feff0071abf97736132a43ebe4435.jpg,416,416,1
train,000113_jpg.rf.e26b611dceceb9de11bd3f9610e548da.jpg,416,416,1
train,000114_jpg.rf.5113f33fc1a33775ba6d888a651c0167.jpg,416,416,1
train,000115_jpg.rf.00b3095542149119936c95494114bbe2.jpg,416,416,1
train,000116_jpg.rf.a2c10a1451e9b404906b1883205020c2.jpg,416,416,1
train,000118_jpg.rf.572144371ee15559c337c4392e9f521c.jpg,416,416,1
train,000119_jpg.rf.16e2991fb0f575fb737cc37566713135.jpg,416,416,1
train,000120_jpg.rf.b6ab326eec167beedd36a65f7d800288.jpg,416,416,1
train,000122_jpg.rf.5dcc5f09910afa2c3595fe456d75e349.jpg,416,416,1
train,000124_jpg.rf.b2d7fb70bd6a2afef4d709188bd1d410.jpg,416,416,1
train,000125_jpg.rf.328e727630cca616076a46a96c3c05fc.jpg,416,416,1
train,000126_jpg.rf.6fe20cc6b8029afb1c535dca78477857.jpg,416,416,1
train,000127_jpg.rf.90962d369afe6e4f735f5335de47a683.jpg,416,416,1
train,000128_jpg.rf.3c4492780bef60bef93cfda0ddbe00b7.jpg,416,416,1
train,000133_jpg.rf.b30c15f77ef7e9aefce858312816baf4.jpg,416,416,1
train,000134_jpg.rf.06aa6db5b5b8b12499da10c7262a9dd5.jpg,416,416,1
train,000135_jpg.rf.a7eeb674579d144f7473548e2f1dbdb4.jpg,416,416,1
train,000136_jpg.rf.8ca8acdf2a3f2754a7f5582a9e95d15f.jpg,416,416,1
train,000138_jpg.rf.a81b71498711ea0028f8eab06f5f87f6.jpg,416,416,1
train,000139_jpg.rf.26619da85b0e7aeb5936e6f9862da9bb.jpg,416,416,1
train,000141_jpg.rf.0cbb27064af2c5cd3c9aa66271da5b71.jpg,416,416,1
train,000142_jpg.rf.513cc77ba5a8393ad5790074e9e23d25.jpg,416,416,1
train,000143_jpg.rf.6140e35cc2a030831f3b3fe726088d9a.jpg,416,416,1
train,000144_jpg.rf.46169b9b9f1e346a087b5afe61625e96.jpg,416,416,1
train,000146_jpg.rf.215ccdfd29787cdb48eb81aaee5a1db7.jpg,416,416,1
train,000148_jpg.rf.b062ff7b34f4d4dba2b43ae4d02ef5d1.jpg,416,416,1
train,00014_00000_00000_png.rf.47478fea4d91b2043525566061f32baa.jpg,416,416,1
train,00014_00000_00002_png.rf.7e5351b19af7fd927ab35133d60262c8.jpg,416,416,1
train,00014_00000_00022_png.rf.0a4baaf94dc5150ac353afc9ec67af7b.jpg,416,416,1
train,00014_00000_00025_png.rf.5ea9f6625a899eefe4cee038c8e81e4d.jpg,416,416,1
train,00014_00001_00001_png.rf.d123474bf63fedfed1a6e420c850acb0.jpg,416,416,1
train,00014_00001_00003_png.rf.fa2fe5dd06beb2467aec162062f91219.jpg,416,416,1
train,00014_00001_00004_png.rf.4e522edb03ebab2b01f1c598157e7b5d.jpg,416,416,1
train,00014_00001_00005_png.rf.b41a1968e4725119931312bc2abd63bb.jpg,416,416,1
train,00014_00001_00007_png.rf.6e2a4e1fa32fe4c50eb5ab3ec6f755e6.jpg,416,416,1
train,00014_00001_00008_png.rf.58d6e0f98dbcdcaa44ce50a3fc3e18a2.jpg,416,416,1
train,00014_00001_00013_png.rf.c1d8a01e0ebaa48e215725548fcb407c.jpg,416,416,1
train,00014_00001_00014_png.rf.dd31f58ccf405ac5dea5dc10bfca1d00.jpg,416,416,1
train,00014_00001_00015_png.rf.d1c85e6af81c6550bca7b5df191e3d65.jpg,416,416,1
train,00014_00001_00016_png.rf.540cfea58491ba4acf9a60b84bb74bb4.jpg,416,416,1
train,00014_00001_00017_png.rf.7cad8870d7521a5413ca7e0ddfb2867d.jpg,416,416,1
train,00014_00001_00021_png.rf.db62d8c6bb811168923ba6719d73b06c.jpg,416,416,1
train,00014_00001_00022_png.rf.7c9725e936250c6744b166886fe3319f.jpg,416,416,1
train,00014_00001_00023_png.rf.632cea9b5e8d0d8390af38e41d42c5d5.jpg,416,416,1
train,00014_00001_00025_png.rf.5e7574a0f5926c1c7beca45ea5b1a0ca.jpg,416,416,1
train,00014_00001_00027_png.rf.3f174fb72a9ff3ea24e36994ab5fd7c6.jpg,416,416,1
train,00014_00001_00028_png.rf.d56bcd8f02ada02ce1a496a5d26801f9.jpg,416,416,1
train,00014_00001_00029_png.rf.4d2cf1e04e270e982da770f0f252f6c8.jpg,416,416,1
train,00014_00002_00000_png.rf.51bf5179a13a3014e9624675dce843c0.jpg,416,416,1
train,00014_00002_00001_png.rf.9795200af7c32a3470c1ea0bfb73b2d2.jpg,416,416,1
train,00014_00002_00002_png.rf.e248f64edf7f056d062337564eb61466.jpg,416,416,1
train,00014_00002_00003_png.rf.5da027596c7ed89359b1a18709afee5a.jpg,416,416,1
train,00014_00002_00005_png.rf.0870f1e372725a59a988801b499149fd.jpg,416,416,1
train,00014_00002_00011_png.rf.e40f6209b54b1fd14ca9f4a4fc918a65.jpg,416,416,1
train,00014_00002_00012_png.rf.13b7f39102574daba2bcd1eeb76f1866.jpg,416,416,1
train,00014_00002_00014_png.rf.fec1bb7f67ba73b5da92591d9fe959be.jpg,416,416,1
train,00014_00002_00021_png.rf.ff2ffc559276ccd66e9ab3c954223b7e.jpg,416,416,1
train,00014_00002_00023_png.rf.4def4c07967a468c02df025dcc5104b6.jpg,416,416,1
train,00014_00002_00025_png.rf.8eb651ccb44ed05336f0a52a592b1b43.jpg,416,416,1
train,00014_00002_00026_png.rf.981ccc943e267ee5331b8580e8639064.jpg,416,416,1
train,00014_00003_00000_png.rf.253c0f653ff7ef31abf9352d73bc64dd.jpg,416,416,1
train,00014_00003_00002_png.rf.4fccdb75924e68eb29316a3981837e60.jpg,416,416,1
train,00014_00003_00003_png.rf.4803eb03c627333bb0fa6a71d53f83a3.jpg,416,416,1
train,00014_00003_00005_png.rf.c6f91190add9bcc0fd26e93079d97f00.jpg,416,416,1
train,00014_00003_00010_png.rf.e8a6a3396e3e79c3ec8d5147a85f7ef3.jpg,416,416,1
train,00014_00003_00011_png.rf.ecc21e0da3967e2030e2779f55c2a2bc.jpg,416,416,1
train,00014_00003_00012_png.rf.9134b34d3ca2bfe5c7912f9b782a521a.jpg,416,416,1
train,00014_00003_00014_png.rf.88766fa5191c38fb94b6d4dcc7ae120a.jpg,416,416,1
train,00014_00003_00015_png.rf.6b4a94ef7d7f51848cf28ad39b7e2abc.jpg,416,416,1
train,00014_00003_00017_png.rf.f2ecfad1cd17b7bcce557b68a2d44df9.jpg,416,416,1
train,00014_00003_00020_png.rf.7990aca64437e96cbf7140d40bb11670.jpg,416,416,1
train,00014_00003_00021_png.rf.825991b529190ccf77bc56b9c61e2172.jpg,416,416,1
train,00014_00003_00023_png.rf.9e2d757635316a70426effeaede7a50e.jpg,416,416,1
train,00014_00004_00000_png.rf.8cb95cdbcbf532d4a38e9dd75daef562.jpg,416,416,1
train,00014_00004_00002_png.rf.d8f07b33b7e69502c40c089dc319ff89.jpg,416,416,1
train,00014_00004_00003_png.rf.e629692d697baa6be7600e7a80a45c30.jpg,416,416,1
train,00014_00004_00004_png.rf.c53039b69ffc6b67bbabb3f1f998a481.jpg,416,416,1
train,00014_00004_00007_png.rf.1fdb0886aacb4a3000adb8d17381595b.jpg,416,416,1
train,00014_00004_00008_png.rf.355e99092d84a7a015180091562f78de.jpg,416,416,1
train,00014_00004_00011_png.rf.bad28eb9c1abe7d1f8069244457ab35f.jpg,416,416,1
train,00014_00004_00013_png.rf.bb5751c1b9f28752c47d814013698dba.jpg,416,416,1
train,00014_00004_00014_png.rf.2377a4ff91d2451c55d06147d5ff20b0.jpg,416,416,1
train,00014_00004_00015_png.rf.5100ac82f85e9a5dea501dfee72b2419.jpg,416,416,1
train,00014_00004_00018_png.rf.49170a14266cddb6dba867c6e3be57b0.jpg,416,416,1
train,00014_00004_00019_png.rf.cc2f79cc43e5e07aed417b42ac40488f.jpg,416,416,1
train,00014_00004_00028_png.rf.81e2d467d5f3cb5ef31adf37db2b3d6f.jpg,416,416,1
train,00014_00005_00001_png.rf.ef9599df6a0e93c697495e3ef89fc214.jpg,416,416,1
train,00014_00005_00002_png.rf.16fcc3c1f3cca7edc558750ef71caeb1.jpg,416,416,1
train,00014_00005_00003_png.rf.8f2e6c5f4fa22a4586bc6af2b2ecc523.jpg,416,416,1
train,00014_00005_00005_png.rf.6fbdd6784a97bb2a3867e45b039bf669.jpg,416,416,1
train,00014_00005_00008_png.rf.a4382b7718df2093ed8b06c8a57d3608.jpg,416,416,1
train,00014_00005_00009_png.rf.f827b18241a3d9cc50f45533525b1f19.jpg,416,416,1
train,00014_00005_00010_png.rf.55509de82c2f5c55563146d747d9b0d6.jpg,416,416,1
train,00014_00005_00011_png.rf.a9f62b43fe1558c799d94ad2600761cb.jpg,416,416,1
train,00014_00005_00012_png.rf.a45144ebfa68993740f73f56d48f8a0d.jpg,416,416,1
train,00014_00005_00013_png.rf.5a659e6a2d3f0b212260b79eaf601b03.jpg,416,416,1
train,00014_00005_00014_png.rf.687d5a0a707ec0841b4d32d9d882ff16.jpg,416,416,1
train,00014_00005_00015_png.rf.cc0a0cd318ae5214caeff32392d6a767.jpg,416,416,1
train,00014_00005_00016_png.rf.59d7d07913ae73bbdb3640bb2fe677ba.jpg,416,416,1
train,00014_00005_00017_png.rf.9b7ac5f614bcc70c7f6439ccec6905fe.jpg,416,416,1
train,00014_00005_00018_png.rf.5d90cc1d4e9a80e96ec9f6ad626629e8.jpg,416,416,1
train,00014_00005_00024_png.rf.0b14003ff1556d18792f462687a46e1f.jpg,416,416,1
train,00014_00005_00027_png.rf.bfdb5348f0cbc0a7d95a8bce66065c6c.jpg,416,416,1
train,00014_00005_00029_png.rf.e592a6b85977a3fa4e342e6611d76ab9.jpg,416,416,1
train,00014_00006_00000_png.rf.83dcc68dde28144abd7534b7a9225f4f.jpg,416,416,1
train,00014_00006_00003_png.rf.85783a31ab11d7a85cf69d1ed56f6caf.jpg,416,416,1
train,00014_00006_00004_png.rf.4092d210be2207b685cb9241deac81ff.jpg,416,416,1
train,00014_00006_00005_png.rf.953869a7935563b9e3873cc1eb9f2009.jpg,416,416,1
train,00014_00006_00006_png.rf.9aba07b1c8e0432b1030bf5a263c433a.jpg,416,416,1
train,00014_00006_00007_png.rf.5550914cc41b1bcb8e9d3239766c869a.jpg,416,416,1
train,00014_00006_00008_png.rf.140979791c32dab125bfd8c7beecca53.jpg,416,416,1
train,00014_00006_00009_png.rf.70513184bc20d792632f6f6da4b2c7d9.jpg,416,416,1
train,00014_00006_00010_png.rf.d34a5fe27b1ef03db4eb40849ab9c9c8.jpg,416,416,1
train,00014_00006_00011_png.rf.7c2d9a379350594748c581895b5c5ea1.jpg,416,416,1
train,00014_00006_00012_png.rf.d5522787770827dd5ad532cad599cbe6.jpg,416,416,1
train,00014_00006_00013_png.rf.728ca129449d3f8bdd2e309b825551e4.jpg,416,416,1
train,00014_00006_00014_png.rf.eb7c0a32fda46b9a82554be6d5188620.jpg,416,416,1
train,00014_00006_00016_png.rf.6c754a5b6aec33e311aca876cedd33b6.jpg,416,416,1
train,00014_00006_00018_png.rf.8098296ab49894fc394349819161b910.jpg,416,416,1
train,00014_00006_00020_png.rf.514f2053c1e7a2b404fe7669a64f20cc.jpg,416,416,1
train,00014_00006_00021_png.rf.f718969d5d9a32afa91db9664dd7b55e.jpg,416,416,1
train,00014_00006_00022_png.rf.d9ad8e3b71040d45825ed3c2faa410ee.jpg,416,416,1
train,00014_00006_00023_png.rf.89c1c906334f24bb1d4ce009e7c7c47e.jpg,416,416,1
train,00014_00006_00025_png.rf.d95161c4e2020b22a78101151e5b7de6.jpg,416,416,1
train,00014_00006_00026_png.rf.e0430d2f63898a4a1d37892d489751e6.jpg,416,416,1
train,00014_00006_00027_png.rf.d6bedfe81645b563c64e562aa7c70307.jpg,416,416,1
train,00014_00006_00028_png.rf.0a1866dc05300e6a8a751b7dee5cddbc.jpg,416,416,1
train,00014_00006_00029_png.rf.379c305c91b51bbee22537a14a2ce69a.jpg,416,416,1
train,00014_00007_00000_png.rf.20e7f27f987413f912a488b8c52e4b75.jpg,416,416,1
train,00014_00007_00001_png.rf.fd1e94f4d5ba1043dbb5a9c7b51b2e00.jpg,416,416,1
train,00014_00007_00003_png.rf.3ed670e65c528047b8a1302e67151d5f.jpg,416,416,1
train,00014_00007_00004_png.rf.c8954fc4c3fe03ad53a61203d33ee5f0.jpg,416,416,1
train,00014_00007_00005_png.rf.a5fb97f3464f13b8369441cb2bc94083.jpg,416,416,1
train,00014_00007_00007_png.rf.008b1439768cbf7ed8551b57f695625c.jpg,416,416,1
train,00014_00007_00008_png.rf.108a4594f81c25368ca6bffab2dd00f1.jpg,416,416,1
train,00014_00007_00009_png.rf.be1bae6ae327e802658d1440f1044f14.jpg,416,416,1
train,00014_00007_00011_png.rf.d8d5e6421b05b7847e9f0583b31be5d5.jpg,416,416,1
train,00014_00007_00012_png.rf.d959e9dd84d030df2cec1c1bb0b0fce0.jpg,416,416,1
train,00014_00007_00017_png.rf.a751c1dce4fa967b59cae796d349b8f0.jpg,416,416,1
train,00014_00007_00020_png.rf.fb75b7fe29100637f37d124a4da16e89.jpg,416,416,1
train,00014_00007_00021_png.rf.cce1ca295884f9a783b351ee71da557e.jpg,416,416,1
train,00014_00007_00023_png.rf.675336d259e91d96e1e5ae1b1a585496.jpg,416,416,1
train,00014_00007_00025_png.rf.3f9c398b970547d48ff976af11be2501.jpg,416,416,1
train,00014_00007_00027_png.rf.8fca42ba5c1b599d68a29b81cf58f63f.jpg,416,416,1
train,00014_00008_00000_png.rf.e4e33cb105562140e5f33b113f2a8c53.jpg,416,416,1
train,00014_00008_00001_png.rf.ece89e9558289c708ed72f251922a64e.jpg,416,416,1
train,00014_00008_00002_png.rf.459dc463661cd95d114740add230d29d.jpg,416,416,1
train,00014_00008_00003_png.rf.5af4c168ca05b4031ca74e52af8f3712.jpg,416,416,1
train,00014_00008_00005_png.rf.a077091acef1fc922f9f94d1bc219cdf.jpg,416,416,1
train,00014_00008_00007_png.rf.8e3f871666d31e5c6d13086ba9b2a8c0.jpg,416,416,1
train,00014_00008_00008_png.rf.f6c3a32d79651881349d3bc1b595552a.jpg,416,416,1
train,00014_00008_00009_png.rf.6fa622bb52edcf62a6f1b07da753d37f.jpg,416,416,1
train,00014_00008_00011_png.rf.3b737ef1c14ab0b4f449d0e00fe4722d.jpg,416,416,1
train,00014_00008_00016_png.rf.68e83b75cd892012845c3ee4ea0d7a43.jpg,416,416,1
train,00014_00008_00018_png.rf.d3435c4d4706d00baf5bff6622caff71.jpg,416,416,1
train,00014_00008_00027_png.rf.e795a187a3a513f3e4d720ab51de8698.jpg,416,416,1
train,00014_00009_00003_png.rf.6bc1e11d93b72daf3b39fbe0ff0bb090.jpg,416,416,1
train,00014_00009_00006_png.rf.97d4f7eb1152e46c7f8291e187226624.jpg,416,416,1
train,00014_00009_00008_png.rf.57557865d2a4fc79a7cb211cb8b80920.jpg,416,416,1
train,00014_00009_00010_png.rf.c8169cfed5adf4f5527cff1aa2f3029f.jpg,416,416,1
train,00014_00009_00011_png.rf.28ee84e5831801d36f7c69aa080b5a6b.jpg,416,416,1
train,00014_00009_00013_png.rf.cb9238bd46cb92cdb4dcfb3ad88bbdee.jpg,416,416,1
train,00014_00009_00015_png.rf.6291de54fb139bf6f186b46c6c4be066.jpg,416,416,1
train,00014_00009_00016_png.rf.e7f57323584240b4d8ece6b0637b640a.jpg,416,416,1
train,00014_00009_00017_png.rf.33575c26dd4af455ccb829e95c0c82a3.jpg,416,416,1
train,00014_00009_00018_png.rf.a76a2a07e1cb4a100f83bcf1494e7a61.jpg,416,416,1
train,00014_00009_00019_png.rf.2a27f21aca988bc48e16fdb4257af526.jpg,416,416,1
train,00014_00009_00020_png.rf.b7e8ef53d96ce6a70982e752144c83c9.jpg,416,416,1
train,00014_00009_00023_png.rf.e39ef22038386c15aaf612de4564721d.jpg,416,416,1
train,00014_00009_00024_png.rf.19e7d519523f1080ff0348a8de08b21a.jpg,416,416,1
train,00014_00009_00025_png.rf.8e82dd2d271ee0b7caf796bc0c069fb4.jpg,416,416,1
train,00014_00009_00026_png.rf.dc50b772bdec33b2440f4942095f81e2.jpg,416,416,1
train,00014_00009_00028_png.rf.c607f1a0dceedeaa315397a45e458432.jpg,416,416,1
train,00014_00009_00029_png.rf.cc9a7fa34b1c5c19ffde31ece5fac4ab.jpg,416,416,1
train,00014_00010_00002_png.rf.17f16f11e118f43378df7dca7868eb77.jpg,416,416,1
train,00014_00010_00007_png.rf.6f418b683f158678a1c07a49917da02e.jpg,416,416,1
train,00014_00010_00008_png.rf.a0d4d065ad6378c65bec276c3e074e64.jpg,416,416,1
train,00014_00010_00015_png.rf.1500f4660b82f32935a2c641a532a792.jpg,416,416,1
train,00014_00011_00001_png.rf.c8d86f3f071a1d816cda398c74c87a2f.jpg,416,416,1
train,00014_00011_00003_png.rf.3030d5483fa4e7ead7f7d5f5331350b6.jpg,416,416,1
train,00014_00011_00004_png.rf.d5357a6c4017c541025c92771cabe375.jpg,416,416,1
train,00014_00011_00006_png.rf.50ffab2ff95dee9da319393c5b28e96b.jpg,416,416,1
train,00014_00011_00008_png.rf.cbca1347dd01ea73fe81199f21c2725d.jpg,416,416,1
train,00014_00011_00011_png.rf.5ec9bb8ff8fc9af691125dd2572334fc.jpg,416,416,1
train,00014_00011_00014_png.rf.8f2730bfa67d9e9ebe622b1bc98af730.jpg,416,416,1
train,00014_00011_00016_png.rf.91464d6ca2f381bbaf694a9961ae72a3.jpg,416,416,1
train,00014_00011_00025_png.rf.dac345d75fb9424a8af99d45e2fabf83.jpg,416,416,1
train,00014_00011_00026_png.rf.c1ec5b9a1ce3e0d90fd11b52271dac8a.jpg,416,416,1
train,00014_00011_00028_png.rf.a807afcdd051eb0edf9a137b7b635fce.jpg,416,416,1
train,00014_00012_00001_png.rf.7ecb72321d580baeeec2e8a96721822b.jpg,416,416,1
train,00014_00012_00003_png.rf.94ef5bc74bebfab11554c5637fab50c2.jpg,416,416,1
train,00014_00012_00004_png.rf.2041d4b68d08413376137d57e4778557.jpg,416,416,1
train,00014_00012_00005_png.rf.e8a7fc2fb921dd816547a1f2aa7f4460.jpg,416,416,1
train,00014_00012_00027_png.rf.ae2550dbb20470c82eff04b2bb89f255.jpg,416,416,1
train,00014_00013_00002_png.rf.f316f89063dbc19f7194bed8bca0f2b1.jpg,416,416,1
train,00014_00013_00006_png.rf.c39448e99355e1fc1ebd5d0f6eebc03a.jpg,416,416,1
train,00014_00013_00009_png.rf.249445fe26af96a2cc84c664ec794928.jpg,416,416,1
train,00014_00013_00013_png.rf.3f18aa2ed1f9897c0ec10f781bbaec46.jpg,416,416,1
train,00014_00015_00001_png.rf.feda8bea1a6940815f1045847bd482b8.jpg,416,416,1
train,00014_00015_00002_png.rf.34fea044ea61088eb6bc0b20c31a1ebe.jpg,416,416,1
train,00014_00015_00003_png.rf.0dbc78af20d916c0489fe5f0c39794dc.jpg,416,416,1
train,00014_00015_00004_png.rf.4295f002a5b31f762ac25079bf881d76.jpg,416,416,1
train,00014_00015_00005_png.rf.a61290764787829450d60269404cb2d5.jpg,416,416,1
train,00014_00015_00006_png.rf.a3dc2274219112567bc705044004a4d6.jpg,416,416,1
train,00014_00015_00007_png.rf.ec29d949f7cfc1c4e0d6180fc9e7bd31.jpg,416,416,1
train,00014_00018_00010_png.rf.396c3d05ea94d50c9f383fd8920bd199.jpg,416,416,1
train,00014_00021_00002_png.rf.bd0269639ea3e797bfa2d7f9c82cc034.jpg,416,416,1
train,00014_00021_00003_png.rf.eca973afad312493c737e7353b59d707.jpg,416,416,1
train,00014_00021_00004_png.rf.7ac427500876f6f277d82d3df616bb48.jpg,416,416,1
train,00014_00021_00014_png.rf.8d65197c42967399a5433f6e2e4a5e40.jpg,416,416,1
train,00014_00021_00015_png.rf.497a139d7723e10b0501eb89089d85b2.jpg,416,416,1
train,00014_00021_00017_png.rf.629989ce45a2660f7f152449bca4567c.jpg,416,416,1
train,00014_00021_00019_png.rf.a6f30166a19c7ddfe263cd3e5792aaf1.jpg,416,416,1
train,00014_00021_00020_png.rf.424df935a6eee6e8f5779a01ebaa85fb.jpg,416,416,1
train,00014_00021_00021_png.rf.c076df0d5ab68b9b8c01ba9358f4f98e.jpg,416,416,1
train,00014_00021_00023_png.rf.b25e79cee95b53d71c5c7410e45ae2ac.jpg,416,416,1
train,00014_00021_00024_png.rf.deb029466af8248c2939443842eb5f65.jpg,416,416,1
train,00014_00021_00025_png.rf.9702967bb7982687b38caae5fe67ffbc.jpg,416,416,1
train,00014_00021_00026_png.rf.73754c55b4fea5128d9b61295e83b44a.jpg,416,416,1
train,00014_00021_00027_png.rf.3f9484fbc656764f730282bdfbf8fed1.jpg,416,416,1
train,00014_00021_00028_png.rf.0cf247c272b2fda1bcc61b86e317fca8.jpg,416,416,1
train,00014_00021_00029_png.rf.fa62695eed4371cee668450761f65b1d.jpg,416,416,1
train,00014_00022_00000_png.rf.5a1275513eec408f8638080a93413ec4.jpg,416,416,1
train,00014_00023_00006_png.rf.b52d74510f51c5c35a3c3ff332ae7a59.jpg,416,416,1
train,00014_00023_00007_png.rf.25af1a5a8b032d5e934c3b4fd3cb80a2.jpg,416,416,1
train,00014_00023_00008_png.rf.2cf9b4dbd2c463f36ab03e780b5e0994.jpg,416,416,1
train,00014_00023_00009_png.rf.c63b291f417d04eb73b258e9ed05df14.jpg,416,416,1
train,00014_00023_00013_png.rf.6477af83bd29623ffeb4b1ce0671b087.jpg,416,416,1
train,00014_00023_00022_png.rf.242bda0d2e2dd27474a236cca6524003.jpg,416,416,1
train,00014_00023_00023_png.rf.6a5517560627d8e3d54ef04c356375d7.jpg,416,416,1
train,00014_00024_00017_png.rf.74f39a6978ef95a4966512d40b68f6bf.jpg,416,416,1
train,00014_00025_00015_png.rf.7e6be9ef3c3d9e9978890c3d5e30c8a9.jpg,416,416,1
train,00014_00025_00016_png.rf.1fe4fb6ff3010ba8d3a8e2d070495c89.jpg,416,416,1
train,00014_00025_00017_png.rf.f3e45415561c9254be45918ddf350ceb.jpg,416,416,1
train,00014_00025_00018_png.rf.365544feaf11bf0e3a32c3ff9823f7e7.jpg,416,416,1
train,00014_00025_00019_png.rf.0b2934e376bdfb57f890af9142aff721.jpg,416,416,1
train,00014_00025_00024_png.rf.68b06437c568098e7eba1b1ce996e0d9.jpg,416,416,1
train,000150_jpg.rf.2c44422159acbdd2b7d4fa326955cb4a.jpg,416,416,1
train,000151_jpg.rf.b93930b69f03f67d7f9ccaba350331b1.jpg,416,416,1
train,000152_jpg.rf.d9588ae37404444d96752e0e779e3a3d.jpg,416,416,1
train,000153_jpg.rf.918cb3f4dcfe88198c764e33fd0dbb4b.jpg,416,416,1
train,000155_jpg.rf.e139a8005abf90b98110be4d3cb96726.jpg,416,416,1
train,000156_jpg.rf.5eefdd99a64e63d4eceb8744136d1e66.jpg,416,416,1
train,000157_jpg.rf.5333517eb0172e5cd4a2b8d64192dbe6.jpg,416,416,1
train,000167_jpg.rf.73d47424d3dc7437a9d36c898c04937f.jpg,416,416,1
train,000168_jpg.rf.417d3c8c3442b298851a88158ffe9e43.jpg,416,416,1
train,000169_jpg.rf.ceb453bb45cd8b325a5b4790622b45bb.jpg,416,416,2
train,000170_jpg.rf.5cee496d4d00277e9e3a248ad2dcb057.jpg,416,416,1
train,000171_png_jpg.rf.fa7f4611637bbb1cbdb199239e3c3a5f.jpg,416,416,1
train,000172_jpg.rf.5626b33d2b3b17542a87851ed563671d.jpg,416,416,1
train,000173_jpg.rf.b9bbda40dc349a896a63af61dde22409.jpg,416,416,1
train,000177_jpg.rf.687bee8d0096435c7b860acaf3c7241c.jpg,416,416,1
train,000179_jpg.rf.e0a32b77cc3563a980cd8b660152735d.jpg,416,416,1
train,000180_jpg.rf.bcd2e47552b9c774a2053d5b8ea92aec.jpg,416,416,1
train,000181_jpg.rf.91876ca35d7cddc0695f6785ebb1742c.jpg,416,416,1
train,000182_jpg.rf.0e31b0b65cf006b7c3ea3c4a866f65bb.jpg,416,416,1
train,000183_jpg.rf.f5a7589a5a841813598742df19ee4127.jpg,416,416,1
train,000184_jpg.rf.a5dbb35d3d0b8350b3e885aa3d7fe16f.jpg,416,416,1
train,000185_jpg.rf.bd838e42fd9c40689e7ea2157e482ed6.jpg,416,416,1
train,000186_jpg.rf.0e705a6f345b31978de45605a2d8561e.jpg,416,416,1
train,000188_jpg.rf.54284ffa354b84d3057d71ff9e6a3acb.jpg,416,416,1
train,000189_jpg.rf.ecb9ff07ee7194fe78d2488642ba4e2d.jpg,416,416,1
train,000190_jpg.rf.253c4ac925b0f61e745048e1c30247f2.jpg,416,416,1
train,000192_jpg.rf.0fc917837e43f9fd3111e7debb07d536.jpg,416,416,1
train,000194_jpg.rf.857bd810aadf90b93ab077277df5e023.jpg,416,416,1
train,000195_jpg.rf.43a241df1cbf0a1af2f579634c144f71.jpg,416,416,1
train,000196_jpg.rf.bf21ca201d481af2a969ae53a85a9bf6.jpg,416,416,1
train,000199_jpg.rf.016ea68dc78ec36e81cc4f4f37d7addf.jpg,416,416,1
train,000200_jpg.rf.0361c463bc26438aaf4fa2fea0d76833.jpg,416,416,1
train,000201_jpg.rf.b47e6a51b6eadc4fef6a04e803e10e78.jpg,416,416,1
train,000205_jpg.rf.53c622b86a3e7dd8820048b000037b3b.jpg,416,416,1
train,000206_jpg.rf.85d25175a4ff3c22229a38e3025fdd5a.jpg,416,416,1
train,000207_jpg.rf.c94df3bc2b3a1059a5aea7fe26095b79.jpg,416,416,1
train,000209_jpg.rf.3c41aca88e5fb78bc1f0c615aff6753b.jpg,416,416,1
train,000210_jpg.rf.89faa0db0e70c5306efcd76b63d364ee.jpg,416,416,1
train,000211_jpg.rf.664aa78edf02f2e3d171b0308b9dd579.jpg,416,416,1
train,000212_jpg.rf.5ad320ca50fa0eed2b47cd161dd58a10.jpg,416,416,1
train,000213_jpg.rf.f8770626bfb4d820af875f56f139c920.jpg,416,416,1
train,000214_jpg.rf.35cc7ea25b142341c1b99a4222a0f39d.jpg,416,416,1
train,000215_jpg.rf.9eb4d513ff455c880e4eed386f81735b.jpg,416,416,1
train,000217_jpg.rf.827df9f2e39f3640c5fb417b2a535e8a.jpg,416,416,1
train,000218_jpg.rf.0e673fec1ee9cf965360001c69b6b5c9.jpg,416,416,1
train,000222_jpg.rf.e565e81f378329e383d08a3298495bbe.jpg,416,416,1
train,000224_jpg.rf.7b637b210f5b3535e40348533bc8c934.jpg,416,416,1
train,000225_jpg.rf.92ffbbfa66508130a9cfb4176a12d1d1.jpg,416,416,1
train,000226_jpg.rf.db3b49d61a5f7794ab9aec8114a970a4.jpg,416,416,1
train,000227_jpg.rf.740b5b8a5b19a6f910fdf1f838954fee.jpg,416,416,1
train,000228_jpg.rf.d723e01ac79ba2d811f53b37be0b1e46.jpg,416,416,1
train,000229_jpg.rf.8352af8cbc73c4514d3cbb056884831b.jpg,416,416,1
train,000230_jpg.rf.0e8228613feb7cc591cb55312f4feb38.jpg,416,416,1
train,000232_jpg.rf.3a87ab3ecaa4db879650cf0d76415fc3.jpg,416,416,1
train,000233_jpg.rf.46219c537fd43b16767952ae692f543d.jpg,416,416,1
train,000234_jpg.rf.4e62215084f2a70ae7deba8273d0aa35.jpg,416,416,1
train,000235_jpg.rf.58009e601f129b35cbbb2dbb6336cfc2.jpg,416,416,1
train,000236_jpg.rf.a8534860fac43c093977b991687845e7.jpg,416,416,1
train,000237_jpg.rf.f6a946e6c17afb5e60bdd29d444b698c.jpg,416,416,1
train,000240_jpg.rf.f67fdae5c8016a60f0d895f30c699f29.jpg,416,416,1
train,000241_jpg.rf.ee9ee3a9130525ad3a28d79d58fb8806.jpg,416,416,1
train,000243_jpg.rf.8ef08ce07a0885b98caee0372d61bca0.jpg,416,416,1
train,000244_jpg.rf.238f67b3b2848d8ec01e0678f4a69b14.jpg,416,416,1
train,000245_jpg.rf.118593a1e3dad4ffe6dcafd98b5c9e73.jpg,416,416,1
train,000246_jpg.rf.9eff0a310d474a091908b7912a4b092e.jpg,416,416,1
train,000247_jpg.rf.0ef07b267eadc38ebebc4c5fb953f45b.jpg,416,416,1
train,000248_jpg.rf.18f3d47b6392f7e872b5861e09d0516d.jpg,416,416,1
train,000250_jpg.rf.a2c3ca64cfc6c8c91ddf7a3f8615e079.jpg,416,416,1
train,000251_jpg.rf.754d0de4a46f77738200ea3e035bb14d.jpg,416,416,1
train,000252_jpg.rf.86a8d867c32caabf8d8ae7c43d80a1d1.jpg,416,416,1
train,000253_jpg.rf.13f54ebbac09bed852466664dc07cc64.jpg,416,416,1
train,000255_jpg.rf.f42ce82c35970d3c63d923126dc4ec45.jpg,416,416,1
train,000256_jpg.rf.fd75fcaff51e7ba7548a218c83864469.jpg,416,416,1
train,000258_jpg.rf.5f742a56f18971dc0772b937401b2f49.jpg,416,416,1
train,000259_jpg.rf.ac517eef0b0ea7d0cf91ae3b2d76e4a6.jpg,416,416,1
train,000260_jpg.rf.998e8b2b2f5c0a102c1acd6766cbe3a7.jpg,416,416,1
train,000262_jpg.rf.34561f180ef87fe443649d14fbd26dfa.jpg,416,416,1
train,000265_jpg.rf.2607fd94f0622b6b71175eaf5ac002c5.jpg,416,416,1
train,000266_jpg.rf.e1b9817d527e77251ff60a92bd11b2c4.jpg,416,416,1
train,000268_jpg.rf.6f1bc10a212e7735714926ab68c4f09b.jpg,416,416,1
train,000270_jpg.rf.7bf648c782415c8d2a7c94e18f7ec7ee.jpg,416,416,1
train,000271_jpg.rf.88ac4f4dc36f46170d4de164223e6411.jpg,416,416,1
train,000272_jpg.rf.d730d059e31c1eb7ee7cfa6a495c3ee9.jpg,416,416,1
train,000273_jpg.rf.76a2e1aeef2be9d6545000cb75a4a24a.jpg,416,416,1
train,000274_jpg.rf.fb8423a4f69f9b9adc21dc12abe787fb.jpg,416,416,1
train,000275_jpg.rf.ac3ad168ee28884c5f9a082c94ab8183.jpg,416,416,1
train,000276_jpg.rf.1f7707afca43dfb1ac284cee58302638.jpg,416,416,1
train,000277_jpg.rf.73d27b826ede76b539a5e895fdddb3e5.jpg,416,416,1
train,000278_jpg.rf.76a4c7da2b38d0c95bda4aed24288a4b.jpg,416,416,1
train,000279_jpg.rf.b9f970e5c95cd203be950e4a54542de5.jpg,416,416,1
train,000280_jpg.rf.18e80d9285230a2952ab451d8d940d76.jpg,416,416,1
train,000281_jpg.rf.b1e05f38b306b8a95e01c081e55d271c.jpg,416,416,1
train,000283_jpg.rf.098052f3e6ab27c0b095cdbad0f741a7.jpg,416,416,1
train,000284_jpg.rf.afcf3920da46f35b9ffda312a46522b3.jpg,416,416,2
train,000285_jpg.rf.28e6644d3b7370c60241e3cf3d80650d.jpg,416,416,1
train,000291_jpg.rf.670d018aac747d5100d021a6c7ded531.jpg,416,416,1
train,000292_jpg.rf.e8e5a8258bad3f57b81bfe7468eb310c.jpg,416,416,1
train,000293_jpg.rf.f2a975f87287c67a9bb83c052c9e35e4.jpg,416,416,1
train,000294_jpg.rf.c69b7325c8c122ee1739cd4f3c76527a.jpg,416,416,1
train,000296_jpg.rf.3d563b050199690688416cc8a5ec6b52.jpg,416,416,2
train,000298_jpg.rf.49dec01a3717f93d7a64591b709b58a2.jpg,416,416,1
train,000301_jpg.rf.768f272b7b6d418feb1ca50bb9f28573.jpg,416,416,1
train,000303_jpg.rf.70ec267979ef67672aa2f1a12f8060d2.jpg,416,416,1
train,000304_jpg.rf.3ffeda3709c0d23313b9653306530626.jpg,416,416,1
train,000306_jpg.rf.486c7bf014b5b502a845e7bd25bedd74.jpg,416,416,1
train,000307_jpg.rf.7ec072893ec2d0c625943ea7a6fa5517.jpg,416,416,1
train,000308_jpg.rf.0e74ce39c20d070ec930778296bc962c.jpg,416,416,1
train,000309_jpg.rf.6e07c352765f28c0d7d23a48e6774504.jpg,416,416,1
train,000310_jpg.rf.f86eedabc435255394f4df982ee6a0e7.jpg,416,416,1
train,000312_jpg.rf.89591fe3cc592b3812ae4079cf56832f.jpg,416,416,1
train,000313_jpg.rf.9f4398c2723f37cfcbc5f59a8a2f2982.jpg,416,416,1
train,000314_jpg.rf.064cb8f83a0826257a7c69f1d82a3c5c.jpg,416,416,1
train,000315_jpg.rf.49695a4bac0496ce3422cd4d10fb3674.jpg,416,416,1
train,000316_jpg.rf.bc3d33ecee17a4eccd34e9d69a505e74.jpg,416,416,1
train,000317_jpg.rf.cc9bf830f5abb8f0e2fbf0455fa481b1.jpg,416,416,1
train,000318_jpg.rf.6ceab1ad388fbc3a64139aed6cc2a68d.jpg,416,416,1
train,000321_jpg.rf.554aeef983f6eaa16e615e764094081b.jpg,416,416,1
train,000322_jpg.rf.ea161b37ac59a6256ffa8b3c0f4f3848.jpg,416,416,1
train,000323_jpg.rf.aae4d8923fb28b7f334a29255fdebfea.jpg,416,416,2
train,000325_jpg.rf.a2037f26fef91093ea7bd3dd3d77d6a8.jpg,416,416,1
train,000326_jpg.rf.480e9ef9260714b19b55236525c3abdc.jpg,416,416,1
train,000327_jpg.rf.251d65c529d67618a3c5957521782e33.jpg,416,416,1
train,000329_jpg.rf.86c00360ab4dff190ac3c2273eec94f9.jpg,416,416,1
train,000331_jpg.rf.628559b8221acccb9896370449ca7cb4.jpg,416,416,1
train,000332_jpg.rf.29fe035d4e434d2becfac7355df273b7.jpg,416,416,1
train,000333_jpg.rf.39543c85af3df7e3e999dbab7a643169.jpg,416,416,1
train,000334_jpg.rf.82ea757515b9c859ab2f341fb0a1196e.jpg,416,416,1
train,000335_jpg.rf.1f65f7e334e1b45af215ec88162b01b9.jpg,416,416,1
train,000337_jpg.rf.b928927fdc21a1f9659e25db715af6af.jpg,416,416,1
train,000340_jpg.rf.053bf68380cfa840f997e30cb9084fcb.jpg,416,416,1
train,000341_jpg.rf.5484c2381ef9f2ebd10b0b8f75e0fd07.jpg,416,416,1
train,000342_jpg.rf.99b0747bd953b063e0b9af51022596e7.jpg,416,416,1
train,000343_jpg.rf.488becec51d92f32a5b129bed061e58a.jpg,416,416,1
train,000345_jpg.rf.c3ac405ee159747e82499c4bb0a05d7f.jpg,416,416,1
train,000346_jpg.rf.1e9a35a10b9bb547d27a92c99256547c.jpg,416,416,1
train,000347_jpg.rf.f194935946adb3dbc089a8db683f0a28.jpg,416,416,1
train,000349_jpg.rf.c356539f74c0e6e6f2ca1cb0ed1cc9a5.jpg,416,416,1
train,000350_jpg.rf.fac8e37262f905f6182f18cc3024d446.jpg,416,416,1
train,000351_jpg.rf.64968d97978ff9dd5210d589b6c17318.jpg,416,416,1
train,000355_jpg.rf.6684d7b084949728bb43d83bd694a027.jpg,416,416,1
train,000356_jpg.rf.048f6c786bcdf372e398573809903145.jpg,416,416,3
train,000357_jpg.rf.66650277a1c8fd05294bc46c9a10788b.jpg,416,416,1
train,000358_jpg.rf.c5df67b411a341e423b7da32605a9bbc.jpg,416,416,1
train,000360_jpg.rf.d9aabbefdd803bcfab63d69fce293f35.jpg,416,416,1
train,000362_jpg.rf.786ad91389e130a42ef6a403f3d4b426.jpg,416,416,1
train,000365_jpg.rf.33ba60c14a1a17dabb7db8f02f70130b.jpg,416,416,1
train,000366_jpg.rf.6bf8d02b0863d3b12fcf979dcf3345b4.jpg,416,416,1
train,000367_jpg.rf.17e2dc9944a2c96ed7096b36d7e70c7c.jpg,416,416,1
train,000368_jpg.rf.9e1cd993bb94350532e2ec378efe1ec9.jpg,416,416,1
train,000370_jpg.rf.24f0e3a00d84e86abfcb8b521a4a3adf.jpg,416,416,1
train,000372_jpg.rf.cb75ff94c137b0c4c3236a5c69090dae.jpg,416,416,1
train,000374_jpg.rf.09f0efa1a25ecc107c012105e759c92a.jpg,416,416,1
train,000375_jpg.rf.36ae9b49befd225597c279c2716a7db1.jpg,416,416,1
train,000376_jpg.rf.bb916c6882b399ee6ffeab95d8bc8a8f.jpg,416,416,1
train,000377_jpg.rf.be986aa4fc01aec0135a29fdc5264780.jpg,416,416,1
train,000378_jpg.rf.0996c2d9399017f427c71db21d8ea3a8.jpg,416,416,1
train,000379_jpg.rf.1a4a1bf8f514c0320972ca50b0bd9576.jpg,416,416,1
train,000381_jpg.rf.3cda3563d2413afdad715041e6cd8505.jpg,416,416,1
train,000382_jpg.rf.a665e6b05dd0998eebe8b08be0fc067f.jpg,416,416,1
train,000386_jpg.rf.7cc8740f4e563ed13437ce11c1645daa.jpg,416,416,1
train,000388_jpg.rf.c50638c12b6e3270993ad273cbe43618.jpg,416,416,1
train,000389_jpg.rf.2c78fce0358d3ce330d8f5e7b5c248c1.jpg,416,416,1
train,000390_jpg.rf.cc625800388ed3642cb4e95f3e9a94c1.jpg,416,416,1
train,000392_jpg.rf.22d78d936b4634c8c2c625f5ecaf47ed.jpg,416,416,1
train,000393_jpg.rf.4e818440b5d310e6c034667effd2cb6b.jpg,416,416,1
train,000395_jpg.rf.5bd05de287286fc58cf1937fcf15b439.jpg,416,416,1
train,000396_jpg.rf.3accde5237fcc2ad2bceb7396e818edf.jpg,416,416,1
train,000397_jpg.rf.ac0758f771c5879a6940e0a0a3eba9ac.jpg,416,416,1
train,000398_jpg.rf.23ee45ac6ba31e3b72ca65cdf8ffe4ac.jpg,416,416,1
train,000400_jpg.rf.8aeefbbfb6d1d3edba87e058c63941f7.jpg,416,416,1
train,000402_jpg.rf.5f1af52bdc20fd61bdb3ed6cfef3aae7.jpg,416,416,1
train,000403_png_jpg.rf.62973b0d2b503d888d36e6324fd96a85.jpg,416,416,1
train,000404_png_jpg.rf.da9dbbe277e0064f87093383203de87c.jpg,416,416,1
train,000405_jpg.rf.202e01d79a6f34a811d8313294c58b26.jpg,416,416,1
train,000406_jpg.rf.1f5ebcb37506caf8ece80e152210d396.jpg,416,416,1
train,000410_jpg.rf.f3c4d482d6d58dbb3007adb19f8c2b67.jpg,416,416,1
train,000411_jpg.rf.c2b21ae86c3caee21da4242174d6f0ca.jpg,416,416,1
train,000414_jpg.rf.418651ca04cd91f2a5da17b4870753d6.jpg,416,416,1
train,000415_jpg.rf.d31f72252b7d68ed8c7c751a8ae528a6.jpg,416,416,1
train,000416_jpg.rf.803e92765818a0f7401bfc689f5bcf15.jpg,416,416,1
train,000417_jpg.rf.94318594f49a7f32a6923f944b116df0.jpg,416,416,1
train,000418_jpg.rf.50cba86d67ba930c854a99a791166e90.jpg,416,416,1
train,000419_jpg.rf.d8396b3af0ee18c78921b8b8f822861e.jpg,416,416,1
train,000421_jpg.rf.3386ad9ac1815448dddfe9f0f53e7615.jpg,416,416,2
train,000422_jpg.rf.d9a7a8f428846c93162578550ffe205a.jpg,416,416,1
train,000423_jpg.rf.f1f135978f4fca5272b0509c86102262.jpg,416,416,1
train,000424_jpg.rf.79bece8e750129af99bca5825d4709aa.jpg,416,416,2
train,000425_jpg.rf.08ce0b88148fc14ceb857c11a860bca2.jpg,416,416,1
train,000426_jpg.rf.cadf2c052b9f1477663d0a2d08fdf5a9.jpg,416,416,1
train,000427_jpg.rf.5bfb0f3bd676573a4f056a0a308f3f6e.jpg,416,416,1
train,000428_jpg.rf.d63c48a4e019683360be0dabec325533.jpg,416,416,1
train,000429_jpg.rf.01cbaad7df601d719d38306ea5dc8516.jpg,416,416,1
train,000430_jpg.rf.1008366e8e2805837605a83fc64bc470.jpg,416,416,1
train,000431_jpg.rf.13c312b7e416cb899589600b0244cb5c.jpg,416,416,1
train,000433_jpg.rf.d08930209ae3cb879cb036131fafa705.jpg,416,416,1
train,000436_jpg.rf.dc20a165f594828274c3973153e0f556.jpg,416,416,1
train,000438_jpg.rf.ee12378f07cf3d58984006e139fa7278.jpg,416,416,1
train,000440_jpg.rf.625c9c34c89853fd05f18884cf8f3910.jpg,416,416,1
train,000441_jpg.rf.8e0a33dcb55d388dffd3d4c02c682ec1.jpg,416,416,1
train,000442_jpg.rf.ba8db02296c62251a90ee66d598f1594.jpg,416,416,1
train,000444_jpg.rf.467262e1a82c7e969cea2a8e5f253aee.jpg,416,416,1
train,000445_jpg.rf.02deae4f15514b713f4c6ee6bc0ec9fd.jpg,416,416,1
train,000447_jpg.rf.07be03e0916d33a5d94ca070637a9236.jpg,416,416,1
train,000448_jpg.rf.daa45bc7edd215aa1573ee79355c5f0e.jpg,416,416,1
train,000449_jpg.rf.3ce309925539a9fdd50042e9722b7c01.jpg,416,416,1
train,000451_jpg.rf.806cbf3c3f24eb79bb77476a0c87fef5.jpg,416,416,1
train,000452_jpg.rf.9ab96099b5d9d88efe00a1685e7ec141.jpg,416,416,1
train,000453_png_jpg.rf.925c12e180ea598d9d12c78f00b71878.jpg,416,416,1
train,000454_jpg.rf.12e9f4d46d7fff933585c11fd4389a88.jpg,416,416,1
train,000455_jpg.rf.9dd1939badf4f95009b6826c0c21f46e.jpg,416,416,1
train,000457_jpg.rf.e8907023524ad4f21df860fa1dcdd6e4.jpg,416,416,1
train,000459_jpg.rf.f24387bc81f847e70797364238eb1991.jpg,416,416,1
train,000462_jpg.rf.d18b52de2707519629917a6f732ca798.jpg,416,416,1
train,000465_jpg.rf.cd0f8d9fd6feed393866f12e8708d04b.jpg,416,416,1
train,000467_jpg.rf.fd74cdf076d5e84f60d4da30115fabb3.jpg,416,416,2
train,000468_jpg.rf.9c1d896523996c1b55229a7ca92b68f3.jpg,416,416,1
train,000469_jpg.rf.60cb6c7689013749d42aca2ba8d4b754.jpg,416,416,1
train,000472_jpg.rf.8788b22e387e2489f3c64eae519ec8da.jpg,416,416,1
train,000473_jpg.rf.a5eec61a8668e6a3209b50721c24476d.jpg,416,416,1
train,000477_jpg.rf.75e2c82c1698b9ddc7c8740952f1b296.jpg,416,416,1
train,000479_jpg.rf.c7e18c13ba47474e3f76bcb124994f5b.jpg,416,416,1
train,000480_jpg.rf.870c1a298b7ae1769100e8130ba79579.jpg,416,416,1
train,000481_jpg.rf.a93bc64aa0282b80fc5654630f714619.jpg,416,416,1
train,000482_jpg.rf.d6330a6e4c7e0bf7b5274add14067e58.jpg,416,416,1
train,000483_jpg.rf.d67df6e245f66c4a6fdb2dce4e647b93.jpg,416,416,1
train,000484_jpg.rf.ee27d183b11986a6afa63393db18b197.jpg,416,416,1
train,000486_jpg.rf.e363940aa37e5d05cb496fe229d9183a.jpg,416,416,1
train,000487_jpg.rf.3243e7eb236f30639fca94814c1fe8ca.jpg,416,416,1
train,000489_jpg.rf.1b6abb5c1c6378b70dd27f117a8ec35f.jpg,416,416,1
train,000493_jpg.rf.e254a2b6859dc2b326185f5c6a74c836.jpg,416,416,1
train,000494_jpg.rf.8a4b1cb89bf0abfba7b421cdd2c33f00.jpg,416,416,1
train,000496_jpg.rf.f4298a3610af225cfbd7c49e72fb36d7.jpg,416,416,1
train,000497_jpg.rf.99b1d40ae783d333263d955db1fbe0a6.jpg,416,416,1
train,000499_jpg.rf.2686fb5ccf0822520ab89db00575fa48.jpg,416,416,1
train,000501_jpg.rf.2084b9485a13071e325de2f18b55bdbd.jpg,416,416,1
train,000502_jpg.rf.26943cb4f729401c9c34fbcbe8ebf38a.jpg,416,416,1
train,000503_jpg.rf.fc4a678fd6298e15217ebf483646617a.jpg,416,416,1
train,000504_jpg.rf.84750a85bb87238d8e49112d2c848b27.jpg,416,416,1
train,000505_jpg.rf.1bdd7daad18e81214e5b11aa16f91c1d.jpg,416,416,1
train,000506_jpg.rf.13c75e6a13ce38c5c0f4ac4ca00efb9c.jpg,416,416,1
train,000508_jpg.rf.b8a86d3d62fda256d1cd70a6873ce810.jpg,416,416,1
train,000509_jpg.rf.16b9e9d5d31cabdf0763d1669384ed12.jpg,416,416,1
train,000510_jpg.rf.be5ff94395c2e4fe9c3e760af473ac5e.jpg,416,416,1
train,000511_jpg.rf.df96c05a433dc47ecba3a40a3730449a.jpg,416,416,1
train,000513_jpg.rf.9e556719fcb522e16412c858c38dafb5.jpg,416,416,1
train,000515_jpg.rf.8ac7e6fd639a802a16f11ddedf586393.jpg,416,416,1
train,000517_jpg.rf.c4898f5720b650806f45813c22326126.jpg,416,416,1
train,000519_jpg.rf.deeb7e3eefd9d767cc9f689abf6b8f40.jpg,416,416,1
train,000522_jpg.rf.882be394009ab505151bc2a87170a59e.jpg,416,416,1
train,000523_jpg.rf.4eb67a543e28f75452d1626b683ec6de.jpg,416,416,1
train,000524_jpg.rf.dc6a0ee698d35bef1e06e8a3d0599f33.jpg,416,416,1
train,000526_png_jpg.rf.114ddcbd9e60192946a3f375be5a21dc.jpg,416,416,4
train,000527_jpg.rf.1bacdffd223b33c38a364eec373ddb7d.jpg,416,416,1
train,000528_jpg.rf.09244b0cc7c4499f8759bfd8a2a3896d.jpg,416,416,1
train,000529_jpg.rf.23f0c5106702a730db8add4b029945ad.jpg,416,416,1
train,000530_jpg.rf.e98db496a17e228ecc17c638b6c7e53f.jpg,416,416,1
train,000531_jpg.rf.f73209cb696bbdfcb484b84ddcd56e6e.jpg,416,416,1
train,000532_jpg.rf.8fe2fb2b29c38e9de511d5699646d436.jpg,416,416,1
train,000533_jpg.rf.1c8061cbaeff84d86009db86e0e80b61.jpg,416,416,1
train,000535_jpg.rf.ca1fbc8ecaaeee7873e2ad16e417f558.jpg,416,416,1
train,000536_jpg.rf.a0b29a122f118049e19a001eea8c34a7.jpg,416,416,3
train,000538_jpg.rf.17200d4a864165110c71b1498dc60d5f.jpg,416,416,1
train,000539_jpg.rf.0e291b408f72396829b3ec4ceb821fc8.jpg,416,416,1
train,000540_jpg.rf.06c759fbbbf7304ec5a31736ff8e46d1.jpg,416,416,1
train,000541_jpg.rf.5a002bfa3d9db597945197c36649f8a1.jpg,416,416,1
train,000543_jpg.rf.23dd28fd59dc294b51f48139170b4c23.jpg,416,416,1
train,000544_jpg.rf.6c4a6c17eb3976de11f160de6fc33938.jpg,416,416,1
train,000545_jpg.rf.fea2d51fb2f69f9443066e69237f53d0.jpg,416,416,1
train,000546_jpg.rf.8e04f81bb6df11d0923033cbbb01a65f.jpg,416,416,1
train,000547_jpg.rf.6cc3110639a9b8680d4a21e9616f1d85.jpg,416,416,1
train,000548_jpg.rf.1e01c6471ec172add1a7bbd90812e515.jpg,416,416,1
train,000549_jpg.rf.e0c8de2616d6d7c3b949a3dcc65ff24f.jpg,416,416,1
train,000550_jpg.rf.c9165a353dfaa674d043e3ec7408d914.jpg,416,416,1
train,000551_jpg.rf.7563eda51d1a55fd9be962badccb63b2.jpg,416,416,1
train,000552_jpg.rf.3898179186910742f350f853f52e15e9.jpg,416,416,1
train,000553_jpg.rf.5b41f1181900eeb64bf9bcf30ae7503c.jpg,416,416,1
train,000554_jpg.rf.309b4f5dd9182b6fba98f0c324cb578a.jpg,416,416,1
train,000555_jpg.rf.b9e915ef3a6ab21ecfc6f5cb92957d15.jpg,416,416,1
train,000556_jpg.rf.cbd80da5790f946dd5e35fce5e29c015.jpg,416,416,1
train,000557_jpg.rf.2e451783a2022bb1851138a2bcccbaae.jpg,416,416,1
train,000559_jpg.rf.e1a6dcc12c122dde952d392aa048805b.jpg,416,416,3
train,000560_jpg.rf.1ccbde6e35c12da34566cb90fde34227.jpg,416,416,1
train,000561_jpg.rf.b44db8a0a3acc3836e6b95c2eb18db27.jpg,416,416,1
train,000562_jpg.rf.6cd151c7883b7ba87a62747641885dc7.jpg,416,416,1
train,000563_jpg.rf.470d738ae147805d336ca6c846c1c42c.jpg,416,416,1
train,000564_jpg.rf.48de7db2d9ceea1ccb63ba202a7eb063.jpg,416,416,1
train,000565_jpg.rf.6dda188c0af5fae1913ab9f466178a61.jpg,416,416,1
train,000568_jpg.rf.823ccf12fc7b5f46135ba16984d01cd2.jpg,416,416,1
train,000570_jpg.rf.f88768450c8af85503168f8c995c84ee.jpg,416,416,1
train,000571_jpg.rf.3e9e70d64079154f9bfd6f7770809473.jpg,416,416,1
train,000573_jpg.rf.abf302056488fad0ecf843d300aba0bd.jpg,416,416,1
train,000574_jpg.rf.5ada8fbb68de0399f2795d7223526401.jpg,416,416,1
train,000575_jpg.rf.0d47a8c99c86f89da7b63ce5f9fcd153.jpg,416,416,1
train,000576_jpg.rf.10720f1874c95c49713dac2eea5985ed.jpg,416,416,1
train,000577_jpg.rf.876aac0944b0734ce72788eaafc494a9.jpg,416,416,1
train,000578_jpg.rf.000698b6764a8f496ab6fbc8d3a1b916.jpg,416,416,1
train,000579_jpg.rf.c4129e689d9aabe7cc5bea941547964e.jpg,416,416,1
train,000580_jpg.rf.f4d46e1e89c7f8de7265c773e1ef0cd2.jpg,416,416,2
train,000581_jpg.rf.6497be1b4b0be9b04a7ca04a13851716.jpg,416,416,1
train,000582_jpg.rf.31f0841cf9991e0bc7bb9ffb9b6b9a8c.jpg,416,416,1
train,000583_jpg.rf.f2242f60414d4459c0d47beb84f18f08.jpg,416,416,1
train,000585_jpg.rf.f4b76dbccfd082f8aa91765f8aa08244.jpg,416,416,1
train,000587_jpg.rf.df7f73abb53416530df4ce06ee6adf82.jpg,416,416,1
train,000588_jpg.rf.d12787aed0236cdb55865b7f6b29f466.jpg,416,416,5
train,000589_jpg.rf.950369d2a79a293eaec442521f1d5e11.jpg,416,416,1
train,000590_jpg.rf.f11cf81fa54b7b33ced15d596112898e.jpg,416,416,1
train,000591_jpg.rf.8dcb9702d43570e32e0ccdae15b2cdf7.jpg,416,416,1
train,000593_jpg.rf.33895f05736274c3ff6111b8b9d3f095.jpg,416,416,1
train,000594_jpg.rf.946ad2497ceada9356d0db186c850b85.jpg,416,416,1
train,000597_jpg.rf.f83e159177498149297753a97ebb0eb0.jpg,416,416,1
train,000598_jpg.rf.9bda19c9a2e43bac29cd893845926655.jpg,416,416,1
train,000600_jpg.rf.31d4aa5a19067f933c3fdb501e362674.jpg,416,416,1
train,000602_jpg.rf.c3d2130dc67d61f76816b65ccf27f9be.jpg,416,416,1
train,000603_jpg.rf.6d2390427dfaf97180128d9b933a1f39.jpg,416,416,1
train,000605_jpg.rf.597b69e2d29520b1ef61c9801dafb999.jpg,416,416,1
train,000606_jpg.rf.8e0497d6e0fe50333f8d64b7aa11ae1c.jpg,416,416,1
train,000607_jpg.rf.a4cade8b3aa5d685a495383e3e188031.jpg,416,416,1
train,000608_jpg.rf.7f5adad446cb9c7903786659df775002.jpg,416,416,1
train,000609_jpg.rf.e0bddcf5dcb01c5940445c4dcddd4589.jpg,416,416,2
train,000610_jpg.rf.e3b7ed159e76d10847dacb25f0cab54b.jpg,416,416,1
train,000611_jpg.rf.cc2015ab363debb382e1f855c07498c8.jpg,416,416,1
train,000612_jpg.rf.4480dfcb1e7465e2d95f9fd942b8790e.jpg,416,416,1
train,000613_jpg.rf.beae9530ffe2d73c5d6fb3db830e2db5.jpg,416,416,1
train,000614_jpg.rf.7d1d2b26649d33c17234043ed1a7965e.jpg,416,416,1
train,000615_jpg.rf.a435a679f341e32f2cc26e12d644a7ed.jpg,416,416,1
train,000616_jpg.rf.ae9930eba1975b30d0460c70ea5d87df.jpg,416,416,1
train,000617_jpg.rf.44d9d485d15f3ca4025fd2317529a309.jpg,416,416,1
train,000619_jpg.rf.6c4fcc050f3625f9521df9402f64e0aa.jpg,416,416,1
train,000620_jpg.rf.26ab0a9b6474f5af10ed43737b25127a.jpg,416,416,1
train,000621_jpg.rf.49a2e8c20b07a14cc22a8edd393e6384.jpg,416,416,1
train,000622_jpg.rf.d4ba50b06d687a17b571f4efdd93530f.jpg,416,416,1
train,000623_jpg.rf.fca4bf00aa2e22e850d46188dfc5394a.jpg,416,416,1
train,000624_jpg.rf.2dbbe1d266111a9152e00f57e46676ce.jpg,416,416,1
train,000625_jpg.rf.f756bfd2c02c13ecc5a2ab95930678f9.jpg,416,416,1
train,000627_jpg.rf.c83cac476d03fd954a9bbb1bc667a60c.jpg,416,416,1
train,000628_jpg.rf.280ea523a4928476c3868bd4c9f319ac.jpg,416,416,1
train,000631_jpg.rf.6349efc111a3739d96fa035a842bb358.jpg,416,416,1
train,000632_jpg.rf.0fea0d9aed040df7033ed2f2208855fb.jpg,416,416,1
train,000633_jpg.rf.d68f01254bfd3d389edc15798d44b35f.jpg,416,416,1
train,000634_jpg.rf.fd33e5b4ba6dc02d85f6bcd40105285b.jpg,416,416,1
train,000636_jpg.rf.4bc7eb461c84c282992ce740e67744a9.jpg,416,416,1
train,000637_jpg.rf.40b6991971a2357ae38e26c36c1d623a.jpg,416,416,1
train,000638_jpg.rf.b9cb97c1bfe46df97adee904dc8b25a3.jpg,416,416,1
train,000639_jpg.rf.68c40d9de05762578476929d3670cc9b.jpg,416,416,1
train,000640_jpg.rf.d64afd46029e4f762ba5b0629598c334.jpg,416,416,1
train,000641_jpg.rf.b80176a3c12ab342e866259d51a6d68d.jpg,416,416,1
train,000642_jpg.rf.d1807cd6933bb7217688deb31a8bdb90.jpg,416,416,1
train,000643_jpg.rf.51a35aa8496ce1b7413f43a46a79e217.jpg,416,416,1
train,000645_jpg.rf.c8a4d6c47c65fcf9fe3d9086be9c8894.jpg,416,416,1
train,000646_jpg.rf.e0d034e0354735a2d4bcbdf548447fbd.jpg,416,416,1
train,000647_jpg.rf.0e072ae10944dd8ccfd62be5e7c095c3.jpg,416,416,1
train,000648_jpg.rf.515554f5e640a5464f12bf6042d9acc1.jpg,416,416,1
train,000650_jpg.rf.4d2b12fbc78ee5ef8545e408a2c33abd.jpg,416,416,1
train,000651_jpg.rf.f898bbe9bfa5fb3755c5566774176632.jpg,416,416,1
train,000653_jpg.rf.7385fb08c8ffd20d67145ec4746df6a8.jpg,416,416,1
train,000655_jpg.rf.b50c1db84b301d6053de9099203f0604.jpg,416,416,1
train,000657_jpg.rf.5d6875e867382e7e9addda8b01ea5204.jpg,416,416,1
train,000659_jpg.rf.78f82fcc88b170b1c98e58643c347b11.jpg,416,416,1
train,000660_jpg.rf.8d0bace41ff2b3112e08d01d705c0384.jpg,416,416,1
train,000662_jpg.rf.fb36809246ab7f4a219e508ffc4d2d5c.jpg,416,416,1
train,000663_jpg.rf.a0feef921915bafe8822d6308d821ef1.jpg,416,416,1
train,000665_jpg.rf.a912bcff0a20a76c527ac9bb9d2876ee.jpg,416,416,2
train,000666_jpg.rf.933d66a8bfb82924da55089fbe868cad.jpg,416,416,1
train,000667_jpg.rf.72f36d81539073ec365a328a69dd9e8e.jpg,416,416,1
train,000668_jpg.rf.f9a23cd86e6507990d622e36ae82cea5.jpg,416,416,1
train,000671_jpg.rf.74906b5e6bbab259dc74885da0d8aca6.jpg,416,416,1
train,000672_jpg.rf.2ce5a6be79ded0a59062fc00fe526660.jpg,416,416,1
train,000673_jpg.rf.256d860ab9ba86470355c06ddb7559ff.jpg,416,416,1
train,000674_jpg.rf.ebd9192e19077c04490cdec24c1b8e93.jpg,416,416,1
train,000675_jpg.rf.ef95db5a6a1a34e7049c49f2157c3953.jpg,416,416,1
train,000677_jpg.rf.d5fb66762eaa32a521ca4112bc067007.jpg,416,416,1
train,000678_jpg.rf.3886229cb2325e5c7767e1f99b99a7e0.jpg,416,416,1
train,000679_jpg.rf.f59683f27ace84a14ab185cedf7cad41.jpg,416,416,1
train,000681_jpg.rf.0f946b979160cd2b7c470c9f30c6d6a5.jpg,416,416,1
train,000682_jpg.rf.0cdc278377f7da7e99bc9dc398b74ed9.jpg,416,416,1
train,000685_jpg.rf.4d9f4cf3c7008ba20431a45431f1ad0d.jpg,416,416,2
train,000686_jpg.rf.44af3492bdf01216ffb55235caa8de40.jpg,416,416,1
train,000687_jpg.rf.91981f666b37e03654018776c7c1bf55.jpg,416,416,1
train,000688_jpg.rf.663e9560a08a05064d29383c249e5aa0.jpg,416,416,1
train,000690_jpg.rf.53973bba306890a18c2ffe12e174afaa.jpg,416,416,1
train,000691_jpg.rf.bb4a8f087525ba66cf80ab3f0a1644a0.jpg,416,416,1
train,000692_jpg.rf.2c2e212573e14266f74e98db1d670bc5.jpg,416,416,1
train,000693_jpg.rf.7d2eb76de1c4ef8e5bda5eb89b5e9e27.jpg,416,416,1
train,000694_jpg.rf.572aeba49654f20fe18e3b22250b5487.jpg,416,416,1
train,000696_jpg.rf.144d4ebc9fc7a73d447f35ffcc935443.jpg,416,416,1
train,000699_jpg.rf.0cb4511990c8486e707d3e3d82c5a9b3.jpg,416,416,1
train,000701_jpg.rf.a5fcfb8350ab27574a430009a29bea41.jpg,416,416,1
train,000702_jpg.rf.4d6fd0b47dc47ab81fb0091b7cf8ab24.jpg,416,416,1
train,000704_JPG_jpg.rf.56f148395f72de6500de86994e3f3419.jpg,416,416,1
train,000705_jpg.rf.9628932fa2037749861738696a6ea053.jpg,416,416,1
train,000706_jpg.rf.5e4e0d32110d444022ea3b88ebc5d4b5.jpg,416,416,1
train,000709_jpg.rf.9f305f36e306856bf3f61f1a3607dd9b.jpg,416,416,1
train,000710_jpg.rf.c7e72d80a87f269318d2830e3e2ecf6f.jpg,416,416,1
train,000712_jpg.rf.1b37474f829a7c6a9e949977bd126d85.jpg,416,416,2
train,000714_jpg.rf.c55aab94dcbc748ff287058e32c2a548.jpg,416,416,1
train,000715_jpg.rf.adba635434096513815f461adc85c03b.jpg,416,416,1
train,000718_jpg.rf.b5c7997172330ff0c1866e769af0ac43.jpg,416,416,1
train,000719_jpg.rf.e893ec7aaf9f275497b08f434bf41edb.jpg,416,416,1
train,000723_jpg.rf.7d00fa7b63ed128f09c9392441b7ece8.jpg,416,416,1
train,000724_jpg.rf.6747c90e5b932827abd53ccfd658a0bd.jpg,416,416,1
train,000725_jpg.rf.bec4ad257b73df6994d9b08642c3f001.jpg,416,416,1
train,000726_jpg.rf.016fb46d52d9eaa0c12d94d4a1164c5e.jpg,416,416,1
train,000727_jpg.rf.7e019dc04d26753b37b2c6c794b1ebc6.jpg,416,416,1
train,000728_jpg.rf.16e97825b89025222f8a12278e5c39c5.jpg,416,416,1
train,000730_jpg.rf.ec507599f7e541fda05f87ed0a587a50.jpg,416,416,1
train,000731_jpg.rf.6156c92e9be60e09177be63c29960390.jpg,416,416,1
train,000732_jpg.rf.388049b33ecb4f46b76d8037f7695bcc.jpg,416,416,2
train,000733_jpg.rf.6f05f6178ecec12f8d005c79e6e4ff8a.jpg,416,416,1
train,000734_JPG_jpg.rf.c4d1ae515b14341c9ceb564392dfbcd8.jpg,416,416,1
train,000737_jpg.rf.9692f87bcc83f9ed2ca539dcd7dfc247.jpg,416,416,2
train,000739_jpg.rf.906f6bd894cf5d7014fa1a45c6af91c8.jpg,416,416,1
train,000740_jpg.rf.6bab21d5a3551d47b2e8f1daba5db72a.jpg,416,416,1
train,000742_jpg.rf.26ca7284415947742dc4f56ef9b8b622.jpg,416,416,2
train,000745_jpg.rf.ca81f786c10b558922f5ce1078ba4da8.jpg,416,416,1
train,000747_jpg.rf.2220b175278d80752fdda057f2df3f84.jpg,416,416,1
train,000748_jpg.rf.fb970b7f0d8c7e026ec4f36f5e855a00.jpg,416,416,1
train,000749_jpg.rf.3802cb6d0848bd97fbbfc46ede202214.jpg,416,416,1
train,000750_jpg.rf.d22b53366c9a9ca1b97fc490b58fdb28.jpg,416,416,1
train,000751_jpg.rf.749e67f61b089372fbfb07286bdb766e.jpg,416,416,1
train,000752_jpg.rf.384fc96a9229288f90f6c99819817dcc.jpg,416,416,1
train,000755_jpg.rf.052ad5d85aa30f0323039f16a830fd04.jpg,416,416,1
train,000756_jpg.rf.63441356db1e4431af7e0942e6c82548.jpg,416,416,1
train,000757_jpg.rf.f590fe0be020d165945ae50b345c8f43.jpg,416,416,1
train,000761_jpg.rf.7ef8182b5a095eaab1f26c44ef4e73c9.jpg,416,416,1
train,000764_jpg.rf.3918e18f1de6b6420ff74f50f3ce10cc.jpg,416,416,1
train,000765_jpg.rf.0dc5a1d3eabb49ac396ffa410b976d6d.jpg,416,416,1
train,000766_jpg.rf.f7d12dde6b0eca093855c77955640719.jpg,416,416,1
train,000767_jpg.rf.58592db9d2d1478e111bce9fe497f74f.jpg,416,416,1
train,000768_jpg.rf.d3273dadffcb2e6e258984798962e696.jpg,416,416,1
train,000770_jpg.rf.e456a3347d5362661ea8a70b8e123266.jpg,416,416,1
train,000771_jpg.rf.eb7ca664ea28237cbf9c9e6ab4fc2f22.jpg,416,416,2
train,000772_jpg.rf.ae56dfd0ccd9891a5e5ddf05d7298c64.jpg,416,416,1
train,000774_jpg.rf.d8182db80f080707fcf4f1afb5859872.jpg,416,416,1
train,000775_jpg.rf.18917d59ad7c2ee6273c10fb258732c7.jpg,416,416,1
train,000776_jpg.rf.9486fdbd366fa7e04fc7e2c371cd8f40.jpg,416,416,1
train,000777_jpg.rf.f418c93d65b3f7c9be35401fae061835.jpg,416,416,1
train,000778_jpg.rf.8dcbd8b4617ce683cf2c420f73a55452.jpg,416,416,1
train,000779_jpg.rf.0d5bc79f671bf371c6e50bbe25c50dbb.jpg,416,416,3
train,000779_jpg.rf.6c63de0ace27b87664968de4c78865de.jpg,416,416,1
train,000780_jpg.rf.379c8ac00b774f9ede5636c05174f383.jpg,416,416,1
train,000780_jpg.rf.de0960ebf1123c881b994a2724e22d93.jpg,416,416,2
train,000781_jpg.rf.2c4a43dca8054072100956ba0fcbfeba.jpg,416,416,3
train,000781_jpg.rf.33531a453aa8511b2f49b341477bc969.jpg,416,416,1
train,000782_jpg.rf.2d45ecbfa628748e21552b8f188e4f7e.jpg,416,416,1
train,000782_jpg.rf.c14a3236ccc191aa1a97f493775b5546.jpg,416,416,1
train,000783_jpg.rf.3faae750724781a321323b6a1770b5fc.jpg,416,416,3
train,000784_jpg.rf.883792ef9755e7503f8cdd5fca8cccd2.jpg,416,416,1
train,000784_jpg.rf.c1037cceed7fc8340757eca0e3b387ad.jpg,416,416,3
train,000785_jpg.rf.290e98dbbb4fab925bd9a2b0f4d9b6ff.jpg,416,416,1
train,000785_jpg.rf.5849b47e38a9c9e30a439f934232f51a.jpg,416,416,3
train,000788_jpg.rf.2dd10c39a0ec849dea36c9ffb34cd868.jpg,416,416,1
train,000788_jpg.rf.a238d8c063919a5fe7177d47680b9848.jpg,416,416,1
train,000789_jpg.rf.8ff37e18940e26f71743dd3cee6143be.jpg,416,416,1
train,000790_jpg.rf.b9a0c90ea27e9a8922732899cf5e2121.jpg,416,416,2
train,000791_jpg.rf.f70fd087d69793613b2366dcadc71d9e.jpg,416,416,1
train,000792_jpg.rf.5dd958948d9768692bc88834aefd1f84.jpg,416,416,1
train,000793_jpg.rf.c3dc5a652b3d46240dac2a5fe4f5b645.jpg,416,416,1
train,000795_jpg.rf.5b6364732b1b90196613e20765103909.jpg,416,416,1
train,000795_jpg.rf.74bd9dd4127c8062c2cce9ef900ec575.jpg,416,416,2
train,000796_jpg.rf.20ea8be6c0d38efebfc6180621654c57.jpg,416,416,1
train,000796_jpg.rf.f53632340c6f9441e54f4da49904cf97.jpg,416,416,1
train,000797_jpg.rf.a67688d25bdde42bc56beeafef2e8f6c.jpg,416,416,2
train,000798_jpg.rf.ad09d16ffa7ada3d5807b5bfb3593b92.jpg,416,416,2
train,000799_jpg.rf.06c6741552de705952cc68daef27de40.jpg,416,416,2
train,000799_jpg.rf.53ae26130fa15474894f4d338f12081a.jpg,416,416,1
train,000800_jpg.rf.3398d5aa301466b8775ae8d25cd6e584.jpg,416,416,1
train,000800_jpg.rf.a20e5abbce606bf8fc5c664b0eec01a7.jpg,416,416,2
train,000801_jpg.rf.13751f11352b0df4780e0e6a9d520998.jpg,416,416,3
train,000801_jpg.rf.e11690f7cf235b8ac23ce45d655b6b7a.jpg,416,416,1
train,000802_jpg.rf.0a8cb75786059f74fb9f8144c7cf99bd.jpg,416,416,1
train,000802_jpg.rf.e53aa9c689a1d5bd82a51bf110d37c5b.jpg,416,416,1
train,000803_jpg.rf.1b4c82e49edde3920f3fd5ed74735048.jpg,416,416,1
train,000804_jpg.rf.5ebee0b5e6d69cdf6a71f5357059c7d0.jpg,416,416,1
train,000805_jpg.rf.aedfd22ccc0f080a5d5e5b2c51f5bd00.jpg,416,416,1
train,000807_jpg.rf.6299c8be7c6de8d703088841c7ba64a8.jpg,416,416,1
train,000807_jpg.rf.9702c3775ad7d215070ca1c4c7b40b18.jpg,416,416,2
train,000808_jpg.rf.56c306dc4400bfb1cf2f4226f0d1ac03.jpg,416,416,1
train,000809_jpg.rf.0e7f248b5fd343fe34dd47fc5eba67e9.jpg,416,416,1
train,000810_jpg.rf.f5b775fb23835f3182608f15b27b98d9.jpg,416,416,1
train,000812_jpg.rf.060dd2807c1e1889d86aa43763393276.jpg,416,416,1
train,000812_jpg.rf.a1cd934f2edf8a76a04bd046b099822d.jpg,416,416,2
train,000813_jpg.rf.8c047888bbfd13aa27aa5abc2abbc48f.jpg,416,416,1
train,000813_jpg.rf.cfc13a0010e2c02df4d6d28cd38e2c47.jpg,416,416,2
train,000814_jpg.rf.c83aacd5a7f99abfd2af6e5a6f0be8c0.jpg,416,416,2
train,000814_jpg.rf.ebd695c8e439d9f4307f3835493e044f.jpg,416,416,1
train,000817_jpg.rf.735b0ef6ee2527dab90fe99728bc209e.jpg,416,416,1
train,000817_jpg.rf.cf389c063e8932bb6c53e02be9bda63b.jpg,416,416,5
train,000818_jpg.rf.ffd92a0b267fe62f6cf629a9e1bfbdf4.jpg,416,416,1
train,000819_jpg.rf.cb126a1fa34a90bcb8c69f0c4cf8981e.jpg,416,416,2
train,000819_jpg.rf.dee7be604160abf25db9f1925a056fda.jpg,416,416,1
train,000820_jpg.rf.12a2946a7043d85489ad3344162592a0.jpg,416,416,1
train,000820_jpg.rf.d5661314f5e4177bdcd4d47cc0dedc56.jpg,416,416,4
train,000821_jpg.rf.40b3209f1dbee99f9882dc9d01ad65ee.jpg,416,416,1
train,000821_jpg.rf.42052ceceb6a8042dc94541954c28472.jpg,416,416,2
train,000823_jpg.rf.9c7dd0ec4364c2476b389a67839a7f1d.jpg,416,416,3
train,000823_jpg.rf.c9f5980944cbef0b9818cb87616a0ada.jpg,416,416,1
train,000824_JPG_jpg.rf.8ee1bb466191e93c79dce1abc777405d.jpg,416,416,2
train,000824_jpg.rf.688a5212490a84ff6347411893c0eb2e.jpg,416,416,2
train,000826_jpg.rf.26507f3966315e1dfa81c085d582f492.jpg,416,416,1
train,000827_jpg.rf.277cabdd69727d3f2e99e64037712350.jpg,416,416,1
train,000827_jpg.rf.95ff48926f800f5d2daf2e171124847a.jpg,416,416,2
train,000828_jpg.rf.c708b832977b3796710b4849bc755140.jpg,416,416,2
train,000829_jpg.rf.ea57a425a073bc4fb012dddec9179d4f.jpg,416,416,2
train,000830_jpg.rf.e7ac1332e3866b00b3d5d3f914dab5aa.jpg,416,416,1
train,000831_jpg.rf.311dfb9a79b82df23b714f71f7e0aa8d.jpg,416,416,3
train,000832_jpg.rf.0a93d0774bfc071f84583febeffb9b47.jpg,416,416,1
train,000832_jpg.rf.6d1c3da4b572768a1712fe46670b2ad7.jpg,416,416,2
train,000833_jpg.rf.cdb4379f43766addc42e51dc0fce2b0c.jpg,416,416,2
train,000837_jpg.rf.191a50ddbc2236f8b0edf5d64669662f.jpg,416,416,2
train,000837_jpg.rf.1bf4ba6f2688278f556861a2b0fad8b7.jpg,416,416,1
train,000838_jpg.rf.a7e1c35a1a52b79a4fb9bd750a8ecc7b.jpg,416,416,2
train,000838_jpg.rf.e0eb95a78a036190800afb455e24768e.jpg,416,416,1
train,000839_jpg.rf.1d54eb7f736b6b4fd59a9c37e59a6745.jpg,416,416,1
train,000839_jpg.rf.45c108509af4a2ffc1843151e315ae0b.jpg,416,416,1
train,000840_jpg.rf.0e682baa33f2f8436d631cfb02a778f3.jpg,416,416,2
train,000840_jpg.rf.f5963d4af1e481844d7e0cb4fc659269.jpg,416,416,3
train,000842_jpg.rf.945ce3c4727460c20e897439cc9cb36e.jpg,416,416,1
train,000842_jpg.rf.e8a13386712110f8e4956c1d20cc41f7.jpg,416,416,1
train,000844_jpg.rf.6fab11a473d29cecbb8affb9b3bc70bb.jpg,416,416,1
train,000845_jpg.rf.fee557abd77852c45aef07777b94f2cc.jpg,416,416,4
train,000846_jpg.rf.11505b215a934e35dd599a2a00f0d64b.jpg,416,416,2
train,000846_jpg.rf.dc70c348545a842e79847fc733f5a5dc.jpg,416,416,1
train,000847_jpg.rf.03565b184d58e18681195a3f3189ee6c.jpg,416,416,1
train,000847_jpg.rf.746d742c3ed864f029aae84adc9d1673.jpg,416,416,3
train,000848_jpg.rf.56f5957638802467be24ed28f2834bbd.jpg,416,416,1
train,000850_JPG_jpg.rf.fa7c9c332e19aba36a00419ef6606bc5.jpg,416,416,1
train,000850_jpg.rf.dc71dde28387e3b88377d48657d18238.jpg,416,416,1
train,000851_JPG_jpg.rf.ab39f11602efd996803551dc73e1daf9.jpg,416,416,1
train,000851_jpg.rf.edad850fb0412737a9a15624911c564d.jpg,416,416,2
train,000852_JPG_jpg.rf.5c78047da72748d1abc4b4760de6d307.jpg,416,416,1
train,000853_JPG_jpg.rf.b607378b33f7cfe652848ea21852e449.jpg,416,416,2
train,000853_jpg.rf.92a8f963e7b7f95e7174bfc1144eebd5.jpg,416,416,2
train,000855_JPG_jpg.rf.da7d4db46a1701ecdcedeee18255b507.jpg,416,416,2
train,000855_jpg.rf.89c71545016c6ceb8256e77a86a045f0.jpg,416,416,1
train,000856_JPG_jpg.rf.3121147517b66023350ad2821b1b2c2f.jpg,416,416,1
train,000856_jpg.rf.8f2082dc8cdabafecb6959ec843bb90e.jpg,416,416,3
train,000857_JPG_jpg.rf.87611b5900533022dbfcfdd47e46e583.jpg,416,416,1
train,000858_JPG_jpg.rf.0e002c1565afa30f914e614039b3698e.jpg,416,416,1
train,000858_jpg.rf.c3fab1e4670a7b9ccfce9a6c050284aa.jpg,416,416,3
train,000859_JPG_jpg.rf.bc06505a8b42c01531ee81367b8c059b.jpg,416,416,1
train,000859_jpg.rf.7431d02e42a763123236e731e327df4d.jpg,416,416,2
train,000860_JPG_jpg.rf.231ecbd9e973924cb9c8ef0d3bc1376e.jpg,416,416,1
train,000861_JPG_jpg.rf.602e031ff17cbe9daace40ce43b4e329.jpg,416,416,2
train,000861_jpg.rf.2a39a3c455d966aa6da281512071faa8.jpg,416,416,3
train,000862_JPG_jpg.rf.736d661e8a5b408780dfcc3b02d84702.jpg,416,416,1
train,000862_jpg.rf.2c2099df81c3156f639d139d5cc04d45.jpg,416,416,2
train,000863_JPG_jpg.rf.1fc66e88d5813c43abafeeabfb0a9ae4.jpg,416,416,1
train,000864_JPG_jpg.rf.2411b8aa8708660d1da7d482245e55d2.jpg,416,416,3
train,000865_JPG_jpg.rf.6e693f7f5555507ffbef644109e35b16.jpg,416,416,3
train,000866_jpg.rf.4ec66d19f758911c8807aef8691b9481.jpg,416,416,3
train,000868_JPG_jpg.rf.bd0c1db34d1c01cfb4507e4472d3c237.jpg,416,416,1
train,000868_jpg.rf.cfe71d32ac0988daa1bb326da37e1957.jpg,416,416,2
train,000869_JPG_jpg.rf.7d4ed746be4838bdbe599d71a16c26d5.jpg,416,416,1
train,000869_jpg.rf.3be1bfb4b876101dd3e07343abf3f023.jpg,416,416,2
train,000870_JPG_jpg.rf.b889d9f2654e408cc6cd21c06a2c98fe.jpg,416,416,1
train,000870_jpg.rf.f4039d315da383c90782b265796e0c78.jpg,416,416,2
train,000871_JPG_jpg.rf.83807d417b406029ed00f59261147419.jpg,416,416,1
train,000871_jpg.rf.57ee4c4a163e9eb7624f159d33ec8f59.jpg,416,416,2
train,000872_jpg.rf.e9679f89a5430ca21a5aed40f5cc3b3a.jpg,416,416,2
train,000873_jpg.rf.dfe560be8bf9f2c256be19aacf128fdb.jpg,416,416,2
train,000874_jpg.rf.639a1f2f944cbb91251c969edd9850e0.jpg,416,416,2
train,000875_JPG_jpg.rf.2d16a5d64e046f6d3823fd861e1cbfc6.jpg,416,416,3
train,000875_jpg.rf.64e5c781c7c8da385bdc6e6d1f84b59c.jpg,416,416,1
train,000876_jpg.rf.fd6504392dca32ef85930d715d579d9d.jpg,416,416,2
train,000877_JPG_jpg.rf.0f450e5a14ca91674bfc0486186063c8.jpg,416,416,2
train,000878_JPG_jpg.rf.ccf6097d444d7ff349b865c80811f2bf.jpg,416,416,4
train,000878_jpg.rf.ede2b06473c807e1af28c02c9d184b4a.jpg,416,416,2
train,000879_JPG_jpg.rf.1592a64ebff16c6963521c69e898b1bb.jpg,416,416,1
train,000879_jpg.rf.1b484d8cea2e7723f7d742ebe778fde2.jpg,416,416,2
train,000880_JPG_jpg.rf.15535d4c913aa3cdba1c36c70a411792.jpg,416,416,1
train,000880_jpg.rf.c8e48c171bd4fe67895c9f81b277021c.jpg,416,416,2
train,000881_JPG_jpg.rf.8b478aaa36895e900743c1b4ce257d23.jpg,416,416,1
train,000882_JPG_jpg.rf.746ba87faab6f1499c836a3f125ca60a.jpg,416,416,1
train,000882_jpg.rf.f5d9732409ed9476b3d6e4b94ad80915.jpg,416,416,2
train,000883_jpg.rf.2989f344ac9b75da4aa7d9c7d6381975.jpg,416,416,2
train,000884_JPG_jpg.rf.fa1c3462e5005679bbcecca0690e6158.jpg,416,416,1
train,000884_jpg.rf.0bd369bbe12edb0a15bb1463c1d29e95.jpg,416,416,1
train,000885_JPG_jpg.rf.a5ae245deedd2d943ac87c052b29908d.jpg,416,416,1
train,000885_jpg.rf.c971cf62a82be66bb9a3c4df0162c783.jpg,416,416,2
train,000886_JPG_jpg.rf.475975eb4dfce351357d5ee6b7075885.jpg,416,416,1
train,000887_JPG_jpg.rf.985b664543e7aec7d7a94305b6af135f.jpg,416,416,1
train,000888_JPG_jpg.rf.335ccec7ffec043689ca8c202da26a6a.jpg,416,416,1
train,000889_JPG_jpg.rf.4abff29ddb5b2e8db8728bce9ccf16d3.jpg,416,416,2
train,000890_JPG_jpg.rf.a9ac6aad78458d5568d0459721d24939.jpg,416,416,1
train,000891_JPG_jpg.rf.b5e3487d6e630d7021e7a4dff82ddde9.jpg,416,416,1
train,000891_jpg.rf.4f982b26819294a8b9ad835d731dc8d4.jpg,416,416,1
train,000892_JPG_jpg.rf.3763247bf8597df45262dd591e329310.jpg,416,416,1
train,000892_jpg.rf.fec54a08a388b703e070c88db056a3c8.jpg,416,416,1
train,000893_JPG_jpg.rf.def38b6094be1b7a6a3f4d0942f21cdb.jpg,416,416,1
train,000894_JPG_jpg.rf.5199fa65fe7a8015dd408d9201bff74d.jpg,416,416,1
train,000895_JPG_jpg.rf.fe575834a86bce903bd0d8b12c05aed7.jpg,416,416,1
train,000896_JPG_jpg.rf.6f9797a98e484713cb121febfd3bbcbc.jpg,416,416,1
train,000896_jpg.rf.1d857ded55d641df6481419eac5a78d6.jpg,416,416,2
train,000899_jpg.rf.af83211a57fb5b766959898013f9825d.jpg,416,416,2
train,000900_JPG_jpg.rf.0e74c0ba2174d11700b360e242768985.jpg,416,416,1
train,000901_JPG_jpg.rf.5f0a3a8cdb1ad5caa1d715a9b2c079a2.jpg,416,416,2
train,000901_jpg.rf.cdaaaa9c0e800cce51da191e6f1af3c4.jpg,416,416,4
train,000902_JPG_jpg.rf.63661c62bf7ef11338bac470eaf0967a.jpg,416,416,2
train,000903_JPG_jpg.rf.08cd25744e6498ca873a9e36be6c2568.jpg,416,416,2
train,000904_JPG_jpg.rf.f494ccedd889cb2c3b8aff5377287330.jpg,416,416,1
train,000905_jpg.rf.250805dfd979acbe4ad5ee78b36bff4d.jpg,416,416,2
train,000906_JPG_jpg.rf.02577dda8e09bf591c6165e3963f0ea3.jpg,416,416,1
train,000906_jpg.rf.c95da7bb9eea7b1ae1b21362889e1b3e.jpg,416,416,1
train,000907_JPG_jpg.rf.4714f2b1decc93142c5d9e54d64c2297.jpg,416,416,1
train,000907_jpg.rf.fb135a5d49178273f8728239d9e0beb0.jpg,416,416,2
train,000909_JPG_jpg.rf.79bb70ac195aaa6e9f8bcc544639db02.jpg,416,416,1
train,000910_jpg.rf.d6954141e998b59b3461a7f36cc1de14.jpg,416,416,2
train,000912_jpg.rf.a47d1fa8a66368c066835ba4540920d2.jpg,416,416,2
train,000913_JPG_jpg.rf.ea5913f7ca6692530f351cc4d2dec4f2.jpg,416,416,1
train,000914_jpg.rf.27e12f621c6b61503ffdfe79a929892d.jpg,416,416,2
train,000915_JPG_jpg.rf.7534c5faec85095b46eb8e6663d1e78b.jpg,416,416,1
train,000916_JPG_jpg.rf.313d80217bdda8b203b64e8b1a28e82d.jpg,416,416,1
train,000918_JPG_jpg.rf.024b066b0f158df383c900c5586b5787.jpg,416,416,1
train,000919_JPG_jpg.rf.a9cf1e3930264edaf86475b1357a3a26.jpg,416,416,1
train,000920_JPG_jpg.rf.5068bbe2230c2ba818e00a45281bca1e.jpg,416,416,1
train,000920_jpg.rf.0d6f2f1456bad562a9b309abd7f72e3b.jpg,416,416,2
train,000921_jpg.rf.7433111eb8aa0d47c863ee659bfefef1.jpg,416,416,2
train,000922_jpg.rf.3ce7cc7e1b769a544c5f4132ce6b5757.jpg,416,416,1
train,000924_JPG_jpg.rf.4256158e50cd3b3fa14542d6509dc033.jpg,416,416,1
train,000925_JPG_jpg.rf.9c325aa0ee5d101bf3e8d7af0e588b7b.jpg,416,416,1
train,000925_jpg.rf.625ba383aba6e63158abf1028effdbbe.jpg,416,416,2
train,000926_JPG_jpg.rf.6a59ba22c1ac983be75149f5b47a9c32.jpg,416,416,2
train,000928_JPG_jpg.rf.a05ddf724162dc9ac0be8a23ffc5264e.jpg,416,416,2
train,000928_jpg.rf.15203355f312884d6ad1d7e46329528c.jpg,416,416,2
train,000929_JPG_jpg.rf.520a0ffb894593c6beafefff0e8e8246.jpg,416,416,1
train,000929_jpg.rf.ef94c92cdf25119dd85c83a747d3c25b.jpg,416,416,1
train,000930_JPG_jpg.rf.e138ff272a0b6eae2f6bc7218a4a6224.jpg,416,416,1
train,000931_JPG_jpg.rf.6394a453b21c03de64156c746d005e6c.jpg,416,416,2
train,000932_JPG_jpg.rf.a2e0972a5bb3d8c9d3db5f75438702d0.jpg,416,416,1
train,000932_jpg.rf.411514a68c8d0d434685a2508148588a.jpg,416,416,3
train,000933_JPG_jpg.rf.67300e59730031f3248381bb2f87c0a3.jpg,416,416,2
train,000933_jpg.rf.5075972accd1758656083e9f31966dd2.jpg,416,416,1
train,000934_jpg.rf.c502e55be21ba93997a2f03b920cbb26.jpg,416,416,2
train,000937_JPG_jpg.rf.b7ed368a68f202e7343afd69be2393fa.jpg,416,416,1
train,000938_jpg.rf.c49c7ac5cf146e6a6e65f651b00b7e39.jpg,416,416,2
train,000940_JPG_jpg.rf.705a5d92a79e80ec42159a5dd9255021.jpg,416,416,1
train,000942_JPG_jpg.rf.84c2f073dd1726b93ed1340bde94cee4.jpg,416,416,2
train,000943_JPG_jpg.rf.7ba2b79b2c015edfd03197e2e9c7d009.jpg,416,416,3
train,000943_jpg.rf.5804c57584088d84e89f6214d8baa6aa.jpg,416,416,3
train,000945_jpg.rf.aa8693d8dcfb67de03a2474e780ff00c.jpg,416,416,1
train,000947_JPG_jpg.rf.84e4a3f41e37543598580c71b943e688.jpg,416,416,1
train,000948_JPG_jpg.rf.07e65e42c89183bec42352748c3a91de.jpg,416,416,1
train,000949_jpg.rf.5cb627592e154a6a6b98fdb5f1fea6aa.jpg,416,416,2
train,000950_JPG_jpg.rf.9e1abf1c71b0cdaefd776fbbf51c1aa9.jpg,416,416,1
train,000951_JPG_jpg.rf.d1f5d45df30f9ae2cb5081a0d13d8de0.jpg,416,416,2
train,000951_jpg.rf.3c44b320101f5ba60589a3d72a6994e4.jpg,416,416,2
train,000953_JPG_jpg.rf.c8d53ae2ca7dc2b12209663260383731.jpg,416,416,1
train,000955_JPG_jpg.rf.0fc6fb888b23121c571e335dc5eef9ff.jpg,416,416,1
train,000956_JPG_jpg.rf.6f76d479d63ca7b1962bf423ae1c84fb.jpg,416,416,2
train,000957_JPG_jpg.rf.f148f4373bbeb8e9cb897dfda5f68233.jpg,416,416,2
train,000958_JPG_jpg.rf.e8afa91f4dc4bd20bdf054d4241f8e37.jpg,416,416,1
train,000958_jpg.rf.cd8c952a82a07103cd42d77e7d34a19a.jpg,416,416,3
train,000960_JPG_jpg.rf.238dfb376869619a88166adcd2813dfe.jpg,416,416,2
train,000962_JPG_jpg.rf.000e938b3d508690aa01a2b47d1174e7.jpg,416,416,1
train,000962_jpg.rf.ce6de3b2e54850148f979de9359cf825.jpg,416,416,2
train,000963_jpg.rf.9d7f3b77b528dbf06f5e3f9ca8fc2239.jpg,416,416,2
train,000964_jpg.rf.1f5851d70989062f1a8212cd8c5cba98.jpg,416,416,3
train,000965_jpg.rf.855b455a72c84a642f577d5767c4f6ee.jpg,416,416,1
train,000967_JPG_jpg.rf.8aa33cc1fce0934ea652d9583741474e.jpg,416,416,1
train,000968_JPG_jpg.rf.1242ddd64a8a9613f3b9837645edf535.jpg,416,416,1
train,000970_JPG_jpg.rf.b3817108c24c43bf5cb0a4e523a1281a.jpg,416,416,2
train,000971_JPG_jpg.rf.3377746e6a9f741262f3eaf2b3d20986.jpg,416,416,1
train,000972_JPG_jpg.rf.2eda66d7c38383d2a98a3f8ec3c67b50.jpg,416,416,2
train,000972_jpg.rf.4a21793a291adc29282d8a81ca99c75e.jpg,416,416,2
train,000973_JPG_jpg.rf.6346b15da59f7d44800b32c92e5699f7.jpg,416,416,2
train,000974_JPG_jpg.rf.8ad70abf525d6882ab0dad974577104c.jpg,416,416,1
train,000975_JPG_jpg.rf.60191d369d94f6c602184fc26a2f8592.jpg,416,416,1
train,000975_jpg.rf.acbef4163cd145df3ab8f1919d25bbaa.jpg,416,416,3
train,000976_JPG_jpg.rf.37419605b09579afc0ad60a72f692a26.jpg,416,416,2
train,000977_JPG_jpg.rf.fcd34a60f5bb5e6e7c1f33179d497a71.jpg,416,416,2
train,000979_JPG_jpg.rf.a6ad30a7171f547d3be0c6b22361a705.jpg,416,416,3
train,000979_jpg.rf.6cc5398e2440acdae8da8001c915676f.jpg,416,416,2
train,000980_JPG_jpg.rf.adcff9ea13a54dbcfce0046bc9fde473.jpg,416,416,1
train,000981_JPG_jpg.rf.7bfe0d352b7648bf7ed24dcc1efaf780.jpg,416,416,2
train,000983_jpg.rf.216ed1a6f362a0a5e85b2234cb5340e7.jpg,416,416,2
train,000984_JPG_jpg.rf.31e4e92e04cc981e3fde5175e06a6716.jpg,416,416,1
train,000986_JPG_jpg.rf.1b8f8f88d461250bb1bedc03bd7414f1.jpg,416,416,2
train,000987_JPG_jpg.rf.1203dce6c7e1cec633aa56818dae9b54.jpg,416,416,2
train,000987_jpg.rf.e23849511b684a8dcc259f453c7c0410.jpg,416,416,2
train,000988_JPG_jpg.rf.0e3b8848dd20ddd90da7706545e12357.jpg,416,416,4
train,000990_JPG_jpg.rf.8a830a5d2d0ee36b944ca0a0a606b293.jpg,416,416,1
train,000991_JPG_jpg.rf.41682137cc72bc33c553a0608d67ae28.jpg,416,416,2
train,000992_JPG_jpg.rf.c71a10268658043e3a37a53cca11410e.jpg,416,416,2
train,000993_jpg.rf.c7e3129f3ff8c5c3b8d4c63b364cdd92.jpg,416,416,2
train,000994_JPG_jpg.rf.aa1d8f20da497d0afe54d4f457d37286.jpg,416,416,2
train,000995_JPG_jpg.rf.35739e25102e09845b4da45a9c9e333b.jpg,416,416,1
train,000995_jpg.rf.6d9fbeec07f9092d9cc383c091a7105f.jpg,416,416,2
train,000997_JPG_jpg.rf.f79cb5337aa12a1f58e06010b6b30c30.jpg,416,416,1
train,000997_jpg.rf.3800a42d9e57e9028c68f1bf3d89e425.jpg,416,416,2
train,000998_JPG_jpg.rf.f1136b2578df0bae9525520406edb441.jpg,416,416,1
train,000999_jpg.rf.0f19bd03254eb7bf28f7a8c4d86489bb.jpg,416,416,2
train,001001_jpg.rf.6aa7ebb015698280450a909dae30aeca.jpg,416,416,1
train,001002_jpg.rf.3327b6dfe8ea80d47616db194512af95.jpg,416,416,2
train,001002_jpg.rf.479a98cf05b7be47792d5fcf2ba69d5d.jpg,416,416,1
train,001003_jpg.rf.3df40f6e24634c8887e9eb780f81325b.jpg,416,416,1
train,001005_jpg.rf.45fad92b3932af3165809652ad912c3a.jpg,416,416,1
train,001006_jpg.rf.6d020b6072e68b873f2d467c74878fbf.jpg,416,416,1
train,001007_jpg.rf.122d0e256fba4518d4a724ed0a0aa560.jpg,416,416,1
train,001008_png_jpg.rf.2ad63462ead8bd3b108fdbff6548c73c.jpg,416,416,2
train,001009_jpg.rf.7fc98117d088f45197b8195b0a056b2b.jpg,416,416,1
train,001010_jpg.rf.193c81e1f19fa9b96a0c836dad825f59.jpg,416,416,1
train,001011_jpg.rf.fe1bc895b0e292fcf81aacec813ba2ad.jpg,416,416,1
train,001013_jpg.rf.cbc241c6ae32a3a9d0af6a15c1e024f4.jpg,416,416,1
train,001015_jpg.rf.a9bfc11cabca85914adb43b814a3d06c.jpg,416,416,3
train,001016_jpg.rf.ff1bbbaa154a829401510abf7d91785e.jpg,416,416,2
train,001017_jpg.rf.d8b58b9177249ba4ecf958aa0226c4ea.jpg,416,416,1
train,001018_jpg.rf.04e873920bebff1de7f6278f2da807d4.jpg,416,416,1
train,001019_jpg.rf.5e1e4cd91c5b7744a83ca3d7f77b9933.jpg,416,416,1
train,001020_jpg.rf.aa8b4769d41f5392b2fb28681be84cb8.jpg,416,416,1
train,001021_jpg.rf.50b35d11a95eafb9ac5b76ab56fb9319.jpg,416,416,1
train,001025_png_jpg.rf.26e6f9df12a96a792c1de11125a6022a.jpg,416,416,1
train,001026_jpg.rf.ddec9f4973fadc7cce38f70c767b2add.jpg,416,416,1
train,001029_jpg.rf.bc1dc4714dab038975d926b54e492b51.jpg,416,416,1
train,001030_jpg.rf.80a4b438942f081d4b748d9e6e9f3b03.jpg,416,416,1
train,001032_jpg.rf.a00d4d778e9c7f3c2a191bfe3fbf80ca.jpg,416,416,1
train,001033_jpg.rf.4c7fcb6cf339f03b34a0db55ff3d94c8.jpg,416,416,1
train,001034_jpg.rf.61f96f194f2d35fbeb5434f35c98876f.jpg,416,416,1
train,001036_jpg.rf.ca42fc70291b1202ec2a8b2c4ee883ad.jpg,416,416,1
train,001038_jpg.rf.ff7273eca87fac37cc96a04e492dfa2c.jpg,416,416,1
train,001039_jpg.rf.eb114f58106b40047f7cc4a8399722e7.jpg,416,416,1
train,001040_jpg.rf.953845d7348aeeab9e58f525afb92370.jpg,416,416,1
train,001041_jpg.rf.de3910ff77489417b29e731cab0f1d75.jpg,416,416,1
train,001042_jpg.rf.545beff2bbe5abec5feb037ea45529f6.jpg,416,416,2
train,001043_jpg.rf.d547f1e87077e5b2a3b72ef69c9e9873.jpg,416,416,3
train,001044_jpg.rf.547f567b33d671e4b23ae6f57fce2ba4.jpg,416,416,1
train,001044_jpg.rf.f0e31ffc850fccb12d7ef686cc0b025b.jpg,416,416,2
train,001045_jpg.rf.0199c26e1464c6f840cc979eb91d4561.jpg,416,416,1
train,001045_jpg.rf.8cb71c7ac87a8c32410e7a2aa6c63379.jpg,416,416,1
train,001046_jpg.rf.4c614b96ed63f3d96f2017c2959d343c.jpg,416,416,1
train,001047_jpg.rf.0c13a2d7349befde599634bb8510f327.jpg,416,416,2
train,001047_jpg.rf.7fba90c927ec285ecc87a7eacc065f3a.jpg,416,416,1
train,001048_jpg.rf.48108e84eecb90b2af595bc924daab08.jpg,416,416,1
train,001049_jpg.rf.f6ced132f86d654345f11753ba22192e.jpg,416,416,1
train,001050_jpg.rf.2c992b7a9189095908c3e2382d87d625.jpg,416,416,1
train,001050_jpg.rf.e1411990bca906b21fcd736c56eaf840.jpg,416,416,2
train,001051_jpg.rf.86d777cffe5baf6dc81e311f16cad4fe.jpg,416,416,2
train,001053_jpg.rf.7a9ab24dc19ff77dd03e295150fc4e8c.jpg,416,416,1
train,001054_jpg.rf.3476e14f01897dae40344efc8623bc49.jpg,416,416,1
train,001055_jpg.rf.5281c5d3febb3ed302a2573a3208f472.jpg,416,416,1
train,001056_jpg.rf.78383d27fbdb59d470c7fbae2ad2699d.jpg,416,416,1
train,001058_jpg.rf.da86005ca4f586867394a0c9e9055b86.jpg,416,416,1
train,001061_jpg.rf.209bfe916de5ac8e2c0590b10c7a5625.jpg,416,416,1
train,001062_jpg.rf.577a1ed9865c7431d04f1174e8297bba.jpg,416,416,1
train,001063_jpg.rf.25288a23345de47c10f003388956cdd2.jpg,416,416,1
train,001065_jpg.rf.07c50b5f8a4d2c6117b6f2df2e1930e1.jpg,416,416,2
train,001065_jpg.rf.9c8cefc71672ef271604c833c704433f.jpg,416,416,1
train,001066_jpg.rf.f54b81e49435d7baaba7fd00d5246f74.jpg,416,416,1
train,001068_jpg.rf.33c0a9f2d35e1090a38915e0bd99011b.jpg,416,416,1
train,001069_jpg.rf.57e243fb810c7ae7a03e1b816b1f5a2a.jpg,416,416,2
train,001069_jpg.rf.81aa218991fedd3a0c0c3bba9c636c57.jpg,416,416,1
train,001070_jpg.rf.a06b3fc6d19bb81e034c25cab6255f3d.jpg,416,416,3
train,001071_jpg.rf.8537213520ca6d601b1ce7562801bf53.jpg,416,416,2
train,001072_jpg.rf.44758fd9ea903be675ecd66132c929fe.jpg,416,416,1
train,001072_jpg.rf.c1c5e4170993104d33414d9116ba752d.jpg,416,416,1
train,001073_jpg.rf.b5eb5f006445f2c4f659331a690f007f.jpg,416,416,2
train,001074_jpg.rf.a9bd1789ba3d29809737348b51e20dd3.jpg,416,416,2
train,001074_jpg.rf.eafd7c67a28ad690d5c53320e85b227e.jpg,416,416,1
train,001075_jpg.rf.a050f85a23eaa900d739ecc469e1a693.jpg,416,416,1
train,001076_jpg.rf.4d1ae552c3f395245c1c9903159e6c9b.jpg,416,416,1
train,001077_jpg.rf.5a3a8c822505c851c64301fa0aaf0cc5.jpg,416,416,1
train,001077_jpg.rf.84111828387808be87e5c9f6f07d1cde.jpg,416,416,1
train,001078_jpg.rf.9102fe46c670c9000ca44eaf5050f939.jpg,416,416,1
train,001081_jpg.rf.b8fe806214351154440d2e87f3f7910f.jpg,416,416,1
train,001083_jpg.rf.cc4245c01c41ab65bd06c758d1fa47ce.jpg,416,416,1
train,001084_jpg.rf.6a45e20be9162f0ff5e84c37320d70c4.jpg,416,416,1
train,001085_jpg.rf.45b801b07bcef9e721b6dc92746e4539.jpg,416,416,2
train,001086_jpg.rf.1e669791cf26802adf4503f391c9be10.jpg,416,416,1
train,001087_jpg.rf.6ee32a4fb836bc5bcd49f718785b4785.jpg,416,416,1
train,001088_jpg.rf.7dec06fdc60a10a6159dd6261672f24f.jpg,416,416,1
train,001090_jpg.rf.3a1fc91ae0f707a4b4fb2a2577a4def8.jpg,416,416,1
train,001091_jpg.rf.42004d0a684b0043c1c3cc3a9f23f1e3.jpg,416,416,1
train,001092_jpg.rf.b18f0bbb0e5e8dda41414e1c27eeba87.jpg,416,416,1
train,001093_jpg.rf.43d600731fef76100781db044b59c6fc.jpg,416,416,1
train,001094_jpg.rf.f48da21c5bfeb044cdf55a90ebb87ee5.jpg,416,416,1
train,001095_jpg.rf.c209e07a77ba7f1df72e706b9f0d3ecf.jpg,416,416,1
train,001096_jpg.rf.c66b9e1f9365045ba64914a2e4e8d4a7.jpg,416,416,1
train,001099_jpg.rf.02cfbe77e5f5be8fe91ef77624f90185.jpg,416,416,1
train,001200_png_jpg.rf.e766b74d210b515c9348f709d4dc5c75.jpg,416,416,1
train,001201_jpg.rf.33e656d501fb8214961f21d2c7e477bd.jpg,416,416,2
train,001202_jpg.rf.b76c39a82ccabb3675961e215f6d6d5f.jpg,416,416,1
train,001203_jpg.rf.1a87bb53f038e3c64f27b0906419284c.jpg,416,416,1
train,001204_jpg.rf.0a152ef86fae0f1d91b9531fcea59bb3.jpg,416,416,1
train,001206_jpg.rf.8a5c5cff39957ab4aa0328ac121a8053.jpg,416,416,1
train,001208_jpg.rf.a7cf867d08bd18fb044d70c92291a4de.jpg,416,416,2
train,001209_jpg.rf.a3104aa8e563d4e96201783f6917ce0f.jpg,416,416,1
train,001210_jpg.rf.1b3c099f8e9f7325c89b65522d201405.jpg,416,416,1
train,001212_jpg.rf.fcd6fab2b8d8d4584df6fd94d64b443b.jpg,416,416,1
train,001213_jpg.rf.3a9a2bc9c57719a166cfdc9b67aef66d.jpg,416,416,1
train,001215_jpg.rf.9a04f91268a90ff78fca5241a90a7513.jpg,416,416,1
train,001216_jpg.rf.a64c0664e70498fae2983b203e53fdfd.jpg,416,416,1
train,001217_jpg.rf.d0b37eb8a1d587228bf0b51642e31621.jpg,416,416,1
train,001218_jpg.rf.c2b2a77e9cfb5022d35a9c256ebc0c3a.jpg,416,416,2
train,001219_jpg.rf.92ceae699023d13e41cc361ed8bf27b1.jpg,416,416,1
train,001220_jpg.rf.1241a54907ffc3c87dad7b77532a9d61.jpg,416,416,1
train,001221_jpg.rf.52805527a0b73efb626972229d08b8ae.jpg,416,416,1
train,001222_jpg.rf.d616bae27fe70c4482c87c3d8f33f0bd.jpg,416,416,1
train,001224_JPG_jpg.rf.aef37483dacf41d4edd175dc2ce2cf62.jpg,416,416,1
train,001225_jpg.rf.c9a7675428d182a9cc6dbca3b3b77b24.jpg,416,416,1
train,001226_jpg.rf.93a76f0d2b6622e5881aeabe323c3f06.jpg,416,416,1
train,001227_jpg.rf.b6deb4bf073ea67d99d868e6e857226f.jpg,416,416,2
train,001231_jpg.rf.196eb62d02215471cbd3c8c37d38b256.jpg,416,416,1
train,001232_jpg.rf.fa050b6afd8bebd0558a948a8d9c638f.jpg,416,416,1
train,001233_jpg.rf.e9b917837ee480cde6d5f304141ba4ff.jpg,416,416,1
train,001234_jpg.rf.dfa041ce015e745b039611a3e691990a.jpg,416,416,1
train,001235_jpg.rf.d7866ae7cbb32183e9ac52f0b3d330be.jpg,416,416,1
train,001236_jpg.rf.8ded780cad1f6b44f2eafd731a1f961a.jpg,416,416,1
train,001237_jpg.rf.366f62d603001ed161d2403061a5ed7c.jpg,416,416,1
train,001238_jpg.rf.dc54b70f9a2df8548030f2b11a742543.jpg,416,416,1
train,001239_jpg.rf.26b4ca5e1f95a67cfe87a10160625899.jpg,416,416,1
train,001240_jpg.rf.a3cbf51bb9e964e80f9426f69abbec28.jpg,416,416,1
train,001241_jpg.rf.7f9cd5cc657adbfe08bec451271b043e.jpg,416,416,1
train,001242_jpg.rf.5581e4a7cff1b2cd504ed7ee643a9057.jpg,416,416,1
train,001243_jpg.rf.71b9323935e7c99eb556e65b1f217c72.jpg,416,416,1
train,001244_jpg.rf.d40f75f10ded61e6b60fbc25b6063811.jpg,416,416,1
train,001245_jpg.rf.fa3f52594af5ef2b4edeaa51b293179a.jpg,416,416,1
train,001249_jpg.rf.c78d0118a6225e02f489bd00d3335d92.jpg,416,416,1
train,001251_jpg.rf.ff02c4f3ac955d5a0464089bb7e18a12.jpg,416,416,1
train,001257_jpg.rf.af5ce9134e4d93e378a601ef925834ac.jpg,416,416,1
train,001258_jpg.rf.f4bb4f043144f75d8f94582a8ad9f018.jpg,416,416,1
train,001260_jpg.rf.dc77349fe44cb53a610dbe7c1b2fbf9d.jpg,416,416,1
train,001264_jpg.rf.a47144d82bcd3e1e2ea46aee9d02b163.jpg,416,416,1
train,001265_jpg.rf.914bba9063f3a8d2febc459d73ab54e4.jpg,416,416,1
train,001269_jpg.rf.9c69df703aa0e6924b450229f5f7bd5e.jpg,416,416,1
train,001270_jpg.rf.89a939adde56915011f1e660be19d1d9.jpg,416,416,1
train,001271_jpg.rf.d564824ecccd421dd94a9174b2ba4bef.jpg,416,416,1
train,001273_jpg.rf.df912ea2bffb5287cd958e1c215bd1c8.jpg,416,416,1
train,001279_jpg.rf.5dad06f6c316ff5c57337e480c429078.jpg,416,416,1
train,001283_jpg.rf.ddae58eac72d77eed25da90d8134ce43.jpg,416,416,1
train,001284_jpg.rf.c0b43ff0bafc6d5baa550817903961e4.jpg,416,416,1
train,001285_jpg.rf.6378a41ca43ae2d8ab8714e9d3d93661.jpg,416,416,1
train,001286_jpg.rf.dcd144aafd329d5f1f59542e1250452a.jpg,416,416,1
train,001287_jpg.rf.3b4efe51b620b7d5a4da3d0f78890558.jpg,416,416,1
train,001297_jpg.rf.1f4782a2096c189d68bf0110e7186e4a.jpg,416,416,1
train,001299_jpg.rf.48f9c0001dab0fea10920ab77038b07e.jpg,416,416,1
train,001401_jpg.rf.1ec8b9443f541dcaf6e13cdaa38bb08a.jpg,416,416,1
train,001402_jpg.rf.90a752edccf84c05746d022fe7412c1f.jpg,416,416,2
train,001403_jpg.rf.6fbe81e02243fc82f063b62bff1abb70.jpg,416,416,2
train,001405_jpg.rf.db32bd5987b31367faf5003445ca15ca.jpg,416,416,1
train,001406_jpg.rf.a9ae8c20920da9e869ae238dbcc0e858.jpg,416,416,1
train,001410_jpg.rf.4ab063821b3483e5a805e932a46eda27.jpg,416,416,1
train,001411_jpg.rf.79f8315de14805a134f9a88de4233fa7.jpg,416,416,1
train,001412_jpg.rf.d471a250613d086d4fea0145a3b92c6f.jpg,416,416,1
train,001413_jpg.rf.c9217630c43592c1c2f84a8cc8be1d9f.jpg,416,416,1
train,001414_jpg.rf.c057b6b61db159878f7ab443bca7fa96.jpg,416,416,1
train,001416_jpg.rf.6ca5b42e178fb95038450fa15efdaf2e.jpg,416,416,1
train,001417_jpg.rf.8309f3a990d31d1dfc71f61cf3baceaf.jpg,416,416,1
train,001419_jpg.rf.80c4dc57f94e4f2e3fd54fd914b1c578.jpg,416,416,1
train,001420_jpg.rf.b940ab21f8347b653a31f9152598772a.jpg,416,416,1
train,001421_jpg.rf.0755f702f071ba30240d125edbeaf883.jpg,416,416,1
train,001423_jpg.rf.1924d0f74cbc2008cf70fdd195e8459d.jpg,416,416,2
train,001428_jpg.rf.0e28955faef1c3e4ec5496f2eeff0c2d.jpg,416,416,1
train,001433_jpg.rf.4fe43b64fb29fe04aae587a3e6f9a0a7.jpg,416,416,2
train,001434_jpg.rf.c05e66cac09ef30167661a9570f6d9b1.jpg,416,416,1
train,001435_jpg.rf.845a696fd82763de3851cca31c4c847f.jpg,416,416,7
train,001438_jpg.rf.8cf33639db00e1b2c76ad21b80474c71.jpg,416,416,1
train,001439_jpg.rf.6f26600d2e04842a52f2d1534fb3d671.jpg,416,416,1
train,001440_jpg.rf.6ed3509745171e72b9b6d5a35c3d91fd.jpg,416,416,1
train,001441_jpg.rf.b92c6a4b7b095f2fd07633f52f1c0677.jpg,416,416,1
train,001442_JPG_jpg.rf.a5a2b83f776b49cddb45012a14c5ac3b.jpg,416,416,1
train,001443_jpg.rf.6134ac3511b2df6dd2966341307a1ba7.jpg,416,416,1
train,001444_jpg.rf.97e975e391657ba4036065122ed6423b.jpg,416,416,1
train,001445_jpg.rf.fe4d6fb1c65eef9bb91c73b52bf156dc.jpg,416,416,1
train,001446_jpg.rf.52b80617b599808b1122038bc6fc1c3e.jpg,416,416,1
train,001451_jpg.rf.e0abc535bf90a2223af2e52ec75b5e09.jpg,416,416,1
train,001452_jpg.rf.45fba05814d6bbe4695c1fede222d4e9.jpg,416,416,1
train,001453_jpg.rf.a48663cd181ce03116750105b2981633.jpg,416,416,1
train,001454_jpg.rf.7d314be8c002c260ee25993788fd9801.jpg,416,416,1
train,001457_jpg.rf.fcec95a342bede13864154f05a092404.jpg,416,416,2
train,001458_jpg.rf.d872ee4dbc2ea36c3e2dae2423bb68b3.jpg,416,416,1
train,001459_jpg.rf.9272940ed50080bc6c5d1b7a0ed5e998.jpg,416,416,1
train,001460_jpg.rf.61a9641dd2004f0971fbc4cd8ec0d78b.jpg,416,416,1
train,001461_jpg.rf.3c9d96264f4b3495d8ba34984e8e0814.jpg,416,416,1
train,001464_jpg.rf.ca12dc6c363ce5a947d3775f46d85bf3.jpg,416,416,1
train,001466_jpg.rf.5f1e09ac149f516e67ac48f70c3b761d.jpg,416,416,1
train,001467_jpg.rf.e52d63058ad19c84eb8cd5e9c69b9333.jpg,416,416,1
train,001468_jpg.rf.9080b030cdba983a0fb00c5cf791aec9.jpg,416,416,1
train,001469_jpg.rf.8de759a73fcf4830df2f7c7fad65599e.jpg,416,416,1
train,001470_jpg.rf.934e68127dfc9fe9eb462e6d10db9d5f.jpg,416,416,1
train,001471_jpg.rf.bbc81c3d8cea45733e3baf859f297550.jpg,416,416,1
train,001473_jpg.rf.3ed5c22f55fb0747b620e1379e549483.jpg,416,416,1
train,001475_jpg.rf.ae3c987c127f314d5798222e8cf35790.jpg,416,416,1
train,001476_jpg.rf.3004fbb29f513c7d0298ed3af298bae2.jpg,416,416,1
train,001480_jpg.rf.a3110ec0d2919377ced26f8534b526be.jpg,416,416,2
train,001481_jpg.rf.89a11301bbcd7c66348fc7ad57b76319.jpg,416,416,1
train,001483_jpg.rf.1372a6dd9c2f9223bc1a030c79303328.jpg,416,416,1
train,001485_jpg.rf.1f6fb5824ced3fe41760bcbe83d41ed9.jpg,416,416,1
train,001486_jpg.rf.41d5f4f2adce2798a4acd41c9482243d.jpg,416,416,1
train,001488_jpg.rf.56acd6b157c342192e716929f097cee8.jpg,416,416,1
train,001489_jpg.rf.edfb2307bc8def947b5bcc17b2298672.jpg,416,416,1
train,001490_jpg.rf.fd8f004d7b84f0c804749846198f22f0.jpg,416,416,1
train,001492_jpg.rf.846769ab5576135ac942d7e6d837093d.jpg,416,416,4
train,001493_jpg.rf.616a1dcf5503c7a3b09ac934ae175063.jpg,416,416,1
train,001496_jpg.rf.d59db792d10ce690a3f0336ede3bbcf8.jpg,416,416,3
train,001497_jpg.rf.fbdb9b196dc228a923bf34783582c227.jpg,416,416,1
train,001499_jpg.rf.039192a561d83664c080b38b0694c273.jpg,416,416,1
train,001500_jpg.rf.66ee5afcd67884eb788b914065e4b115.jpg,416,416,1
train,001601_JPG_jpg.rf.86787aa89bdb3b4d5b36072b4ca41fbf.jpg,416,416,1
train,001602_JPG_jpg.rf.6261904c55ebb061c0526e0021a8277e.jpg,416,416,1
train,001604_JPG_jpg.rf.6122c9b11d774deed68cbf924438d30e.jpg,416,416,1
train,001605_JPG_jpg.rf.49cbbeb11251c0daa62d45c9ce36bb34.jpg,416,416,2
train,001609_JPG_jpg.rf.aaeef26422761cd82516a2f7d2ea6d50.jpg,416,416,2
train,001610_JPG_jpg.rf.f1eb1cd475ff3826e361045aecc8221b.jpg,416,416,2
train,001611_JPG_jpg.rf.1e1a2262571097dde94eea302f5b1ec0.jpg,416,416,1
train,001612_JPG_jpg.rf.7c0d95698095987e6eb1a8ca4db854bd.jpg,416,416,2
train,001613_JPG_jpg.rf.51a2a15be6a4fce96c4520192010565e.jpg,416,416,1
train,001615_JPG_jpg.rf.d3f0c56dcfa2e4b8f307e121935185d7.jpg,416,416,1
train,001616_JPG_jpg.rf.f4f969e338880dd0313415b4502f0ee1.jpg,416,416,1
train,001618_JPG_jpg.rf.23d5f3d8de851700c671504a581ccc28.jpg,416,416,1
train,001621_JPG_jpg.rf.0d3e48fda6967d6d57a0f4d65ab6bc5a.jpg,416,416,2
train,001625_JPG_jpg.rf.527e39729099e22db42ee6d87781d101.jpg,416,416,1
train,001626_JPG_jpg.rf.8f020a594fcdb0d82da8c58a0e8edc95.jpg,416,416,1
train,001627_JPG_jpg.rf.1a8718cf2c9bf04c190fa302894dc8a2.jpg,416,416,1
train,001628_JPG_jpg.rf.5e4acaf5f30a152aa6870619048c28dd.jpg,416,416,1
train,001629_JPG_jpg.rf.c3b701521059e68663652c3e2c370a5b.jpg,416,416,1
train,001630_JPG_jpg.rf.ca9b31fb6d06586ff18276fa52e8cc46.jpg,416,416,1
train,001632_JPG_jpg.rf.6bdb9d03f7ea1bee43dd53a5c8ad397b.jpg,416,416,2
train,001633_JPG_jpg.rf.7040c44878b8398f226cd3a64b3ae349.jpg,416,416,2
train,001634_JPG_jpg.rf.99fe04559224fe436fa73d2416e55d36.jpg,416,416,3
train,001635_JPG_jpg.rf.0c25dc9cac1b2251cb85ee2dd4f20d9d.jpg,416,416,1
train,001636_JPG_jpg.rf.840f6cc1e5fc0ef796bde35cea0115d5.jpg,416,416,1
train,001639_JPG_jpg.rf.f9ede6c4befc383b8230a4e6104b8ab2.jpg,416,416,2
train,001640_JPG_jpg.rf.db72101677a12fa80d66a166aab2d9ce.jpg,416,416,1
train,001641_JPG_jpg.rf.5e988ee31a58d179f5bd121b092e0c46.jpg,416,416,1
train,001644_JPG_jpg.rf.398fb3dd6ceb219f540f343d38a5d2c8.jpg,416,416,1
train,001645_JPG_jpg.rf.f99b2d02be2960a9b8fe63c9d4278cae.jpg,416,416,1
train,001646_JPG_jpg.rf.8d38b197542fb9e5b47390d90fc85f30.jpg,416,416,1
train,001647_JPG_jpg.rf.8d021157869271616357a65644f29328.jpg,416,416,1
train,001648_JPG_jpg.rf.48649483fbb54e90322611c8285b1270.jpg,416,416,1
train,001649_JPG_jpg.rf.16c3ed75e85943d301a3482f906a2c4b.jpg,416,416,2
train,001651_JPG_jpg.rf.af023a7dfa944f51d3735d7787348fd1.jpg,416,416,1
train,001652_JPG_jpg.rf.600e84df6195f6be324c8ee825cc8a05.jpg,416,416,1
train,001655_JPG_jpg.rf.e0448974f2373162e89441cc5fc4ab0a.jpg,416,416,1
train,001657_JPG_jpg.rf.8412687d69350f3b5a30ee0cdd2cdb53.jpg,416,416,1
train,001661_JPG_jpg.rf.acfefa9cfeb4287dc5b00f2759a29eb7.jpg,416,416,1
train,001663_JPG_jpg.rf.dd3dbdbb7d0c06478836b2c1ff9ce28e.jpg,416,416,1
train,001664_JPG_jpg.rf.64a171d1e560f359cbff0187d3b81b2f.jpg,416,416,1
train,001665_JPG_jpg.rf.d88ef3a8b501ce1b2f7786d303335da4.jpg,416,416,1
train,001666_JPG_jpg.rf.4f4ce0045369ea26bd3c3ceb5f1a1cb0.jpg,416,416,1
train,001667_JPG_jpg.rf.90d3eb3d19ba2b70bf9e06602715b516.jpg,416,416,1
train,001668_JPG_jpg.rf.2a5ec80dac5cc46fc4a31b9491aa4b3c.jpg,416,416,1
train,001669_JPG_jpg.rf.c02b4d82c21534173c1433e71bdb85f5.jpg,416,416,1
train,001670_JPG_jpg.rf.926bc2b7c964f9f102270e14babf7759.jpg,416,416,1
train,001671_JPG_jpg.rf.3586daa645e06402f11f315b96e14cee.jpg,416,416,1
train,001672_JPG_jpg.rf.697cbb4d0e01449d262fc0692b87a59c.jpg,416,416,1
train,001673_JPG_jpg.rf.8ce9041f165c1a218c80bac20d8e419b.jpg,416,416,1
train,001674_JPG_jpg.rf.f174031b97e1926c6e1115c4b4432d2b.jpg,416,416,1
train,001675_JPG_jpg.rf.af972ab92ec23d61813869f0f0db18d1.jpg,416,416,1
train,001676_JPG_jpg.rf.c7bbf600118f7d5001bd454e442eedb0.jpg,416,416,3
train,001677_JPG_jpg.rf.9edcfb9f53995d0dcee77de08b340945.jpg,416,416,1
train,001678_JPG_jpg.rf.2a0ce51ddd8b705de30d00a66d0e9fa3.jpg,416,416,1
train,001679_JPG_jpg.rf.8754624404325b942a1fb675d7cfa083.jpg,416,416,1
train,001680_JPG_jpg.rf.9770ac72b1dbb08fb87045f23e413d7f.jpg,416,416,1
train,001681_JPG_jpg.rf.a36deb38b6f9631f3686e44af829fc83.jpg,416,416,2
train,001682_JPG_jpg.rf.128ff5c5bceaae6e30336e50808a2632.jpg,416,416,2
train,001683_JPG_jpg.rf.a69fc4c0ebf83c843be69b63729e53f6.jpg,416,416,2
train,001684_JPG_jpg.rf.4f8c11f4930458adadf3c7e376221eee.jpg,416,416,2
train,001686_JPG_jpg.rf.849d52b45c28f3cab61dd4b492b1d8e5.jpg,416,416,2
train,001687_JPG_jpg.rf.b24bf5074e8b8b6cf664c446b0ab31fe.jpg,416,416,1
train,001688_JPG_jpg.rf.d09cef750800432776ac439d7b840beb.jpg,416,416,1
train,001689_JPG_jpg.rf.f8924298acce0e1aa13e52df38f48490.jpg,416,416,1
train,001690_JPG_jpg.rf.57de7aa5c2b4c9729502c9c760062a2b.jpg,416,416,1
train,001691_JPG_jpg.rf.f3f322b45e6095f30b52e41ad1e075cf.jpg,416,416,1
train,001692_JPG_jpg.rf.e4cb181cedab479a2f271323d962071b.jpg,416,416,1
train,001694_JPG_jpg.rf.0848aaf83c6595accbf6b084b8a2844f.jpg,416,416,1
train,001695_JPG_jpg.rf.0a4fc9a7441a0164a50a4f0be692714c.jpg,416,416,1
train,001696_JPG_jpg.rf.562932a43cde52cabd9256b0ca3c5cbd.jpg,416,416,1
train,001698_JPG_jpg.rf.fda0da53b098630ec023101df046bf91.jpg,416,416,1
train,001699_JPG_jpg.rf.fd5a435386b4923e29ab8acc49407729.jpg,416,416,1
train,001769_jpg.rf.07a74e73176bc2583bc0f354cfff0359.jpg,416,416,2
train,001810_jpg.rf.54a0c297f7db7b282c91020c3696e216.jpg,416,416,1
train,001811_JPG_jpg.rf.55a25e055d35c537fdce6a61262cfab6.jpg,416,416,2
train,001812_JPG_jpg.rf.13c9b9bb62ea304306841589dc419e23.jpg,416,416,2
train,001817_JPG_jpg.rf.e8af560dce92dbb5c42711f3da3f4620.jpg,416,416,1
train,001818_JPG_jpg.rf.a297abe3dadaacd6e4a1cf949a335359.jpg,416,416,1
train,001819_JPG_jpg.rf.19373a081a4ca0d9c8ee2e7978c863a0.jpg,416,416,2
train,001823_JPG_jpg.rf.fcbe038edda4a24abb9ea7f3743da2c7.jpg,416,416,1
train,001824_JPG_jpg.rf.09a8064e22254fcb71039d13d6734904.jpg,416,416,3
train,001825_JPG_jpg.rf.2b5b991a4358b39c46cbb4af62f20b84.jpg,416,416,2
train,001827_JPG_jpg.rf.fc8779bc50b6fa922a0ca5314eb518d8.jpg,416,416,2
train,001831_JPG_jpg.rf.5d330ef381133bd02c5351efc73b92cc.jpg,416,416,1
train,001834_JPG_jpg.rf.b01dc0a9c86d5fcb026f55e00bea087a.jpg,416,416,1
train,001838_JPG_jpg.rf.dd4f143973f7bdc450fd7ed7530b9946.jpg,416,416,1
train,001841_JPG_jpg.rf.c3cc7c6e38f98ad069c858fae15a5882.jpg,416,416,1
train,001850_jpg.rf.f86342e2c29614f251df9e2239ba843e.jpg,416,416,1
train,001859_JPG_jpg.rf.697c9c61dde641ee15395d09b6678a95.jpg,416,416,1
train,001871_png_jpg.rf.2285185d89b34d913d37a8d036d9687f.jpg,416,416,1
train,001879_jpg.rf.1ced213ce6efef91b0a2aa0881a6d810.jpg,416,416,1
train,001885_jpg.rf.4d8c4b194ef814b58fc9efca000bf740.jpg,416,416,1
train,001903_jpg.rf.07e5bf235e82ea1b748a3a08870ac07e.jpg,416,416,1
train,001904_jpg.rf.4efc02bdb80bf06f639f3b33367ac558.jpg,416,416,1
train,001919_jpg.rf.b01269ef4cdcb5b4e497c36847d0680f.jpg,416,416,1
train,001921_jpg.rf.7ea989e6aca425bfe71e5f2b4565fe9e.jpg,416,416,1
train,001924_jpg.rf.6438079969b065b6fb426a1fcceb62e5.jpg,416,416,1
train,001932_jpg.rf.f95f93ed2ccdb435f82c0f5d39d55701.jpg,416,416,1
train,001943_jpg.rf.27ce60b3341b3b174ef8448864cf2f8d.jpg,416,416,1
train,001949_jpg.rf.68d541ba0f9852da65302442620d3088.jpg,416,416,1
train,001955_jpg.rf.fd60d23d69af2ec5a9e0a250217fb8bf.jpg,416,416,1
train,001975_jpg.rf.c03a81ebbda0212960a4de0330791f42.jpg,416,416,1
train,001987_jpg.rf.e3da0d308198138618ea84c36d85a292.jpg,416,416,1
train,001990_jpg.rf.7c661658ed22252d2c314ca07b9df671.jpg,416,416,1
train,001991_jpg.rf.5a4121ed0aca68b2a551ceb5a93e2414.jpg,416,416,1
train,001992_jpg.rf.f26dcdb9fdeebc174754794fa60d5667.jpg,416,416,1
train,001994_jpg.rf.ff65b76a4b6e58e2cfaf0bc9583e4200.jpg,416,416,1
train,001995_jpg.rf.3aa6a0accf732e8fbe9c4e92d640e4f8.jpg,416,416,1
train,001998_jpg.rf.b3f5eb36c3cbf49acb759cba73bf036f.jpg,416,416,1
train,002110_jpg.rf.0fed8711a49e02a48ec3d283c6e42fc3.jpg,416,416,2
train,002112_jpg.rf.1a686bd749a560b2403dae057e3f04ee.jpg,416,416,1
train,002121_jpg.rf.772899227fd9851fc62d288ef78239b2.jpg,416,416,1
train,002126_jpg.rf.6576e756a1fc755e6fb07f9a25182bba.jpg,416,416,1
train,002159_jpg.rf.9794c9faab55b41b5a77e38f66268fca.jpg,416,416,1
train,002180_jpg.rf.3bae12ed2ac4ff39b4bea8e226f09f0d.jpg,416,416,1
train,002187_jpg.rf.10a023a4b04fda7dbf41f38db455db77.jpg,416,416,3
train,00601e2b-af06-4b91-a50b-d94385371b01_jpg.rf.6a02c824c53fa19071deae266b9744c3.jpg,416,416,1
train,00910eaa-bfb5-42d1-acf0-2cb87b877f8d_jpg.rf.7e33e73e463d3c77fe6f8735b29f568a.jpg,416,416,1
train,0166f90e-c685-4f0b-98ed-0c3fd338ff01_jpg.rf.3ffbe68b215853cd34b099ecfd0a88d3.jpg,416,416,1
train,0223f090-357c-4230-97aa-b238eae4b37a_jpg.rf.201258a090175ff9e0d35705b743f3f0.jpg,416,416,1
train,022ae068-6f6e-4563-97c1-f96261b436e6_jpg.rf.017865ef8d3220315e89a70d835fc396.jpg,416,416,1
train,02911acb-1e9f-4dca-a5fa-22aec97e04aa_jpg.rf.2709b27c3b4e2c48db6906a7bf2ecd99.jpg,416,416,1
train,0307f51b-ac7e-4563-b4e6-06c519c23b36_jpg.rf.869abedb907d916c5d44f19e98eea66b.jpg,416,416,1
train,033c6ce1-fa33-49fc-9308-76c6e69e0c31_jpg.rf.b5517cec6e6548fccde73bca06dfc8d2.jpg,416,416,1
train,0411c4e4-3aec-40bc-b98f-60ab68f503fd_jpg.rf.cd253b3fcce6703ef79e6c45b0b3f9a0.jpg,416,416,1
train,058385a7-7e35-4e78-8fb4-1f704392e000_jpg.rf.c97705adc5cf83567111d495789240ef.jpg,416,416,1
train,071a0640-def2-4c10-b393-82036dc09483_jpg.rf.9fcdd46749ee34fe0df36d55595e3e18.jpg,416,416,1
train,073e6659-d0b9-4d10-aa6b-00121a9a0f33_jpg.rf.630b4c42745f25ae07bdb44c770ba6d6.jpg,416,416,1
train,08972445-6520-4e7d-b00e-16337027cfe4_jpg.rf.aca5e6a0450ff6a1717ec014ee6cefa2.jpg,416,416,1
train,08c4392d-102e-4f9f-822f-53df30e76caf_jpg.rf.537127c5e0c56d4771cb42fa80171e1d.jpg,416,416,1
train,08e27e7e-d454-4057-98c3-1c1af269b21c_jpg.rf.623a5bd3548e62ea6abe37c9b439cabf.jpg,416,416,1
train,08f67756-3ab4-4332-a8f4-e580b64e4435_jpg.rf.3cb9d518aa1a54dcced1660279385854.jpg,416,416,1
train,0994e69f-c73b-418f-9471-5b8c7225f45e_jpg.rf.d9806f40d123ece5784cdeeb8b0ee8f5.jpg,416,416,1
train,09a182d9-4038-4896-be3d-538142b8370d_jpg.rf.676425e776ef56e92c69a611f93e83a4.jpg,416,416,1
train,09da0aaa-c734-4e05-a4cc-2433eb779495_jpg.rf.4d0419798df2e6c7221c747a1b2d81c2.jpg,416,416,1
train,09e4f5d0-f812-4109-8af3-e448e7594f56_jpg.rf.9a5e1e3d818b88b2b8c8121228b9b044.jpg,416,416,1
train,10c3aecb-eaa3-4f81-a749-fd76b25be428_jpg.rf.1bc01fcfdf7ee218c81b6df45bc8ca27.jpg,416,416,1
train,10e68c49-ad28-48de-b2c6-a7ce3101793b_jpg.rf.de99cbbd66d910c39cdaa751558652ed.jpg,416,416,1
train,1120f8cc-6c68-4dbe-b60d-d5612330fe58_jpg.rf.0ca8ca152e1e1d7b8d29af1c4da1d2e2.jpg,416,416,1
train,118c692e-9a44-4c90-ad76-0b78e4d472fc_jpg.rf.f7110241d70c477ae3f178f9e6e0e5e9.jpg,416,416,1
train,123e596f-82d1-4baa-a6b8-65b6e2bcf736_jpg.rf.24e8dcde03f21681357f459518e1e6e6.jpg,416,416,1
train,12587eff-7324-4505-9e8a-1b394a78263a_jpg.rf.2f82b1ef8c809ff3daeac1b90cea1ce8.jpg,416,416,1
train,12b9e565-c8b8-4e25-8107-d61a9d1b35ef_jpg.rf.ae376d5feea38041aaadc69110e31e18.jpg,416,416,1
train,12eb9258-c632-449d-b1ed-d6de10a958d8_jpg.rf.eaf44a268d8a946d953f9ebd809c9bde.jpg,416,416,1
train,132fb160-d28e-4f53-9247-0ff9d3c89d78_jpg.rf.ef231dde2e916308bc43b6e276c69dc7.jpg,416,416,1
train,138060c1-f9be-4398-9ba6-a3a092b109a4_jpg.rf.8611425e0d0858d409215b5e31cdb436.jpg,416,416,1
train,14352fa8-7a08-4804-b2b6-180ce0d0bd7f_jpg.rf.57ee5b49fe7509e69d8fa4b3404af3dd.jpg,416,416,1
train,152156cd-9481-46af-b83c-60f38869f14a_jpg.rf.c42ce8b518ce0dd4af169547cc838857.jpg,416,416,1
train,156423ad-e299-4e87-8d94-86f02716c132_jpg.rf.25b13ba7f3420010838197bc91124c03.jpg,416,416,1
train,15e7c51c-cd58-4b54-bd6f-2fe16d2a0986_jpg.rf.5d9a53bd37bc74a04c300a912dafdab2.jpg,416,416,1
train,183bc196-1a4b-43f7-9d0b-ecce08393ffe_jpg.rf.a40f14aaa40e341ac06ac991b4a5703e.jpg,416,416,1
train,19bafd1c-1c51-4c01-adb1-efae9a9a3acc_jpg.rf.3384edc0e5e0fcad10a4b179747eb465.jpg,416,416,1
train,19cba125-764a-462d-bd1a-e919858246fb_jpg.rf.d2a550b1c9303a24d28d34a4ef0ce45c.jpg,416,416,1
train,20364e84-d295-427b-a242-a6826d1fb2a3_jpg.rf.f0dbcca09ae85dec24d3acc12d67504c.jpg,416,416,1
train,20402591-0fb0-4e1d-893e-ec60a9906ce5_jpg.rf.377d7bb65d50649337b7c32a0c644cd7.jpg,416,416,1
train,21569b8b-8879-4c75-b620-2e348c01ec98_jpg.rf.523d82af6dcecaf74613fcb4e6cc9b4c.jpg,416,416,1
train,21c391d5-3122-49fa-b7a0-42a12ea9581a_jpg.rf.fc3564091203e9b8a5da20f48237846d.jpg,416,416,1
train,22860959-82bb-41f5-a870-65c7ab1d48b4_jpg.rf.f165f372756cad73b25ad8f3bbffe96f.jpg,416,416,1
train,22c764bc-54b9-4547-8aaf-26b082d54fc5_jpg.rf.28766dc1302b5d462b0b9d39a5386eef.jpg,416,416,1
train,2355ef14-d5c7-4c81-9729-9cd5a28d1db2_jpg.rf.851fc53d446eef5ee122dd74d4458cf9.jpg,416,416,1
train,2651d8a1-c079-4ade-a9e4-29fd98ea2c4a_jpg.rf.367d219289a8a80c486e61259d6c0e98.jpg,416,416,1
train,26e44f94-2b05-4e13-b1b1-841ec9550220_jpg.rf.caed3a9d9cb5baae65f882587475de89.jpg,416,416,1
train,33991e43-090d-4b63-b9ed-52e79abb6644_jpg.rf.9042ef786e9e66624ddd632fe7f844cf.jpg,416,416,1
train,34f4675d-7b94-4957-b176-8659b6a6242d_jpg.rf.aae26c6f7edb83b59fe061c14444456e.jpg,416,416,1
train,35704df2-8ce6-4738-b619-2737dcbb9cf3_jpg.rf.7cad6c180f554caa2255835bcd34358d.jpg,416,416,1
train,4238d745-8156-44e1-9758-1344860db228_jpg.rf.4b3f2a0c40f96473e4cfa8235910720a.jpg,416,416,1
train,63b34629-4237-41b2-9557-50f3ad094712_jpg.rf.571b2b5a459bfe465a63ff55abf6d157.jpg,416,416,1
train,7f28b9eb-31ef-4d8e-93e9-4732e905b0a6_jpg.rf.88ecd2ad3103a10d5568ca5d153879f9.jpg,416,416,1
train,8012d134-e1e7-429d-834c-489482813e65_jpg.rf.e8ba1e29388b831ac6a57c94271701b8.jpg,416,416,1
train,9a865fec-cf90-4eee-928f-887ec8c2175b_jpg.rf.a4141d63780204ba3ca04b8fa3ce941d.jpg,416,416,1
train,9c98e136-f7aa-479c-8578-a800a57c2d47_jpg.rf.d4b8ae1bd91d6ff8d72f840c081bc990.jpg,416,416,1
train,9d3d7cd0-7f2c-48ee-af30-56f3a73da5b7_jpg.rf.1a2782b47bd33b607fb0ca06767cf16f.jpg,416,416,1
train,FisheyeCamera_1_00000_png.rf.e5b5dc4c68b21c64cf6331dc8e354af3.jpg,416,416,1
train,FisheyeCamera_1_00001_png.rf.4ceff7859133b5d841d7300f7f137d96.jpg,416,416,1
train,FisheyeCamera_1_00003_png.rf.807ef9b018755e24fd1829e7a034d8e9.jpg,416,416,1
train,FisheyeCamera_1_00005_png.rf.18b2eb619a28043b61327c1407a9730d.jpg,416,416,1
train,FisheyeCamera_1_00006_png.rf.78bee8fd7f37e0390b408fff3bc93b1b.jpg,416,416,2
train,FisheyeCamera_1_00006_png.rf.a1da4e7a33d32b8cf47de48735a30996.jpg,416,416,1
train,FisheyeCamera_1_00006_png.rf.fea62d8e1b5530e40b6f060311829450.jpg,416,416,1
train,FisheyeCamera_1_00007_png.rf.7c46848a1a6f8be2357f2dbce71bb831.jpg,416,416,2
train,FisheyeCamera_1_00008_png.rf.146aeedb58a2af892486426a55b3093e.jpg,416,416,2
train,FisheyeCamera_1_00008_png.rf.3523e005c082cc904792e3b32a58e0f7.jpg,416,416,2
train,FisheyeCamera_1_00009_png.rf.b0975a2a6e8dd384d412a61bb39be816.jpg,416,416,2
train,FisheyeCamera_1_00009_png.rf.da0f702100e6fa49a47e15deb0871c98.jpg,416,416,1
train,FisheyeCamera_1_00010_png.rf.75f8f133d89fed5436726a3131ca8db4.jpg,416,416,1
train,FisheyeCamera_1_00010_png.rf.f8818318fe8f4171e66b59db3bcaa62a.jpg,416,416,2
train,FisheyeCamera_1_00011_png.rf.0baf6730314be00c290ec814a8210954.jpg,416,416,2
train,FisheyeCamera_1_00011_png.rf.33930ee2b26e84b850351e83f9d4b4d8.jpg,416,416,2
train,FisheyeCamera_1_00012_png.rf.dec10cb0f72af007819df9094cd744ca.jpg,416,416,2
train,FisheyeCamera_1_00013_png.rf.4982fb4aef8bd5fac9fab6cdbc334b89.jpg,416,416,2
train,FisheyeCamera_1_00013_png.rf.994947d2ccce6be3d23228f9b5f5b4a4.jpg,416,416,2
train,FisheyeCamera_1_00014_png.rf.3dd40dea9b02649c45edb69b9d70bc40.jpg,416,416,1
train,FisheyeCamera_1_00014_png.rf.81fde93a295fe5b4a9adcb9cbd83e5e0.jpg,416,416,2
train,FisheyeCamera_1_00014_png.rf.dc026ede70fb1719befc498babae4206.jpg,416,416,1
train,FisheyeCamera_1_00015_png.rf.3918a1d93d5e8ecadaef9bcea0db5c95.jpg,416,416,2
train,FisheyeCamera_1_00015_png.rf.acdfa8cbd396f9e61fb2032a64c758d1.jpg,416,416,1
train,FisheyeCamera_1_00016_png.rf.5651ea1fec90539512cded14922f2763.jpg,416,416,1
train,FisheyeCamera_1_00016_png.rf.c25aa02da9c9e04679b62cd7fe720cb0.jpg,416,416,2
train,FisheyeCamera_1_00016_png.rf.de6fca6e58c4a695bb02d9f9dd30552e.jpg,416,416,1
train,FisheyeCamera_1_00017_png.rf.080b79fd23f3ff1f4d5210fafcdaadc7.jpg,416,416,1
train,FisheyeCamera_1_00017_png.rf.25580afe821503dafaf5159a4c57eb26.jpg,416,416,2
train,FisheyeCamera_1_00018_png.rf.6d66c647abdd68c6578bf1c1f261e765.jpg,416,416,1
train,FisheyeCamera_1_00019_png.rf.613f4af88ae1447a5eff049172e49b83.jpg,416,416,1
train,FisheyeCamera_1_00019_png.rf.e6619c5d0a6af756c3141eb7a8b71d15.jpg,416,416,3
train,FisheyeCamera_1_00020_png.rf.22769209db694893f0821d086c6b7036.jpg,416,416,1
train,FisheyeCamera_1_00020_png.rf.792ae5dc73eda9ba4d0ec4bb198681f2.jpg,416,416,3
train,FisheyeCamera_1_00021_png.rf.e839a1dd4be76fde71ed93ee3ebb2897.jpg,416,416,1
train,FisheyeCamera_1_00021_png.rf.f9cfa3dc0f5d2e235ccdf5c468ff9ed2.jpg,416,416,3
train,FisheyeCamera_1_00022_png.rf.3094f15ff489f6b2b60100e1858a0399.jpg,416,416,3
train,FisheyeCamera_1_00022_png.rf.a500503e8d2da99c2886cab6582850c4.jpg,416,416,2
train,FisheyeCamera_1_00023_png.rf.f66009d2ae590556aff978c459f13c6b.jpg,416,416,3
train,FisheyeCamera_1_00025_png.rf.b4af6705d03f319976397f3326671be5.jpg,416,416,2
train,FisheyeCamera_1_00025_png.rf.f5c34588ec29b7f6a4f2a0c9b6f082c6.jpg,416,416,2
train,FisheyeCamera_1_00026_png.rf.1fd1e1fc1daa4225af3a97b7016e3689.jpg,416,416,2
train,FisheyeCamera_1_00026_png.rf.94551aadecb25bd3c0c4e70932bfd1f0.jpg,416,416,1
train,FisheyeCamera_1_00026_png.rf.f9f3b94c4fbda55e0939cc30bb0d95db.jpg,416,416,2
train,FisheyeCamera_1_00027_png.rf.1eecd7bdb4385d5ce401f937e03f5686.jpg,416,416,2
train,FisheyeCamera_1_00028_png.rf.2bfff07d9bcc8e2fb5275b8bd2ebb1f9.jpg,416,416,2
train,FisheyeCamera_1_00028_png.rf.e7d64ec29d920158404cb5ce61ffef05.jpg,416,416,2
train,FisheyeCamera_1_00029_png.rf.385403b0b6cdac4328ddbd14e877b56d.jpg,416,416,1
train,FisheyeCamera_1_00029_png.rf.b2e38b7d31f9a8006b99acf6b04c733f.jpg,416,416,1
train,FisheyeCamera_1_00029_png.rf.d1873828187007b2c95cb44f9abf7aff.jpg,416,416,2
train,FisheyeCamera_1_00030_png.rf.41adca8919e77869c927b7c4b1c045e6.jpg,416,416,1
train,FisheyeCamera_1_00030_png.rf.69dd8d3aaf9230ee2105f31b11d9e900.jpg,416,416,2
train,FisheyeCamera_1_00031_png.rf.8cc6b5da111a04fd825f8b8b927b0bc4.jpg,416,416,2
train,FisheyeCamera_1_00033_png.rf.9768bdfa6421965e9bcad07fdaa9e9b4.jpg,416,416,2
train,FisheyeCamera_1_00035_png.rf.0c5612d6f80709d56bc2a8cad1e2fb03.jpg,416,416,1
train,FisheyeCamera_1_00037_png.rf.d53f485532f8b13198f33f1d91c4a49f.jpg,416,416,1
train,FisheyeCamera_1_00038_png.rf.67acbe4629026c5d129d5fa8fb4ec1df.jpg,416,416,1
train,FisheyeCamera_1_00039_png.rf.8e519b31dfdfa8e944e6a94645e26277.jpg,416,416,1
train,FisheyeCamera_1_00040_png.rf.9a4c99f52001b43700e8c93b4e918c7b.jpg,416,416,1
train,FisheyeCamera_1_00041_png.rf.2393d85160cf4b4a7c6c7510a07797f2.jpg,416,416,1
train,FisheyeCamera_1_00042_png.rf.4d945da43621b3b769de7c8cd1582e4e.jpg,416,416,1
train,FisheyeCamera_1_00042_png.rf.637c692105d9043b64a3bebe99f128c3.jpg,416,416,1
train,FisheyeCamera_1_00043_png.rf.1fc5ab81766257cca9762cca4f346a4e.jpg,416,416,2
train,FisheyeCamera_1_00043_png.rf.acdbc1f32fd84532312a56d2eec123c7.jpg,416,416,1
train,FisheyeCamera_1_00044_png.rf.73520206bf7d66ab951c7eab6d7ba8e7.jpg,416,416,2
train,FisheyeCamera_1_00044_png.rf.df51f96d08027bf655282e3420b6c503.jpg,416,416,1
train,FisheyeCamera_1_00045_png.rf.60026680216e6e3c63b29087609c98b6.jpg,416,416,1
train,FisheyeCamera_1_00046_png.rf.263bd6e1c032f9f7232b94a08d72ddcc.jpg,416,416,1
train,FisheyeCamera_1_00047_png.rf.0c03285383f8a23365bb29f52aa66e3b.jpg,416,416,2
train,FisheyeCamera_1_00048_png.rf.2d724e494acafa4c73b1eaa97990614b.jpg,416,416,2
train,FisheyeCamera_1_00049_png.rf.b88ac07b3ded7aba17300b7722eb7742.jpg,416,416,1
train,FisheyeCamera_1_00050_png.rf.5cec93ca46bdcedf11bb56511c8b1c70.jpg,416,416,1
train,FisheyeCamera_1_00051_png.rf.18d30054318784635e2b5a071960a0a8.jpg,416,416,1
train,FisheyeCamera_1_00051_png.rf.b315c716f3a9b45d1f620e3613f0c109.jpg,416,416,1
train,FisheyeCamera_1_00052_png.rf.cd0071f76dea23bbc9d22fe7781ebed5.jpg,416,416,1
train,FisheyeCamera_1_00053_png.rf.7f5a4f56b0943fa393f3f279f7026908.jpg,416,416,1
train,FisheyeCamera_1_00054_png.rf.6126a84528376c77b19c6fb2dc675a00.jpg,416,416,1
train,FisheyeCamera_1_00061_png.rf.0a1b5d958fd7b550291ccfe699238e42.jpg,416,416,1
train,FisheyeCamera_1_00061_png.rf.5450b15a82110309b8f92d2dab962964.jpg,416,416,1
train,FisheyeCamera_1_00063_png.rf.8635a31b244b3f949b86ae2579be3e73.jpg,416,416,1
train,FisheyeCamera_1_00065_png.rf.63c872dba98b0e36449faebf564f6fa2.jpg,416,416,1
train,FisheyeCamera_1_00066_png.rf.78f84cf665c5a69a7208f88d180f965e.jpg,416,416,1
train,FisheyeCamera_1_00067_png.rf.d467b75fc7ecb18e096d25f566d73ef3.jpg,416,416,1
train,FisheyeCamera_1_00068_png.rf.5efafdabcdb9bab908cbf9d9976ef52e.jpg,416,416,1
train,FisheyeCamera_1_00068_png.rf.ad47063479eed0d6613fef68ada3a66d.jpg,416,416,1
train,FisheyeCamera_1_00069_png.rf.0538e5d96e120f664ce04cb1ad3350db.jpg,416,416,1
train,FisheyeCamera_1_00070_png.rf.adb22e8e34e5a308c5f4d6269ba22000.jpg,416,416,1
train,FisheyeCamera_1_00072_png.rf.9d250c0e260b80b71ca30a7b130c7a00.jpg,416,416,1
train,FisheyeCamera_1_00073_png.rf.568b234027323243079483f5389b5c51.jpg,416,416,1
train,FisheyeCamera_1_00073_png.rf.dace87f4aafb740144cbe4ad1a58168e.jpg,416,416,2
train,FisheyeCamera_1_00074_png.rf.f6969edc29e5af5aa20e2d77c72262d6.jpg,416,416,3
train,FisheyeCamera_1_00075_png.rf.409756d2f24c995ff1292ce2db211666.jpg,416,416,1
train,FisheyeCamera_1_00075_png.rf.70e4aa179635b5e555cc80954c1acd45.jpg,416,416,3
train,FisheyeCamera_1_00076_png.rf.c1649fd1ef9e95ffa77a31dcffb825ed.jpg,416,416,3
train,FisheyeCamera_1_00077_png.rf.a7498f21d266be318df17477673f7dbb.jpg,416,416,3
train,FisheyeCamera_1_00077_png.rf.c60e3f2061ac5252ca0023749998ecdc.jpg,416,416,1
train,FisheyeCamera_1_00078_png.rf.f8277b1e674702e41e81ff78b4871db0.jpg,416,416,3
train,FisheyeCamera_1_00079_png.rf.c5f44a549410473fbeeb8712330ef5bc.jpg,416,416,3
train,FisheyeCamera_1_00080_png.rf.cc26e0feb0e1c529f7c86e8ccc7218fc.jpg,416,416,1
train,FisheyeCamera_1_00081_png.rf.e19e39a67b5ce58715d9e7338c27f30d.jpg,416,416,1
train,FisheyeCamera_1_00083_png.rf.5421f85b550f1a296b2c2f294f754941.jpg,416,416,1
train,FisheyeCamera_1_00083_png.rf.db68da58fb44df20af288709746a08c1.jpg,416,416,1
train,FisheyeCamera_1_00084_png.rf.0573bd7418257caecfdae648d7a942aa.jpg,416,416,3
train,FisheyeCamera_1_00085_png.rf.1a4f429061da1f5460f77ff7aa1a0e6e.jpg,416,416,3
train,FisheyeCamera_1_00086_png.rf.285c7768c07b1ce2c11df1f57666031c.jpg,416,416,3
train,FisheyeCamera_1_00086_png.rf.5813b70ec84a762cb8ac38892b118b04.jpg,416,416,1
train,FisheyeCamera_1_00086_png.rf.aab6aaff2edb487ccb8cfb11446aef83.jpg,416,416,1
train,FisheyeCamera_1_00087_png.rf.dee688d888db6d65e893b466abb523b9.jpg,416,416,1
train,FisheyeCamera_1_00088_png.rf.4030809da35e5fe3d3ef8d5453fdde7c.jpg,416,416,1
train,FisheyeCamera_1_00088_png.rf.ad0cc59e44e3e16ee1dfecdf8e61ef02.jpg,416,416,1
train,FisheyeCamera_1_00089_png.rf.2e9e58640cef7629e09d96e9b84ec426.jpg,416,416,1
train,FisheyeCamera_1_00090_png.rf.d2b759beab3ad33c697a3954606f32d7.jpg,416,416,2
train,FisheyeCamera_1_00091_png.rf.ac7125e933ee5d0179d53320fdad7032.jpg,416,416,2
train,FisheyeCamera_1_00095_png.rf.12d33155105d77d52b3e5d6deb5c2bff.jpg,416,416,2
train,FisheyeCamera_1_00096_png.rf.0aa3159f12b087bc8c086cbc7b842adf.jpg,416,416,2
train,FisheyeCamera_1_00097_png.rf.316f668cf00be0098fda3b4f84dfb229.jpg,416,416,1
train,FisheyeCamera_1_00098_png.rf.3ad38e3bb024741105a3495525ab821f.jpg,416,416,1
train,FisheyeCamera_1_00099_png.rf.74f630b93729823470896eeb96198497.jpg,416,416,1
train,FisheyeCamera_1_00100_png.rf.c3cc13f696f796a8c21626c048faa368.jpg,416,416,1
train,FisheyeCamera_1_00101_png.rf.68eee0d5b13b0be9179b9e3900b61342.jpg,416,416,1
train,FisheyeCamera_1_00101_png.rf.723b6bf89f0e69c70146de4d246ef4bb.jpg,416,416,1
train,FisheyeCamera_1_00102_png.rf.91b072b2248b11aa45f5f351f8cfa204.jpg,416,416,1
train,FisheyeCamera_1_00102_png.rf.b0b09130352830de65f7cd4d103d5fe8.jpg,416,416,1
train,FisheyeCamera_1_00103_png.rf.ce8c1d51005cf155877f21a78ae77709.jpg,416,416,1
train,FisheyeCamera_1_00103_png.rf.d9e56be3617398246e391407847184b2.jpg,416,416,1
train,FisheyeCamera_1_00104_png.rf.6e93a0c87a450136c3c4602d636b48bb.jpg,416,416,2
train,FisheyeCamera_1_00105_png.rf.0f0b193668c62994c7d2d7a341f89cbd.jpg,416,416,1
train,FisheyeCamera_1_00105_png.rf.9c8dc0a3efc8e639439d0d860b907a51.jpg,416,416,1
train,FisheyeCamera_1_00106_png.rf.d1b14fa7c0dd549853e10f0435cec513.jpg,416,416,1
train,FisheyeCamera_1_00108_png.rf.c57b8f577c2262c32aa92a49a1fdb148.jpg,416,416,1
train,FisheyeCamera_1_00109_png.rf.9a4209543fe8c3edfa81ae08f7475048.jpg,416,416,1
train,FisheyeCamera_1_00110_png.rf.08fbe7bd305e7f04645f31c9dd6ba479.jpg,416,416,1
train,FisheyeCamera_1_00121_png.rf.deb6068fa3afdf9425bd30f2f38a396e.jpg,416,416,1
train,FisheyeCamera_1_00123_png.rf.454a940e69339af2e08c86155512aabb.jpg,416,416,1
train,FisheyeCamera_1_00123_png.rf.b0cce988922f299b954c8915f2188091.jpg,416,416,1
train,FisheyeCamera_1_00124_png.rf.8b002752e8490fc67629003aae5ed0d7.jpg,416,416,1
train,FisheyeCamera_1_00124_png.rf.8bb3e7687772d5ed0b2087edf02de294.jpg,416,416,1
train,FisheyeCamera_1_00125_png.rf.980944ff924d3424a0a3d2c81b73d7b4.jpg,416,416,1
train,FisheyeCamera_1_00126_png.rf.1a2b57ebf15d966eca7347768442172a.jpg,416,416,1
train,FisheyeCamera_1_00127_png.rf.dc7589a08509ddfffade6c8935610882.jpg,416,416,1
train,FisheyeCamera_1_00128_png.rf.49ce364f205892a75c82bcf8aa78cff1.jpg,416,416,1
train,FisheyeCamera_1_00129_png.rf.2e8926bbae044b6aaf27efa0438c7136.jpg,416,416,1
train,FisheyeCamera_1_00129_png.rf.ad8a774d3f395907f666f3969cde60a8.jpg,416,416,1
train,FisheyeCamera_1_00130_png.rf.24742bc569c486d204a5281a3dd70a50.jpg,416,416,1
train,FisheyeCamera_1_00142_png.rf.c5f6af45fb865a6d1411a2964a4a87ec.jpg,416,416,1
train,FisheyeCamera_1_00143_png.rf.956f2724a5ab97ff9526ba4529daf516.jpg,416,416,1
train,FisheyeCamera_1_00143_png.rf.bfa89392b35e6b330522d87fe7c56900.jpg,416,416,4
train,FisheyeCamera_1_00145_png.rf.a8e8a6ff4d2e0feab501736ac9a28c60.jpg,416,416,4
train,FisheyeCamera_1_00146_png.rf.dafec336102ba27c80f1508140e67c37.jpg,416,416,1
train,FisheyeCamera_1_00147_png.rf.edacfc9351b479dd28b5628a8c903ffe.jpg,416,416,4
train,FisheyeCamera_1_00148_png.rf.4deb4678acdc5f0628a4375b69397900.jpg,416,416,1
train,FisheyeCamera_1_00148_png.rf.b9d54044f03f5ae134de805dc1be1fef.jpg,416,416,4
train,FisheyeCamera_1_00150_png.rf.c6af43ce9e73134eb6f58601fd73acab.jpg,416,416,2
train,FisheyeCamera_1_00151_png.rf.40918314c73188f052996f97a35f506b.jpg,416,416,2
train,FisheyeCamera_1_00152_png.rf.46c67c668e6f240e7078d8f8dff2734b.jpg,416,416,1
train,FisheyeCamera_1_00152_png.rf.6882869c6bff201a03ed3a5e82bc7c5a.jpg,416,416,2
train,FisheyeCamera_1_00152_png.rf.e14608c239e866332b6f904803889eae.jpg,416,416,4
train,FisheyeCamera_1_00154_png.rf.504f533d229ff9724d527fb5710418e3.jpg,416,416,2
train,FisheyeCamera_1_00154_png.rf.6709f07a28a3d0c0d01f47fd61a1742e.jpg,416,416,1
train,FisheyeCamera_1_00155_png.rf.c283d907f44d987d807ff1d087a61d45.jpg,416,416,1
train,FisheyeCamera_1_00156_png.rf.df773c01776e2707eb5249e8e941b55b.jpg,416,416,1
train,FisheyeCamera_1_00158_png.rf.6601828ff8accdab03a786783440e01d.jpg,416,416,1
train,FisheyeCamera_1_00159_png.rf.48be272fee926ca863fbcd6d48a44c0a.jpg,416,416,4
train,FisheyeCamera_1_00159_png.rf.ff71e296fcae463e790c3bae3d0e15cb.jpg,416,416,1
train,FisheyeCamera_1_00161_png.rf.654435dca902b252508ed1887186bbeb.jpg,416,416,2
train,FisheyeCamera_1_00162_png.rf.ac5c9896ff57ff3a380626a5aa018421.jpg,416,416,3
train,FisheyeCamera_1_00163_png.rf.7aaabae076fd0e974c246a41d92a5714.jpg,416,416,2
train,FisheyeCamera_1_00164_png.rf.89546c8715a07e8193daf925b935cde7.jpg,416,416,2
train,FisheyeCamera_1_00166_png.rf.1973663fc60f77a480008a99f32f7891.jpg,416,416,2
train,FisheyeCamera_1_00167_png.rf.a2c0cf7d60344ed944e8fcb51c4b7d71.jpg,416,416,2
train,FisheyeCamera_1_00169_png.rf.65d4cfef45b9234e216a9d9e6928638f.jpg,416,416,2
train,FisheyeCamera_1_00170_png.rf.b501a57c84dea7e8aab37c3e45311345.jpg,416,416,1
train,FisheyeCamera_1_00170_png.rf.c1c115bcf906ba1bef81d88fdb581d28.jpg,416,416,1
train,FisheyeCamera_1_00171_png.rf.90cd3e303077ff64a0c446162d6b25c2.jpg,416,416,1
train,FisheyeCamera_1_00172_png.rf.1a037cb64b1538c95d365c14f36c695d.jpg,416,416,1
train,FisheyeCamera_1_00172_png.rf.7d72e18dcf6092088c75e2d009953ddc.jpg,416,416,1
train,FisheyeCamera_1_00172_png.rf.e89fa11601f7323243ba2b156de782b5.jpg,416,416,1
train,FisheyeCamera_1_00173_png.rf.5eb42db8f22605b7a12ab73972b80a31.jpg,416,416,1
train,FisheyeCamera_1_00174_png.rf.226f24fefea29065435f9995e2a41594.jpg,416,416,1
train,FisheyeCamera_1_00174_png.rf.5d7fe190e0a86d6ecbfe6a5481cbdc72.jpg,416,416,1
train,FisheyeCamera_1_00175_png.rf.276d9e2c1e8c7dda0d9dc0b7aa4f222a.jpg,416,416,1
train,FisheyeCamera_1_00175_png.rf.a1716fcd83630d5ee1de9584f8bed5ee.jpg,416,416,1
train,FisheyeCamera_1_00175_png.rf.c090d8e832b1a5047fff2373f0faecfd.jpg,416,416,1
train,FisheyeCamera_1_00176_png.rf.01e920d82073194fe55e749e03d78ba7.jpg,416,416,1
train,FisheyeCamera_1_00177_png.rf.5b153a47037cd9f980fd2e0fab7706e3.jpg,416,416,1
train,FisheyeCamera_1_00177_png.rf.5c419898b876f40e9e3808a43d49df67.jpg,416,416,1
train,FisheyeCamera_1_00179_png.rf.6f4cbfa056172ff9d79dfb5c5d28aace.jpg,416,416,1
train,FisheyeCamera_1_00180_png.rf.8be2a009b1846f121c9679cd537f1244.jpg,416,416,1
train,FisheyeCamera_1_00186_png.rf.b564236fbe5f0efdcca2f5739d6199c7.jpg,416,416,1
train,FisheyeCamera_1_00187_png.rf.ee34f058dcaa5eb8140765f6a3075a12.jpg,416,416,1
train,FisheyeCamera_1_00189_png.rf.bfb67bb644e3e72face71b85146c82ac.jpg,416,416,1
train,FisheyeCamera_1_00190_png.rf.2d82e79495f8c1268124a6416ef7d024.jpg,416,416,1
train,FisheyeCamera_1_00190_png.rf.77cbdf2423071f4c1587c6a32d70f457.jpg,416,416,3
train,FisheyeCamera_1_00191_png.rf.0c4322d5e27eb80ce8f8424ee970f767.jpg,416,416,4
train,FisheyeCamera_1_00191_png.rf.40578f28afe13f16ce21e8e96c405b9b.jpg,416,416,1
train,FisheyeCamera_1_00193_png.rf.92de0900f8e765c69f52ab1266754c90.jpg,416,416,3
train,FisheyeCamera_1_00195_png.rf.d81d6fb93856dd9de1be47fac85e0bed.jpg,416,416,2
train,FisheyeCamera_1_00197_png.rf.48ad6f7aed4e1e427ef5ea92bd085307.jpg,416,416,2
train,FisheyeCamera_1_00198_png.rf.773e24d037635ddfef8e56bdc92dab9c.jpg,416,416,3
train,FisheyeCamera_1_00198_png.rf.dd6af93e58d256343ff655e963b2cb40.jpg,416,416,2
train,FisheyeCamera_1_00200_png.rf.2b463a3f59de25ebeecb2854fc481daa.jpg,416,416,2
train,FisheyeCamera_1_00201_png.rf.dea14937fa2452ea9386c3a0a63617cb.jpg,416,416,2
train,FisheyeCamera_1_00202_png.rf.a7091f69ad27ae891476c48adfd1e0ba.jpg,416,416,3
train,FisheyeCamera_1_00203_png.rf.240a35348075dd1b7f33fe086950dd43.jpg,416,416,4
train,FisheyeCamera_1_00205_png.rf.52db184db8227a6f1600056b0a61090a.jpg,416,416,3
train,FisheyeCamera_1_00206_png.rf.00839887cbdb7f5fd353d88af2453a26.jpg,416,416,2
train,FisheyeCamera_1_00206_png.rf.78868fd7504a5b5546773aa85098bf81.jpg,416,416,4
train,FisheyeCamera_1_00208_png.rf.dc03a45bef150fea88ecc79edc29bdb1.jpg,416,416,2
train,FisheyeCamera_1_00209_png.rf.acd21996802d4f0d35a7cc88b5957be6.jpg,416,416,3
train,FisheyeCamera_1_00212_png.rf.d631bd091cb146617843473897d41291.jpg,416,416,4
train,FisheyeCamera_1_00213_png.rf.0d355d36b93b80a8a726766cda3deb07.jpg,416,416,4
train,FisheyeCamera_1_00214_png.rf.951977a55f856b7f597f3fc76c6470b1.jpg,416,416,4
train,FisheyeCamera_1_00214_png.rf.dd2ba40d651214c81140e3a836c86ef2.jpg,416,416,5
train,FisheyeCamera_1_00215_png.rf.55f1b6e2cddebb6b093d10e572982968.jpg,416,416,3
train,FisheyeCamera_1_00215_png.rf.fe65d1c05698fc777fbcbdb8aa22b933.jpg,416,416,3
train,FisheyeCamera_1_00216_png.rf.e006227f77314ad045041fa1dc815d3a.jpg,416,416,4
train,FisheyeCamera_1_00218_png.rf.4a821af0b68a3cb2f622a06a00990306.jpg,416,416,2
train,FisheyeCamera_1_00218_png.rf.f9055bd27557388d3189bc0b5ecb9948.jpg,416,416,4
train,FisheyeCamera_1_00220_png.rf.b6c2f1b7ed56f4fb111fb487e8527275.jpg,416,416,4
train,FisheyeCamera_1_00222_png.rf.27cadc1d4414edbc22daa61a477db335.jpg,416,416,4
train,FisheyeCamera_1_00223_png.rf.b4ceca7a7093f72a7c0c50e12408dcb1.jpg,416,416,4
train,FisheyeCamera_1_00225_png.rf.065e5230529c71668f7ae887894ac8f4.jpg,416,416,4
train,FisheyeCamera_1_00225_png.rf.3606ddc08c6e04b40594122df8a9df0b.jpg,416,416,4
train,FisheyeCamera_1_00226_png.rf.1209592ab5fd4cd7f799fe858e18852c.jpg,416,416,4
train,FisheyeCamera_1_00226_png.rf.41b17a0609cd51e4a56ab10b2e9dccd6.jpg,416,416,2
train,FisheyeCamera_1_00227_png.rf.db30b676091df2abb51c1020a614d20c.jpg,416,416,3
train,FisheyeCamera_1_00228_png.rf.e7c43ee9b922f7b2327b8a00ccf46a4c.jpg,416,416,3
train,FisheyeCamera_1_00229_png.rf.bb527b6d42c688228158004f06d515e4.jpg,416,416,4
train,FisheyeCamera_1_00230_png.rf.3164aadf2e0667436fd6e53af8a4c48c.jpg,416,416,4
train,FisheyeCamera_1_00231_png.rf.12646ed2f7da656423adac8360df60d9.jpg,416,416,4
train,FisheyeCamera_1_00232_png.rf.4bae308e0a0887f039beb21673ff3c90.jpg,416,416,4
train,FisheyeCamera_1_00232_png.rf.dcd60074126355331646a6e54d2139a8.jpg,416,416,2
train,FisheyeCamera_1_00233_png.rf.3450548a748f50e3b65e6660864e74f0.jpg,416,416,4
train,FisheyeCamera_1_00234_png.rf.a4770a668ef53dd3ecefd90b9c5d54ef.jpg,416,416,1
train,FisheyeCamera_1_00234_png.rf.bc02f13c5c374934d9648cd70eae24b1.jpg,416,416,4
train,FisheyeCamera_1_00234_png.rf.ccbb73d7c5d63030d055b4e300c25537.jpg,416,416,1
train,FisheyeCamera_1_00235_png.rf.f2848657d28acb60c18ac583beb1fd76.jpg,416,416,1
train,FisheyeCamera_1_00236_png.rf.f99174078f6ed3dc3705a772b758db8f.jpg,416,416,1
train,FisheyeCamera_1_00240_png.rf.1e8bdbd6f359f6b731e0819e7afbedde.jpg,416,416,3
train,FisheyeCamera_1_00242_png.rf.6eba512f3b7566472182dd4bfefe04b2.jpg,416,416,3
train,FisheyeCamera_1_00244_png.rf.3e0b9c75278c9a8292756d6f60b7db9f.jpg,416,416,1
train,FisheyeCamera_1_00251_png.rf.27b5d4355962ea9edf144999f6c8b4fc.jpg,416,416,3
train,FisheyeCamera_1_00252_png.rf.ebb29b8057bb37a83e688c3bc08fe756.jpg,416,416,1
train,FisheyeCamera_1_00260_png.rf.b76280424b381f6ab6e4956387b074ac.jpg,416,416,4
train,FisheyeCamera_1_00261_png.rf.e5e767cc5187e99e0a04c415b87ec3c1.jpg,416,416,1
train,FisheyeCamera_1_00262_png.rf.ed0dabdf9011999311a9363ab8d640cd.jpg,416,416,4
train,FisheyeCamera_1_00262_png.rf.f9b089f83bb5b3d5ad06ad45e66bd082.jpg,416,416,1
train,FisheyeCamera_1_00264_png.rf.2e1c5bdb9b42cd55032d21220b18700f.jpg,416,416,3
train,FisheyeCamera_1_00264_png.rf.c2b602dfa720f4254cd2a1d5abe68122.jpg,416,416,1
train,FisheyeCamera_1_00264_png.rf.ce9af51bc252f41836019ba9b9a4b2cc.jpg,416,416,4
train,FisheyeCamera_1_00265_png.rf.963537ba0957767f1319f9cdd57593e5.jpg,416,416,1
train,FisheyeCamera_1_00266_png.rf.c478d641c715dd3bad2aad9b42f08035.jpg,416,416,4
train,FisheyeCamera_1_00266_png.rf.f8df7b28d406b7615658cef65a1c0911.jpg,416,416,1
train,FisheyeCamera_1_00267_png.rf.df3d2dfda32549c61939598690649b30.jpg,416,416,1
train,FisheyeCamera_1_00268_png.rf.b02c6fee3857c821a23705e7eecabf81.jpg,416,416,4
train,FisheyeCamera_1_00269_png.rf.08fcfec2b92b885525accc523c3e38a8.jpg,416,416,1
train,FisheyeCamera_1_00271_png.rf.0378f037e85838d847064c4461782115.jpg,416,416,3
train,FisheyeCamera_1_00273_png.rf.279aceda44fad0ecf263e5300bacc89d.jpg,416,416,3
train,FisheyeCamera_1_00273_png.rf.6f84f58e059f878b93dc250858c4a52f.jpg,416,416,3
train,FisheyeCamera_1_00274_png.rf.d2cd2ca6aee2ef63cc8f3af281a10d3a.jpg,416,416,3
train,FisheyeCamera_1_00275_png.rf.00bafe9e65d6a1d89d678105ed38ec6e.jpg,416,416,2
train,FisheyeCamera_1_00275_png.rf.1d03a2ddc5ea5b11bc3941e7328d46bc.jpg,416,416,3
train,FisheyeCamera_1_00276_png.rf.620ad10c7c3c42e7867b6c973836c396.jpg,416,416,3
train,FisheyeCamera_1_00277_png.rf.28c9318804d24b05043bdbc290728c81.jpg,416,416,3
train,FisheyeCamera_1_00278_png.rf.add42a1c0c3c340778dff4d8ec85b10b.jpg,416,416,3
train,FisheyeCamera_1_00279_png.rf.2e0a92fd2dfb1632abbebc718f958d2e.jpg,416,416,2
train,FisheyeCamera_1_00279_png.rf.ec4e4efcb127b6896da1b1a237b3a9e4.jpg,416,416,3
train,FisheyeCamera_1_00280_png.rf.7749b78ac4451a45679b41149da63c53.jpg,416,416,2
train,FisheyeCamera_1_00280_png.rf.d3143dfa05e6e2440ae58e460994e341.jpg,416,416,3
train,FisheyeCamera_1_00281_png.rf.cc41a23c0bb5dbad1a314ad1d4a147a5.jpg,416,416,4
train,FisheyeCamera_1_00282_png.rf.060a41a3dbbd71b710c50ce74965f4d7.jpg,416,416,3
train,FisheyeCamera_1_00286_png.rf.21782aa4b26c0fca303c6252dbe4c0ff.jpg,416,416,4
train,FisheyeCamera_1_00287_png.rf.5c96a49ab854f53e36da93c8b85c0860.jpg,416,416,4
train,FisheyeCamera_1_00288_png.rf.7c8b6b5b52f4906a343dadf2ec0954de.jpg,416,416,4
train,FisheyeCamera_1_00288_png.rf.d0c2f12e3aa3b43109e43a2657d2c146.jpg,416,416,1
train,FisheyeCamera_1_00289_png.rf.188895cf2a63dba1a5289309dddc4ed2.jpg,416,416,2
train,FisheyeCamera_1_00289_png.rf.fefe91c92bdc6999bfa2c14a7a52a144.jpg,416,416,4
train,FisheyeCamera_1_00290_png.rf.41c7bed6d9839e783429caab83be999c.jpg,416,416,1
train,FisheyeCamera_1_00293_png.rf.8644ee2b61ddc208a16610100201ad01.jpg,416,416,3
train,FisheyeCamera_1_00294_png.rf.311d92bd7b0fe24a562116d28d94ead2.jpg,416,416,3
train,FisheyeCamera_1_00294_png.rf.d87934dcc82f656c9bd59c7a9ec8e0c4.jpg,416,416,3
train,FisheyeCamera_1_00295_png.rf.239e85f103baac3453e191fa980fb803.jpg,416,416,3
train,FisheyeCamera_1_00296_png.rf.88c15b609a391051abdf0ff699c7698e.jpg,416,416,3
train,FisheyeCamera_1_00297_png.rf.7ca5976b458a032571f7d94a4cfed60c.jpg,416,416,3
train,FisheyeCamera_1_00298_png.rf.22c7465d14906843ec35567e01a59db7.jpg,416,416,3
train,FisheyeCamera_1_00299_png.rf.7bdf3a09a9e8a3d5b09a15fbe9ccbc8b.jpg,416,416,3
train,FisheyeCamera_1_00300_png.rf.533854445ac53a2734cf7bae6227c66b.jpg,416,416,3
train,FisheyeCamera_1_00301_png.rf.0e84741e851d1cf8a7c8ffdcad5c0dab.jpg,416,416,3
train,FisheyeCamera_1_00303_png.rf.54d5081b351bef92afe6bceaa3441d88.jpg,416,416,3
train,FisheyeCamera_1_00303_png.rf.9696af99fd15d8ad067c1226a005a79d.jpg,416,416,1
train,FisheyeCamera_1_00304_png.rf.bc583d8c6e54caa95002a665dca586a6.jpg,416,416,1
train,FisheyeCamera_1_00308_png.rf.d871ead17aa07e31072efb9f105b9386.jpg,416,416,1
train,FisheyeCamera_1_00309_png.rf.b2715e68485321eb38ce5e2209ff9bb4.jpg,416,416,3
train,FisheyeCamera_1_00311_png.rf.94de3178cf907fb9f8aa828c8b46d9eb.jpg,416,416,2
train,FisheyeCamera_1_00311_png.rf.b0abeeb32df8e582d0584c01e8a3e5d8.jpg,416,416,3
train,FisheyeCamera_1_00312_png.rf.0f026f535efd3c25c4c3bd985f169bdd.jpg,416,416,2
train,FisheyeCamera_1_00313_png.rf.9c69e423181d1feba7259fb882dee3ed.jpg,416,416,2
train,FisheyeCamera_1_00314_png.rf.396f655b57ad5a4d7b4c5b7913082e91.jpg,416,416,3
train,FisheyeCamera_1_00316_png.rf.0f156117927834991e5729d95ec5910b.jpg,416,416,1
train,FisheyeCamera_1_00317_png.rf.76c361260bc3364e12a9f880c8d2e36b.jpg,416,416,1
train,FisheyeCamera_1_00318_png.rf.031d65ad68677a577ed39965b996ff9a.jpg,416,416,2
train,FisheyeCamera_1_00318_png.rf.ca568a7dddc83e7938762476646c0ab5.jpg,416,416,2
train,FisheyeCamera_1_00319_png.rf.9f4e89d0e2af3b78aa6c2005885dd4dc.jpg,416,416,2
train,FisheyeCamera_1_00320_png.rf.8ed7abc4d5176241e81493f639ab796f.jpg,416,416,1
train,FisheyeCamera_1_00321_png.rf.2d5e57accea22fb2ca8b5eaae5869c37.jpg,416,416,1
train,FisheyeCamera_1_00321_png.rf.65aa0247d1cb94bfd962b447673de536.jpg,416,416,1
train,FisheyeCamera_1_00325_png.rf.df0f05b1b778196a6d4446781155ebb6.jpg,416,416,1
train,FisheyeCamera_1_00332_png.rf.1a31b5e6456b594771c0a0487c3841ac.jpg,416,416,1
train,FisheyeCamera_1_00333_png.rf.3aa685ee96b92ff38d3911eba7543818.jpg,416,416,1
train,FisheyeCamera_1_00335_png.rf.d98283674a6e00e064d1ec62fa9bd42c.jpg,416,416,1
train,FisheyeCamera_1_00336_png.rf.7e317f35412de4189ac72c9a25cb6455.jpg,416,416,1
train,FisheyeCamera_1_00337_png.rf.be7da50bc4778d4123b4788d453f923d.jpg,416,416,2
train,FisheyeCamera_1_00339_png.rf.bc4761c8bd0f1aed02af38d0654e2917.jpg,416,416,2
train,FisheyeCamera_1_00340_png.rf.ed8a74e0bc4a93b6fbc1886772a1d8b8.jpg,416,416,1
train,FisheyeCamera_1_00341_png.rf.6197139da6f72c3886857f1df4b11b4b.jpg,416,416,1
train,FisheyeCamera_1_00344_png.rf.825a904b7349e59f37fc00b5484f31c6.jpg,416,416,2
train,FisheyeCamera_1_00347_png.rf.0d6c4a556c022d97c9ea2bc1e2baac95.jpg,416,416,2
train,FisheyeCamera_1_00348_png.rf.6a7aedf74d6d3cf21a24828eca2c97b8.jpg,416,416,2
train,FisheyeCamera_1_00350_png.rf.482dc7dad492a6660f9a249ef5d5aa96.jpg,416,416,2
train,FisheyeCamera_1_00354_png.rf.18f8f9b37a00ad21d89ea69509837af0.jpg,416,416,2
train,FisheyeCamera_1_00356_png.rf.1f186cfc695b9ffde8435b5ab109d133.jpg,416,416,2
train,FisheyeCamera_1_00358_png.rf.bf3f616c215178164a901173b5ff7e65.jpg,416,416,2
train,FisheyeCamera_1_00359_png.rf.2a49b382f190595adcf8e4c6906fff89.jpg,416,416,2
train,FisheyeCamera_1_00360_png.rf.3ac71464c7779a854b2b005129b2e6dc.jpg,416,416,2
train,FisheyeCamera_1_00360_png.rf.8c2c326a23d05e35d7269c9931b26a64.jpg,416,416,2
train,FisheyeCamera_1_00362_png.rf.5bf5648c469ef3b398cebaa3f1edf5ed.jpg,416,416,2
train,FisheyeCamera_1_00362_png.rf.bb64ccd7735b465ad4db884c4f7d4b6f.jpg,416,416,2
train,FisheyeCamera_1_00364_png.rf.f85571fa33f839f26f239d06d214f323.jpg,416,416,2
train,FisheyeCamera_1_00366_png.rf.3ba881f0026ee6e6f7a19dbf5c3b3c76.jpg,416,416,2
train,FisheyeCamera_1_00367_png.rf.5aa0c06dbdd069eb4096c18a642482bd.jpg,416,416,2
train,FisheyeCamera_1_00368_png.rf.38baaac64a311adafaff3bdcbe2b7ce5.jpg,416,416,2
train,FisheyeCamera_1_00370_png.rf.34ba28689361efb5b1242754975e7d7a.jpg,416,416,2
train,FisheyeCamera_1_00372_png.rf.5f37f6b6c6d428a0b804fa9bd5d1d6c8.jpg,416,416,2
train,FisheyeCamera_1_00373_png.rf.4300ca4b34f75dc680ea1b9b2abc7e4d.jpg,416,416,2
train,FisheyeCamera_1_00375_png.rf.8be91af54328daf22e7a9d711e1dd3f0.jpg,416,416,2
train,FisheyeCamera_1_00376_png.rf.25f59e21d9768d0d4978e2682375c134.jpg,416,416,2
train,FisheyeCamera_1_00378_png.rf.2f4893ea02535c36432451583606f656.jpg,416,416,2
train,FisheyeCamera_1_00379_png.rf.625f79a43df8c47a652c75db9bf2ca4f.jpg,416,416,2
train,FisheyeCamera_1_00379_png.rf.e8fe8b7ad9d1b2eed69dde2f1c642583.jpg,416,416,2
train,FisheyeCamera_1_00380_png.rf.1bb91d605253943b753f048a4417f3a7.jpg,416,416,2
train,FisheyeCamera_1_00381_png.rf.36aabe16b050b48255a53fef01d246bf.jpg,416,416,2
train,FisheyeCamera_1_00428_png.rf.cee5c36d460daa99289b0a3bd6154489.jpg,416,416,2
train,FisheyeCamera_1_00429_png.rf.20fccb4c394aacf1ee7c06e76a2c7a63.jpg,416,416,2
train,FisheyeCamera_1_00431_png.rf.cef542ab72f5af15f50f3e08ca9b8819.jpg,416,416,3
train,FisheyeCamera_1_00432_png.rf.d6abb2cc9a3c3e11e8b75496dcdf8239.jpg,416,416,3
train,FisheyeCamera_1_00435_png.rf.ebd56305689ecf187eaba800166f5f39.jpg,416,416,4
train,FisheyeCamera_1_00436_png.rf.2f8e7b2964187fa47e37589cf405a656.jpg,416,416,4
train,FisheyeCamera_1_00437_png.rf.dacd39f5bbcc2899ef960867a72a87af.jpg,416,416,4
train,FisheyeCamera_1_00438_png.rf.5a1bdf3a174021e4879d4ecf16704bf5.jpg,416,416,4
train,FisheyeCamera_1_00439_png.rf.c2d31800ca7e1e4215d65133401043a5.jpg,416,416,4
train,FisheyeCamera_1_00442_png.rf.03ec03a77f3f0f3c2a5c8edb0396dc2e.jpg,416,416,4
train,FisheyeCamera_1_00444_png.rf.fbc0164b5012ad8e1994074c83b3ce41.jpg,416,416,4
train,FisheyeCamera_1_00446_png.rf.d13cb4395e5efdead6e3104d377e3601.jpg,416,416,3
train,FisheyeCamera_1_00448_png.rf.0daa875f86a19ceca7ee1bbfbcb48284.jpg,416,416,3
train,FisheyeCamera_1_00452_png.rf.191ce8146a584a06e35097c5dacb6c4d.jpg,416,416,2
train,FisheyeCamera_1_00453_png.rf.2e48bb3302083646527d2e645a2aaf6c.jpg,416,416,3
train,FisheyeCamera_1_00454_png.rf.9d925c1d055453fb57481d8aa12c9350.jpg,416,416,2
train,FisheyeCamera_1_00455_png.rf.417e1bc30feb7362cb8aa0cc229f80b3.jpg,416,416,2
train,FisheyeCamera_1_00456_png.rf.5870dbff42ece2291e1620520dc888d3.jpg,416,416,2
train,FisheyeCamera_1_00457_png.rf.a208ea70ff8caf6d1cd7b02112e4b151.jpg,416,416,1
train,FisheyeCamera_1_00458_png.rf.34ff0fbec54534cc95f6939c827f98ee.jpg,416,416,1
train,FisheyeCamera_1_00458_png.rf.b94b5eae7b546f67ff137a2a6cf4100b.jpg,416,416,2
train,FisheyeCamera_1_00459_png.rf.b605e69dbf7d44348ba69367ef5db787.jpg,416,416,1
train,FisheyeCamera_1_00460_png.rf.ca3f0982c9e6914fbe2a5b2e62d9b7f1.jpg,416,416,2
train,FisheyeCamera_1_00462_png.rf.61685cd0749ddda48952bbe32924ecb7.jpg,416,416,2
train,FisheyeCamera_1_00463_png.rf.932c017d4651fa8a9ca6f410ac4a900a.jpg,416,416,2
train,FisheyeCamera_1_00465_png.rf.10d391e3b3c5a20f158e58df9e0722b0.jpg,416,416,2
train,FisheyeCamera_1_00467_png.rf.b09c13282f94ee4cbebddde08cdc1183.jpg,416,416,2
train,FisheyeCamera_1_00469_png.rf.5caaf86ddcb7014360986da7d86502eb.jpg,416,416,2
train,FisheyeCamera_1_00470_png.rf.0a1258b6d639d14dab90e3ea06969ea7.jpg,416,416,2
train,FisheyeCamera_1_00473_png.rf.fff78f0224751be1e7c8be9ffeebaa76.jpg,416,416,2
train,FisheyeCamera_1_00475_png.rf.1c6643104c766c7f5e267bd16cc2b6a5.jpg,416,416,2
train,FisheyeCamera_1_00476_png.rf.baaa56a29d3cab989b980fa54e499f93.jpg,416,416,3
train,FisheyeCamera_1_00477_png.rf.470a2609a2dea03ce3b4c029c6039aa8.jpg,416,416,1
train,FisheyeCamera_1_00477_png.rf.90af3f1491f3612e597bb66dec187e06.jpg,416,416,3
train,FisheyeCamera_1_00478_png.rf.50cac972193c94522a89221a7a75d0e1.jpg,416,416,2
train,FisheyeCamera_1_00478_png.rf.e4933f85044b10dc7de03583290e89a8.jpg,416,416,1
train,FisheyeCamera_1_00481_png.rf.02209003326238422231f6713336b26f.jpg,416,416,1
train,FisheyeCamera_1_00483_png.rf.f573097c4cf9abc27d40984ff9f1d219.jpg,416,416,1
train,FisheyeCamera_1_00487_png.rf.6be8e54562d0d0cc8bfb4029a81a0b81.jpg,416,416,1
train,FisheyeCamera_1_00491_png.rf.4cc07655a64e35e580a694c8847bbc14.jpg,416,416,2
train,FisheyeCamera_1_00494_png.rf.7d11ff2e2ab2ca2f6990fb4fa937a8f9.jpg,416,416,1
train,FisheyeCamera_1_00497_png.rf.241cc03642cdc931bcb50b1c4947595f.jpg,416,416,1
train,FisheyeCamera_1_00497_png.rf.ff6b540e5f81ce4b6c3cedf3f65ed5af.jpg,416,416,1
train,FisheyeCamera_1_00499_png.rf.43e6c250908c928158c90a42dd1b2ea3.jpg,416,416,1
train,FisheyeCamera_1_00506_png.rf.cd486d3b5c002af196ec3b15e7f81e12.jpg,416,416,1
train,FisheyeCamera_1_00569_png.rf.16450f731858d42265e74465154eeae9.jpg,416,416,1
train,FisheyeCamera_1_00569_png.rf.6167533900e94fd898404f9f3a5954a5.jpg,416,416,1
train,FisheyeCamera_1_00570_png.rf.24e3474fa7244706bb3bef5353d9927a.jpg,416,416,1
train,FisheyeCamera_1_00570_png.rf.76ab0035668e07d233202ba67c302e6d.jpg,416,416,1
train,FisheyeCamera_1_00571_png.rf.80675e7ac1a10faa8f316c2fa4472158.jpg,416,416,1
train,FisheyeCamera_1_00572_png.rf.7eea926804b2ab11c52ba54113894146.jpg,416,416,1
train,FisheyeCamera_1_00574_png.rf.5b71d3ce62abee4cf43f7e645c118717.jpg,416,416,1
train,FisheyeCamera_1_00575_png.rf.e9df5b290183f46500e348badcbf42d6.jpg,416,416,1
train,FisheyeCamera_1_00576_png.rf.706b4b9587548aefed32bc8f8ad046c7.jpg,416,416,1
train,FisheyeCamera_1_00576_png.rf.c59540b99cf3a3db72c4c14301b59309.jpg,416,416,1
train,FisheyeCamera_1_00578_png.rf.8c8e7994fb31422f16295bd4ea521a0a.jpg,416,416,1
train,FisheyeCamera_1_00578_png.rf.f0f18b8ec46a1f3103c95125905f39e4.jpg,416,416,1
train,FisheyeCamera_1_00579_png.rf.f34717cdca5af80265a3b714a1afc7f5.jpg,416,416,1
train,FisheyeCamera_1_00592_png.rf.a6ac919004bea37575fad5fe1df4dc90.jpg,416,416,2
train,FisheyeCamera_1_00593_png.rf.3a07523d6260ac5a72e5814e81f8b66c.jpg,416,416,2
train,FisheyeCamera_1_00595_png.rf.574aae563046593a8b8f6ab6ee425c2d.jpg,416,416,2
train,FisheyeCamera_1_00596_png.rf.4545c1d9f01ae8086fc20372c88b06a0.jpg,416,416,2
train,FisheyeCamera_1_00597_png.rf.fa5dbce2daf3091a95300b5058def26d.jpg,416,416,2
train,FisheyeCamera_1_00598_png.rf.bdfc587d1cc225710ef0dbd270799ad5.jpg,416,416,1
train,FisheyeCamera_1_00599_png.rf.e3a7e05a6a1e4f9e9fcc1638e5f0b6ef.jpg,416,416,1
train,FisheyeCamera_1_00601_png.rf.ae86b54f7ff19b7da0066bd6dc388411.jpg,416,416,1
train,FisheyeCamera_1_00602_png.rf.f4ca273e488a5df0538dfa86c7236467.jpg,416,416,2
train,FisheyeCamera_1_00603_png.rf.4af4951867f07f2f418c1e81f2b6dcbf.jpg,416,416,2
train,FisheyeCamera_1_00603_png.rf.d8371ca155eef1cac710cb82021a72e7.jpg,416,416,2
train,FisheyeCamera_1_00605_png.rf.e9cfbcf0698620d90c8cbcd986c3ddea.jpg,416,416,2
train,FisheyeCamera_1_00606_png.rf.69c04cbd10310051afb8a766163a2f5b.jpg,416,416,2
train,FisheyeCamera_1_00607_png.rf.058287e5492c004731179583d41ceb41.jpg,416,416,2
train,FisheyeCamera_1_00607_png.rf.8723a374f71dcee4cc8f4d428d864a18.jpg,416,416,2
train,FisheyeCamera_1_00608_png.rf.d6f3c5b48c1027a0d67fb848e885532f.jpg,416,416,2
train,FisheyeCamera_1_00609_png.rf.4a760373c5e6adb7c97101dc45862ef0.jpg,416,416,2
train,FisheyeCamera_1_00609_png.rf.e70c344f33782092bf5433e57082d0c3.jpg,416,416,2
train,FisheyeCamera_1_00610_png.rf.183d13a689b2ce86de2415648fb99913.jpg,416,416,2
train,FisheyeCamera_1_00611_png.rf.95c28a2b1cef7631416a19a00868bab2.jpg,416,416,2
train,FisheyeCamera_1_00612_png.rf.7fb182aa98419e79e6cbdd0ea81c179f.jpg,416,416,2
train,FisheyeCamera_1_00613_png.rf.a27fdfca4bca7bc928a111d1cdd5438b.jpg,416,416,2
train,FisheyeCamera_1_00614_png.rf.116c3a059e1dbe31a982f2990097d644.jpg,416,416,1
train,FisheyeCamera_1_00614_png.rf.741698008ec144827074961cfa6949cc.jpg,416,416,2
train,FisheyeCamera_1_00616_png.rf.d6975a2813300058925adc9970342cf2.jpg,416,416,1
train,FisheyeCamera_1_00617_png.rf.2738a08342bb98f728bfaa73d48deb1c.jpg,416,416,2
train,FisheyeCamera_1_00617_png.rf.39d3931d922e0712decf07dd99111b3e.jpg,416,416,2
train,FisheyeCamera_1_00618_png.rf.46737c10a744b8332d63c5c79190a4dd.jpg,416,416,2
train,FisheyeCamera_1_00618_png.rf.f0f83b73711e54a134bf56041d90afd2.jpg,416,416,2
train,FisheyeCamera_1_00619_png.rf.df45109d4bd86246fc7cfdbb94e8cd89.jpg,416,416,2
train,FisheyeCamera_1_00620_png.rf.8f6590b18bad9998a84f0590aa51f506.jpg,416,416,1
train,FisheyeCamera_1_00620_png.rf.f61c8599984ebd5b2efefc03f70b5e8a.jpg,416,416,2
train,FisheyeCamera_1_00621_png.rf.75fb8cf27f333c7c036474e292eba14c.jpg,416,416,1
train,FisheyeCamera_1_00622_png.rf.5753ffc627ad44b4f89cad83c0ac308f.jpg,416,416,2
train,FisheyeCamera_1_00623_png.rf.f04f4d94df19c22288424d79c50d3d41.jpg,416,416,1
train,FisheyeCamera_1_00625_png.rf.62867ca52c02d5f691a7bb39e7e7dedb.jpg,416,416,1
train,FisheyeCamera_1_00628_png.rf.97ffbb4aeced581ffa56a0aa913f6e40.jpg,416,416,1
train,FisheyeCamera_1_00629_png.rf.ce114d584421074536ff55f15d451736.jpg,416,416,1
train,FisheyeCamera_1_00630_png.rf.231caacd4f10d3765921f1f284829fda.jpg,416,416,1
train,FisheyeCamera_1_00631_png.rf.46c54f05e73df74190a7b6185165d2b5.jpg,416,416,1
train,FisheyeCamera_1_00633_png.rf.bd0d464e734d56acd650196b6f0df8d5.jpg,416,416,1
train,FisheyeCamera_1_00634_png.rf.60e20782f99aa1dcb5b8c7cc95e3e603.jpg,416,416,1
train,FisheyeCamera_1_00635_png.rf.0393df5455254965dd22036c828bbb82.jpg,416,416,1
train,FisheyeCamera_1_00635_png.rf.7f9e4ac85831d18fb3ac9e2b49b69d92.jpg,416,416,1
train,FisheyeCamera_1_00637_png.rf.1f31c018e3bab6fd1806dbc73dc42d64.jpg,416,416,1
train,FisheyeCamera_1_00638_png.rf.9e17b165d24ccbcd8b3bc7255dd1e658.jpg,416,416,1
train,FisheyeCamera_1_00638_png.rf.d47156647cdb5f6cecdecb059c541ec3.jpg,416,416,1
train,FisheyeCamera_1_00639_png.rf.be84ff760ddfdaa5433b2e6949cccc38.jpg,416,416,1
train,FisheyeCamera_1_00641_png.rf.70f3b246fc151f31ad2d0eda859a929b.jpg,416,416,1
train,FisheyeCamera_1_00643_png.rf.9d40e9ed44dfe413d4d9a50fe04e8cd5.jpg,416,416,1
train,FisheyeCamera_1_00802_png.rf.6a502d781364b74f35bfa71832fc1ede.jpg,416,416,0
train,FisheyeCamera_1_00807_png.rf.065f778b2eaf15dd7b5beb90b30c490c.jpg,416,416,0
train,FisheyeCamera_1_00926_png.rf.511cfac04ff48a1fe99b560b4a4fb9e2.jpg,416,416,0
train,FisheyeCamera_1_00957_png.rf.52bcdd2f9971eef8067b6dfaa2f912a1.jpg,416,416,2
train,FisheyeCamera_1_00959_png.rf.dbf7ff975261924519e4bafef776c4d0.jpg,416,416,2
train,FisheyeCamera_1_00962_png.rf.050de84b075a078e9bc380beb3147659.jpg,416,416,2
train,FisheyeCamera_1_00964_png.rf.d9a097d723fd8df3aa8812a7ff3341f6.jpg,416,416,2
train,FisheyeCamera_1_00965_png.rf.10f07c3ceded41b73e5cab542a8651ed.jpg,416,416,2
train,FisheyeCamera_1_00969_png.rf.52d3420cfb319893ff18cf212715414f.jpg,416,416,2
train,FisheyeCamera_1_00969_png.rf.c975d3577d8591d612ebbde4ffbe7c8d.jpg,416,416,2
train,FisheyeCamera_1_00972_png.rf.ee767f0592beb339ee757c17a3e7c691.jpg,416,416,2
train,FisheyeCamera_1_00975_png.rf.5f81ab182441f2da524f5851a7cc6d90.jpg,416,416,2
train,FisheyeCamera_1_00976_png.rf.be19608beed2401d9e4f8430264bcb90.jpg,416,416,2
train,FisheyeCamera_1_00979_png.rf.e39379024f10ed37daf631a9a0dea599.jpg,416,416,2
train,FisheyeCamera_1_00981_png.rf.1a58729fca5508666f71135ae49bf3e7.jpg,416,416,2
train,FisheyeCamera_1_00983_png.rf.91ee07db205aac4476d4d2b6267ae158.jpg,416,416,1
train,FisheyeCamera_1_00984_png.rf.220eeaf6ed08501807f5bab1aa196b83.jpg,416,416,2
train,FisheyeCamera_1_00988_png.rf.557b9c25f8431aa79d6f6cde021ca8e7.jpg,416,416,2
train,FisheyeCamera_1_00988_png.rf.5f4668cb64ad49e33b8f06905952a2f4.jpg,416,416,2
train,FisheyeCamera_1_00990_png.rf.7c116b584110c087a41aab51ace4d1d0.jpg,416,416,2
train,FisheyeCamera_1_01011_png.rf.7ec967ffbe6da0f423a03b7405d8f133.jpg,416,416,2
train,FisheyeCamera_1_01017_png.rf.5d62cdd28cefecafbee403caa635e3ae.jpg,416,416,2
train,FisheyeCamera_1_01021_png.rf.e5d98f07c59b595f3eb6737888bcb32c.jpg,416,416,2
train,FisheyeCamera_1_01028_png.rf.48f8c9baefb69e5050110cf20056d6d2.jpg,416,416,1
train,FisheyeCamera_1_01029_png.rf.19ea997159dec06f593d38e2654fc4f8.jpg,416,416,2
train,FisheyeCamera_1_01029_png.rf.d221a510336b8aeb687f2a25a44c8008.jpg,416,416,2
train,FisheyeCamera_1_01040_png.rf.3c64bd1e9f77b9a71bfdc298aa605044.jpg,416,416,2
train,FisheyeCamera_1_01041_png.rf.0694e55eb19c65646bc3ebb3efd81991.jpg,416,416,2
train,FisheyeCamera_1_01042_png.rf.502a3ce8ee5e5169133e40e7b7faaa6a.jpg,416,416,2
train,FisheyeCamera_1_01044_png.rf.403a8f50405fa66dfd4b3ae206b4af95.jpg,416,416,2
train,FisheyeCamera_1_01045_png.rf.59e9537abb4a303c20cc198cd09c31c8.jpg,416,416,2
train,FisheyeCamera_1_01052_png.rf.5d2046e21df6b0b4245de1ac85e28c26.jpg,416,416,2
train,FisheyeCamera_1_01052_png.rf.d459635a3ccf91c0b3a63c8e5f5ff551.jpg,416,416,2
train,FisheyeCamera_1_01055_png.rf.bf7c9d64a08a26f03ae9d5480af21b4f.jpg,416,416,2
train,FisheyeCamera_1_01055_png.rf.f5e0e2fb418b558549c94f44e857f129.jpg,416,416,2
train,FisheyeCamera_1_01058_png.rf.23ad28ddadcce56b47164db378d466be.jpg,416,416,2
train,FisheyeCamera_1_01058_png.rf.8c10855783313ffa3a0d7c2c0ebbe40a.jpg,416,416,2
train,FisheyeCamera_1_01060_png.rf.fce1e3348bc1b3351d7ef792bc5dccd8.jpg,416,416,2
train,FisheyeCamera_1_01067_png.rf.a6ba4c903a47d5677b19faf0007774dd.jpg,416,416,1
train,FisheyeCamera_1_01074_png.rf.9a2c4edabe4c0dae8eaf4255b3f1148b.jpg,416,416,1
train,FisheyeCamera_1_01075_png.rf.292cb40ec21f5f0715daebcca25d40e6.jpg,416,416,1
train,FisheyeCamera_1_01078_png.rf.9c04ceda9eb150b42e265cd7713b980d.jpg,416,416,1
train,FisheyeCamera_1_01079_png.rf.43005bed38049bde10c2d975923b24b2.jpg,416,416,1
train,FisheyeCamera_1_01083_png.rf.657e8c0f2e166a4b09b5d8b0b83ecb21.jpg,416,416,1
train,FisheyeCamera_1_01084_png.rf.5c47f28ad79b032758bd522496964036.jpg,416,416,1
train,FisheyeCamera_1_01086_png.rf.3ecc0cbe7ce5a6b6ac63e8715f023073.jpg,416,416,1
train,FisheyeCamera_1_01088_png.rf.8fce0f27b277a6e4981cbffbc449a15b.jpg,416,416,1
train,FisheyeCamera_1_01088_png.rf.e3745e9309f3fc68890ff16879552c9e.jpg,416,416,1
train,FisheyeCamera_1_01092_png.rf.908c314862bcc9b63c572026bce09cdb.jpg,416,416,1
train,FisheyeCamera_1_01094_png.rf.6249bc72fe8c4c8c0f8040f37040da22.jpg,416,416,1
train,FisheyeCamera_1_01095_png.rf.12950e27b0954b157347203f667a5bfc.jpg,416,416,1
train,FisheyeCamera_1_01096_png.rf.38cdcb3feba1081407d6cd21446be1e8.jpg,416,416,1
train,FisheyeCamera_1_01100_png.rf.eca1c9a4e32e27aa574e140eede0c9bc.jpg,416,416,1
train,FisheyeCamera_1_01101_png.rf.a719bd5bfb56bad981cdb33ace8a1611.jpg,416,416,1
train,FisheyeCamera_1_01102_png.rf.319a9b0d00d87664f3c6e033292d5366.jpg,416,416,1
train,FisheyeCamera_1_01103_png.rf.61e0d2a244869f4dccad623cd49a0b74.jpg,416,416,1
train,FisheyeCamera_1_01106_png.rf.c9c2874040c5752a62e2ff7c12d85c72.jpg,416,416,1
train,FisheyeCamera_1_01107_png.rf.d07ebe9b7961a78ea82535cac07ceedd.jpg,416,416,1
train,FisheyeCamera_1_01151_png.rf.3896b9a707cf820ef210c066d9585733.jpg,416,416,1
train,a2d41977-49e4-4f27-9679-893bd9a11333_jpg.rf.b94e6661ed986d7bd8a9b4a02ae228ea.jpg,416,416,1
train,a565bef8-8fd6-4762-991e-1d4721043f96_jpg.rf.73cd992d54a6a7a1552024aabbdba3a0.jpg,416,416,1
train,b2d02b82-f0a2-4a62-be6d-e875f5034935_jpg.rf.d2aab0afe4e207a879cfcf2a54254ad3.jpg,416,416,1
train,b64b9cc1-67b0-44d7-ba75-af8d79356d76_jpg.rf.6bba82b15acad8144c94b1f8abac2ce6.jpg,416,416,1
train,e0ba04ed-d9f5-41b1-8ac1-45a4111280dd_jpg.rf.e10cd897aa15f9cbee10087a82fe8753.jpg,416,416,1
train,edd2bc76-1638-4617-a27b-9732fe2ab429_jpg.rf.1a308b4a0f979a1c008d6afc06ff81fa.jpg,416,416,1
train,f1c2ba6f-4b0c-4bd6-b159-5ad51cd670df_jpg.rf.5caf22df69b7b5330a46d98c3a4626a7.jpg,416,416,1
train,fd36bb6c-88cd-46f9-a5fd-377ae96e4301_jpg.rf.69eb5be405b8a297478d22d16b14fcfd.jpg,416,416,1
train,road101_png.rf.a3ce87afd30d91cee52ad0ed27e696b4.jpg,416,416,1
train,road103_png.rf.8ce6da2e2dbc87ade45a5dee0529cac9.jpg,416,416,1
train,road105_png.rf.b14db30c53327fda59c7c3bcf78ec7e3.jpg,416,416,1
train,road106_png.rf.c08042e64483f77ffc79caf216a1d325.jpg,416,416,1
train,road10_png.rf.8070ebd2ea89209652484ccebd1321eb.jpg,416,416,1
train,road111_png.rf.02dc5fa81634cbe19aa5a31cac5be871.jpg,416,416,1
train,road113_png.rf.43edaa1f28a475f01f9d4197f1ca4256.jpg,416,416,1
train,road114_png.rf.0b092c5da34951345a164a9de057eab0.jpg,416,416,1
train,road115_png.rf.6fb9700957fb2607d32090e3c5852454.jpg,416,416,1
train,road117_png.rf.a05fc6c6c8927661814650a569e7facd.jpg,416,416,1
train,road119_png.rf.50d29910024bb3ad0d7bdef4f5f146aa.jpg,416,416,1
train,road120_png.rf.f6c35993d9bd13659f06b4499b7a54d6.jpg,416,416,1
train,road121_png.rf.b23c99ac552a8a110017ffe82ee441eb.jpg,416,416,1
train,road129_png.rf.bf737339d96d9b0684202aeffa258fe8.jpg,416,416,1
train,road12_png.rf.11dc15625334276edf9876eccb7c86d7.jpg,416,416,2
train,road13_png.rf.4f9c591e7e28cb4582e55c3ba21f364f.jpg,416,416,1
train,road15_png.rf.4beacc724e58786215143b25d3e1cef0.jpg,416,416,1
train,road160_png.rf.a4ba99608aed19a3e7898cba6112a5b8.jpg,416,416,1
train,road161_png.rf.e5d574b7b9288de18231f5bfc15c4f5b.jpg,416,416,1
train,road167_png.rf.a23cbf2dac8e6a21ce25c93d22484bf2.jpg,416,416,1
train,road170_png.rf.23bcbddd7838c331de632c584eed0413.jpg,416,416,1
train,road175_png.rf.9158406e89a9fe31af102b7d489ae906.jpg,416,416,1
train,road17_png.rf.9a0438c9cfda5aa3382ca28c738fcbb5.jpg,416,416,1
train,road18_png.rf.475b2899af2f9a4b258676cbd7bae965.jpg,416,416,1
train,road201_png.rf.ade4d4222da6b17dea5f0e72a3a35385.jpg,416,416,1
train,road202_png.rf.eaff10fdc38d2c7733dbf6e363bb8959.jpg,416,416,1
train,road203_png.rf.222ec956c2fa2d4cbeb50871defea6a4.jpg,416,416,1
train,road22_png.rf.6a95b49043a0a6fb99a368e0e9d30c60.jpg,416,416,1
train,road240_png.rf.f6dd00c9517424dd9405783abfb1f444.jpg,416,416,2
train,road241_png.rf.4c01d1c3dea4c729c05ee89d340c59f8.jpg,416,416,2
train,road242_png.rf.0df6c5df2adab1730fd597159d7ec9fc.jpg,416,416,2
train,road244_png.rf.d4fd1ab50eebd3b46699469588fba039.jpg,416,416,2
train,road245_png.rf.18b048eaf490d5ccc393544ea23dfb17.jpg,416,416,2
train,road248_png.rf.8b4bd6de7d63c69053d54f68fdaa7840.jpg,416,416,2
train,road249_png.rf.d9fd10b5de4afcb32df993f99394a34d.jpg,416,416,1
train,road250_png.rf.02c876817002c5c89369c7e222a02fb7.jpg,416,416,1
train,road251_png.rf.6875a72a7d74b11ba55f225b266710de.jpg,416,416,1
train,road252_png.rf.57d2c0cd048923817ab1bdee5b35449b.jpg,416,416,1
train,road253_png.rf.410763eff584d7b7adb7b68b12f2aba6.jpg,416,416,1
train,road255_png.rf.ea9a89d1d8fde374f0dda12e4eb12b93.jpg,416,416,1
train,road257_png.rf.368d1e0870e216be231bae1e8483e403.jpg,416,416,1
train,road258_png.rf.d9b4c8ae43bc96e7f5bbc5df84ab50bf.jpg,416,416,1
train,road259_png.rf.b89d1dbdcd499cea51c43300c4c8aa7f.jpg,416,416,1
train,road25_png.rf.0d8b0944698f1c46217ef3c4316f3918.jpg,416,416,1
train,road262_png.rf.8517d376b8b31c0087d1712201f75c9f.jpg,416,416,1
train,road263_png.rf.3bc06028a66deac036a2cafd9b6b8fbf.jpg,416,416,1
train,road264_png.rf.16721d1b30cebc3de208a53cbbbf9ff9.jpg,416,416,1
train,road265_png.rf.c2291fba01fa28f0900d8c89ac24c0db.jpg,416,416,1
train,road268_png.rf.2ebaee1a86a19a85f97f5c51cfb6441a.jpg,416,416,1
train,road26_png.rf.b4bca68bd5f27b2d7b3af40163a705bc.jpg,416,416,2
train,road270_png.rf.f2fdeb005bc64af59918beeae3c5c5fb.jpg,416,416,2
train,road271_png.rf.411a28ac6bc6d2995600415fa764cda4.jpg,416,416,1
train,road272_png.rf.76f6f8e7630ea72a2f0a4ec1ab3d62b8.jpg,416,416,2
train,road273_png.rf.9aa6f4d8067daf7484d72b3c5f9b24c1.jpg,416,416,1
train,road274_png.rf.35b733bcd0ece69618a93b0dd0c8081a.jpg,416,416,1
train,road275_png.rf.640d7a8d1d40808df647e72b0d0fd9c1.jpg,416,416,2
train,road276_png.rf.95f0a60643a8fd384c7e5e0eb7744f5f.jpg,416,416,1
train,road278_png.rf.7868a9c60c1588fb20964fc6a8302a44.jpg,416,416,2
train,road279_png.rf.f30329572efae0db889d30406dd61a01.jpg,416,416,1
train,road27_png.rf.143130ddc8338e121ed9501bdf09cd73.jpg,416,416,2
train,road280_png.rf.f9ac106b94fcc78f61e004b14f0be4b4.jpg,416,416,1
train,road281_png.rf.99e0e0b27b91896312e4ec3d6bc12c26.jpg,416,416,1
train,road282_png.rf.bcec477dea4aa2af7940a72146ac156a.jpg,416,416,1
train,road283_png.rf.666fa21c0180e12b541b96ebd42baabc.jpg,416,416,1
train,road284_png.rf.e98a95824880c1c830d3cc3578da13f4.jpg,416,416,1
train,road285_png.rf.92ce02671c606ed8e1234bfdc886e455.jpg,416,416,1
train,road290_png.rf.4dcda2748c3ed9d31bea7209c2a4630d.jpg,416,416,1
train,road291_png.rf.b249f8ca59781410a5911d77edf99452.jpg,416,416,1
train,road292_png.rf.76afa36e3ee621f3eb229377804279e8.jpg,416,416,1
train,road293_png.rf.cfa04ac1cc0f0d1c8dcfa2f622d3da37.jpg,416,416,1
train,road294_png.rf.dc98bc6ae85e88553e1974d82329d648.jpg,416,416,1
train,road295_png.rf.52621062f25340a06ba13ad33652161b.jpg,416,416,1
train,road296_png.rf.1e0af014067e97a7f7a589f98d8587e3.jpg,416,416,1
train,road297_png.rf.66bbe00ddd8181eb165e0a67971cfe5c.jpg,416,416,1
train,road299_png.rf.f1bb13d4268eec88db4f941ad7578468.jpg,416,416,1
train,road2_png.rf.dccfdf239ceda0646532567b1c65c73b.jpg,416,416,2
train,road301_png.rf.d4197530da0c42bba408805b7dbb2e86.jpg,416,416,1
train,road302_png.rf.f094ed192900129165f5e7141a958d9d.jpg,416,416,1
train,road303_png.rf.e920b9c614895dae485b3bb03f7dd42a.jpg,416,416,1
train,road306_png.rf.b372b2b5943819bf3c400e1302b2bbe5.jpg,416,416,1
train,road308_png.rf.7b5427348ae3b87c9a016460ba30df6c.jpg,416,416,1
train,road310_png.rf.1233f92f5fa10af7597b742b11e9bb17.jpg,416,416,1
train,road313_png.rf.3225edbba7306941ac1716a5fd348be2.jpg,416,416,1
train,road315_png.rf.23624604737079ffca46bee770976934.jpg,416,416,1
train,road316_png.rf.1b02bcf485c53c9a1d0b1b14a8807451.jpg,416,416,2
train,road318_png.rf.f6b998eb85d4cbe66964aadcbf33e216.jpg,416,416,1
train,road319_png.rf.8a30545951e1098d5e2594e4f1b18bbb.jpg,416,416,2
train,road325_png.rf.556d96dfb40d4141f8b98fda4deddc75.jpg,416,416,2
train,road326_png.rf.f2fa3c0bf289a7db70c936a35430cb2a.jpg,416,416,1
train,road327_png.rf.98a8acb327c0394b776553bdcfef8afb.jpg,416,416,2
train,road328_png.rf.e40650a5bc48b73b2f1f974698de8db1.jpg,416,416,1
train,road329_png.rf.05d093f44e469d35ccc596e0ee2adfcd.jpg,416,416,1
train,road32_png.rf.52e8d1bb027de4cc7e526c1c5b972329.jpg,416,416,1
train,road331_png.rf.0ce171bf4d2f92696204e25c90593c84.jpg,416,416,1
train,road332_png.rf.5934c85f8221ea98dc4d93b155e11074.jpg,416,416,1
train,road333_png.rf.8534c5b1d0e50b726fc10447b95543f6.jpg,416,416,1
train,road336_png.rf.857d4aac9ecbbe51c6e74c9148524eba.jpg,416,416,1
train,road337_png.rf.7671d92baf2e06f4a01a33db6030e298.jpg,416,416,1
train,road338_png.rf.837d20b1af2865f5deb6a4d32c710dd3.jpg,416,416,1
train,road33_png.rf.8619e98dc14b8597eb5bee7fb56c9e28.jpg,416,416,1
train,road342_png.rf.a094c3a02e0690f3cb17e336e5b07913.jpg,416,416,1
train,road343_png.rf.67982cc5ac45636b4763f2ad0b20d3ce.jpg,416,416,1
train,road344_png.rf.016a69c8f299db3dfed4f94b640ca754.jpg,416,416,1
train,road345_png.rf.e93cfeaef873d0d7ba53f6d804f07792.jpg,416,416,1
train,road346_png.rf.e7a7d7d0abfc215b040eeb5b599f0f9b.jpg,416,416,1
train,road348_png.rf.6d71de01307f91f7007fdd1deee10857.jpg,416,416,1
train,road349_png.rf.194896358d3947b2d11db79c294f5f6b.jpg,416,416,1
train,road34_png.rf.f4a3f4dd51f567c3a3b82cdedd0ed2cc.jpg,416,416,1
train,road350_png.rf.68669eec9007c91bf3c93c0e4993a680.jpg,416,416,1
train,road352_png.rf.fe816e15547a4c7cd92b2fbaa3f45492.jpg,416,416,1
train,road354_png.rf.11f45955b24fc5e19498819953a91bfe.jpg,416,416,1
train,road356_png.rf.9eeaaf448c6345e02f9f8d63c7e18def.jpg,416,416,1
train,road357_png.rf.ad5ce5b760bccadab8e24cb7e1e7d47f.jpg,416,416,1
train,road358_png.rf.6e24bd0829ea02e61a39cd9c4524d53b.jpg,416,416,1
train,road35_png.rf.44b0f20207e9953e25ac8c723c4918b3.jpg,416,416,1
train,road360_png.rf.4aa02f52eadc1077bb28a6554193966f.jpg,416,416,1
train,road361_png.rf.70c8b3b4397ccf904607c5244afae0ed.jpg,416,416,1
train,road363_png.rf.d15d0eb543369de8958240d65b04a181.jpg,416,416,1
train,road364_png.rf.6fa9732aeffd0b5654e2d872523b66eb.jpg,416,416,1
train,road365_png.rf.e1eb2b4d84155401f12748da8f28b1c6.jpg,416,416,1
train,road369_png.rf.2642c6e2c4984a180e1cc36d8d769d3c.jpg,416,416,1
train,road370_png.rf.d20beed36c0fc5c8a03837ac93879e75.jpg,416,416,1
train,road371_png.rf.a11017d6c00cd51171d171d53e204235.jpg,416,416,1
train,road373_png.rf.7907edb66b1ce0e61ff6ea1ee190bfc3.jpg,416,416,1
train,road374_png.rf.b336fa2e22b8d3678384b3e2fc619664.jpg,416,416,1
train,road375_png.rf.11ad246fc2fe19119ce83e8af7412f4d.jpg,416,416,1
train,road376_png.rf.89c750db67aef911d040518b19f84fb7.jpg,416,416,1
train,road377_png.rf.9c246a1a2669e63fbf1561f70c4ba52f.jpg,416,416,1
train,road378_png.rf.8e1930c5fe7f025e1a7bdf1c51bcc245.jpg,416,416,1
train,road379_png.rf.95007ab9bb54aa3385d24894ecb610f0.jpg,416,416,1
train,road37_png.rf.26f1c5defb4eb0536ee35d7be8d1fb1c.jpg,416,416,1
train,road381_png.rf.c6aed13a71a9e75b311cdac870933c75.jpg,416,416,1
train,road382_png.rf.25377752d7d92d1dadcb95f5fb7b75d4.jpg,416,416,1
train,road383_png.rf.4e0d0912fcca7f4879b9d35ce8cd610e.jpg,416,416,1
train,road385_png.rf.5a36353a70813e923e7e7609a1db7c89.jpg,416,416,1
train,road386_png.rf.7b68314aab1dd391d2a8d8a8360534c4.jpg,416,416,1
train,road387_png.rf.2b9605fc1e54321bc82bc71dc89f6fbd.jpg,416,416,1
train,road389_png.rf.db2ec0142b90623b2fbb83c40871dc0f.jpg,416,416,1
train,road391_png.rf.2c33dd4ce6ad7bf10791dc3127086812.jpg,416,416,1
train,road392_png.rf.aa6c9956a2ee1c7598592fa2f3a39961.jpg,416,416,1
train,road394_png.rf.20698746dff3642d6cc65b4787967a8d.jpg,416,416,1
train,road395_png.rf.7b797930619bd8d818fa760e087196ff.jpg,416,416,1
train,road396_png.rf.b534caff2186744a16c1f232249e5f3c.jpg,416,416,1
train,road398_png.rf.9888342495ff82de99f2322347b0dd63.jpg,416,416,1
train,road399_png.rf.5d0f9325dbd3cff3f69d0a07b7db9ee4.jpg,416,416,1
train,road39_png.rf.d69aeb215e1a73fa0715c2b13865de8a.jpg,416,416,1
train,road3_png.rf.99261d2421e08074ce488153922f8e26.jpg,416,416,1
train,road401_png.rf.ef2ca85feeedceff4eae9d62c24a0fda.jpg,416,416,1
train,road403_png.rf.4e1330887e93ec1734468efdc768c997.jpg,416,416,1
train,road404_png.rf.2960dc7e2769fcde8ba7d59c2fe86f04.jpg,416,416,1
train,road405_png.rf.6f23cfd526f95be055d215b3a68b2261.jpg,416,416,1
train,road406_png.rf.c2c5745064a8fae22e3918c05faa8556.jpg,416,416,1
train,road407_png.rf.b755edf592d3e5c4b76bd0c064b6c06e.jpg,416,416,1
train,road408_png.rf.b7a2315aaad02b4065eac7af8ef6743b.jpg,416,416,1
train,road409_png.rf.2e8e06f9e99d0c57576c29ced1745306.jpg,416,416,1
train,road410_png.rf.b5971fffdae1b50704f34bd3962a5b96.jpg,416,416,1
train,road411_png.rf.96e7db27f5098253cdeaf7bfcefa2b2d.jpg,416,416,1
train,road414_png.rf.6a783d66f686106e13a6357e95b0a67f.jpg,416,416,1
train,road415_png.rf.0213763a6130ccbe39712e048f8534c0.jpg,416,416,1
train,road416_png.rf.c86e0b8607d5b5e57f3f794963dfc4ae.jpg,416,416,1
train,road417_png.rf.428828f15a399bcd8ce3e9c87318aa02.jpg,416,416,1
train,road418_png.rf.e1cc8d697c1d8ef515f7f345df45ecc6.jpg,416,416,1
train,road419_png.rf.621ed238d4d30bb57f63eb74a666b966.jpg,416,416,1
train,road423_png.rf.cdcd3c78b4bbeff293078bae0a11b471.jpg,416,416,1
train,road424_png.rf.e144c734db5738eefea52cedc5412f9b.jpg,416,416,1
train,road425_png.rf.13d824ae94307614230b1bf113a79365.jpg,416,416,1
train,road426_png.rf.0cbcc9797ab58af5eefaeb13f28b0c30.jpg,416,416,1
train,road428_png.rf.80bcb8a3fa073448a58a2ee4ad82000e.jpg,416,416,1
train,road429_png.rf.7541a2123295248f03dd85854b718298.jpg,416,416,1
train,road433_png.rf.05a2a032f0f5e9bbe50f977048b61451.jpg,416,416,1
train,road435_png.rf.a212187f8c736d7c2e2eb253282a8552.jpg,416,416,1
train,road436_png.rf.ba81e672467ab021df7d81b8abe0f1b1.jpg,416,416,1
train,road437_png.rf.91bea24d5028f18e23b3d7250c7ef872.jpg,416,416,1
train,road438_png.rf.9e35ad95fda7d21f4cbda0405cead63f.jpg,416,416,1
train,road440_png.rf.839fdbff63621ea7a4202cfc384e7af5.jpg,416,416,1
train,road441_png.rf.2efc82f918d564753903bc1cde24f1e9.jpg,416,416,1
train,road442_png.rf.94e2f804e6d230aa87436e5e75871c3e.jpg,416,416,1
train,road443_png.rf.dd859e723641bc6d953e99b6ff8393db.jpg,416,416,1
train,road445_png.rf.732610efa203613d2ae47bd7decac86c.jpg,416,416,1
train,road447_png.rf.2fc194bbe18a0abaf18333a7872b51ec.jpg,416,416,1
train,road448_png.rf.be05c097d58df13cd840a93ed022cc0e.jpg,416,416,1
train,road449_png.rf.e73f5d703532d15e3814994dc237828d.jpg,416,416,1
train,road451_png.rf.dd79cabb8615b538e68bb658343386ac.jpg,416,416,1
train,road452_png.rf.5b7c2433309e2280fb2b656a719fa949.jpg,416,416,1
train,road460_png.rf.34ad81d2943b9fcd4573b3bca6a7a060.jpg,416,416,2
train,road461_png.rf.18d9046a935ce3333325e64c90606dcd.jpg,416,416,1
train,road462_png.rf.7e73d1647935e7bd5c3673d28106a786.jpg,416,416,1
train,road464_png.rf.9db08f01aa831e9ec9a0d71f5c240e38.jpg,416,416,2
train,road465_png.rf.a680241d384dd2a20ae72ed1ed95011e.jpg,416,416,2
train,road467_png.rf.0ef87a7f622a14102fe5dfc7dccb58a7.jpg,416,416,1
train,road468_png.rf.e875b83855d03f2460328e588e0a8eac.jpg,416,416,1
train,road469_png.rf.175bb8b27d105408f145a71191297376.jpg,416,416,1
train,road46_png.rf.9641c4d263ae6308a9ccf926f9bcb087.jpg,416,416,1
train,road471_png.rf.466769082fb3db0537489f5da771eb3e.jpg,416,416,1
train,road472_png.rf.05b0e4ede5ae46545dcbbb4219491b66.jpg,416,416,1
train,road473_png.rf.b85e0b5effc87063c7860241c3d302b9.jpg,416,416,1
train,road474_png.rf.b23168e8a435f81b0fb3ae4dc6a7dea9.jpg,416,416,1
train,road475_png.rf.913ac8af67dc8eb42b4a44303d017c8b.jpg,416,416,1
train,road476_png.rf.998b58e84c0b1dfba3ab31ed79c87be7.jpg,416,416,1
train,road477_png.rf.b3dcbe95b1b79d4a3802c6dd5c240430.jpg,416,416,1
train,road478_png.rf.eebe9de0949ae4a81640b389c6999f30.jpg,416,416,1
train,road479_png.rf.9fc2ed3ea18f673baaeea49f8726779e.jpg,416,416,1
train,road481_png.rf.32de5b693801a82e47740e7d0a8058d2.jpg,416,416,1
train,road482_png.rf.db764650014f27a27add47e45ce0e86c.jpg,416,416,1
train,road486_png.rf.97b7f63a42c5e975aef3163da706b7a9.jpg,416,416,1
train,road489_png.rf.05caf617a50209c2879aadcb21d13aa6.jpg,416,416,1
train,road492_png.rf.5a060b2108ef38bcac02d5f86f5da8e2.jpg,416,416,1
train,road493_png.rf.aef6ad05734a1b7a2919f115dac42288.jpg,416,416,1
train,road494_png.rf.475da69ff25f34cb8c18957e1aaa8e84.jpg,416,416,1
train,road496_png.rf.0ba2b54d3c1fd2881ecb76508934a96a.jpg,416,416,1
train,road497_png.rf.1b6892745436223b4b49d89c39f88c9e.jpg,416,416,1
train,road498_png.rf.5af43c7f37d6d2107fbf072841a22413.jpg,416,416,1
train,road499_png.rf.3191086ca6c26d63df527c2273fa05eb.jpg,416,416,1
train,road49_png.rf.f60a8e7fc82f058d1332f296f7e6f1eb.jpg,416,416,2
train,road501_png.rf.f67568d2ed60ccbcab6f58a04ee9abd1.jpg,416,416,1
train,road502_png.rf.4e6fe99f2761b0d3c4f01b325fea5929.jpg,416,416,1
train,road503_png.rf.a388f0c85eec8a912762d640fb75bc7f.jpg,416,416,1
train,road504_png.rf.32f223dd2d6f06332288138d823612b9.jpg,416,416,1
train,road505_png.rf.b10f2635d36db3389fe91141df1c42a5.jpg,416,416,1
train,road507_png.rf.ec51ea1f2015b97dfaaaaccf5381e205.jpg,416,416,1
train,road508_png.rf.cafad273127137c27de915f5194487c2.jpg,416,416,1
train,road509_png.rf.f96cf2c07eb19e1a0093cb701057ef80.jpg,416,416,1
train,road50_png.rf.82bae75cd6f3a1fbb64e6f21b1dadbd8.jpg,416,416,5
train,road511_png.rf.fbbe2f8281ad018d94ce8050dcffd7f5.jpg,416,416,1
train,road512_png.rf.7e1dada0076e36b910fedf18e9904819.jpg,416,416,1
train,road513_png.rf.1e695d1429c8f3f60f4b1f023fc27eae.jpg,416,416,1
train,road514_png.rf.4494ccd394d453dc93170ada86fabf49.jpg,416,416,1
train,road515_png.rf.d48824682b0c28ba7033da93d65f2281.jpg,416,416,1
train,road516_png.rf.d591e42c3fd7b88bdbadbeeeb0e50524.jpg,416,416,1
train,road517_png.rf.64a0a5b7ab11c1b587aed70d62acd53d.jpg,416,416,1
train,road518_png.rf.3fecbf83762279eec391141d5c2c72ea.jpg,416,416,1
train,road521_png.rf.0e6f2e0360d380b4cc1593514d9c82e3.jpg,416,416,1
train,road522_png.rf.2d8c80c5dbb42f348f3c8ae4e473a42a.jpg,416,416,1
train,road523_png.rf.348385ad5fc7a5cd240e66fb08185021.jpg,416,416,1
train,road524_png.rf.08856d5a4c8c379c840cd86cdbd39a33.jpg,416,416,1
train,road525_png.rf.e3527cdf310b596a2e52e38b543f0804.jpg,416,416,1
train,road526_png.rf.eb2f510b38deb4610b09b521ea5e6367.jpg,416,416,1
train,road527_png.rf.2be87c99064eeef667a2a4957fd6ce8b.jpg,416,416,1
train,road528_png.rf.2545c3d8a99dd8ff65bf06247fbec0a7.jpg,416,416,1
train,road529_png.rf.0bc1c926d7515345324059d9ce0822e2.jpg,416,416,1
train,road52_png.rf.be64e0a5db23b69d0f31c5ed15ea6397.jpg,416,416,1
train,road530_png.rf.2406bb2d555fe13051f224a2b75b3b19.jpg,416,416,1
train,road531_png.rf.5fcad70b860c9b64a8c3d3f979445bed.jpg,416,416,1
train,road533_png.rf.f4ee64a1a309b51903ee08689f466433.jpg,416,416,1
train,road534_png.rf.79e7b83c49d22827be074220dd1c182f.jpg,416,416,1
train,road535_png.rf.94fd1d58c7c947d9643d754b9d238902.jpg,416,416,1
train,road536_png.rf.057d4a49954cdb42235877b8f5cfe657.jpg,416,416,1
train,road537_png.rf.b10086199525e8fae1c65dab53e7bbee.jpg,416,416,1
train,road538_png.rf.46aafa0da5e5a293ee42c1f13b732a35.jpg,416,416,1
train,road539_png.rf.56bfbee07d7caf593426840a1f7d295d.jpg,416,416,1
train,road53_png.rf.9b19bc1df21d2a76a6467df684f5da1d.jpg,416,416,1
train,road541_png.rf.222a04158df8ec43f4182fe56111e5ed.jpg,416,416,1
train,road543_png.rf.f47d7b16543e127ee66d5f37ee87035b.jpg,416,416,1
train,road544_png.rf.769f55af9848a04a23df1ca9db4a9df0.jpg,416,416,1
train,road545_png.rf.02614a36cb366d36c8c23deca405fc02.jpg,416,416,1
train,road546_png.rf.c3d82acbca76e0cfcffaad1bafe27c71.jpg,416,416,1
train,road547_png.rf.ece60bedd13b0029290eb9501db6eda5.jpg,416,416,1
train,road548_png.rf.c21b8fd598a776e58b29a4dc619a961d.jpg,416,416,1
train,road549_png.rf.178e1edad58d24c086dac90ed0ab1a36.jpg,416,416,1
train,road54_png.rf.f8103f336a04253ed453da146bce207b.jpg,416,416,1
train,road552_png.rf.f7116a13003db91e3a3bf4e35b73a715.jpg,416,416,1
train,road553_png.rf.d571d32ace65dd3eb1c632bb751b9414.jpg,416,416,1
train,road555_png.rf.e877b65d53695bfd38432fc1e4832f06.jpg,416,416,1
train,road556_png.rf.aeb265c11ad38001adf1550f333dd5e6.jpg,416,416,1
train,road557_png.rf.f4cf82e16ab50ac1d3b68e18d175dd70.jpg,416,416,1
train,road558_png.rf.d3997453e5619ebaadb3263d1f3e6433.jpg,416,416,1
train,road55_png.rf.af4ad9e37c8f160f69caa7b6af0c8c9b.jpg,416,416,1
train,road560_png.rf.03618d46f7c7f78bbf457ae671700ec1.jpg,416,416,1
train,road561_png.rf.331606ef4ebcf9cb11497f415a58c0e6.jpg,416,416,1
train,road562_png.rf.8dd551c6f4c93ab9630673c448679368.jpg,416,416,1
train,road564_png.rf.35a220747c8a09ab9ab8a91d994e0959.jpg,416,416,1
train,road56_png.rf.3492300b56b1ebdbc30cfddcb44d14b4.jpg,416,416,1
train,road572_png.rf.91caf646cba209655a9d299f949fc34e.jpg,416,416,1
train,road577_png.rf.1f1541cbae8b83c1549b8eda176d98db.jpg,416,416,1
train,road583_png.rf.80ef67cc117ef49e46f811cc08aed18c.jpg,416,416,2
train,road584_png.rf.416bffa2a1c829900828b6c6cf7cae76.jpg,416,416,1
train,road588_png.rf.b38c3e33ba04f4d5cb24bf3012b4e455.jpg,416,416,1
train,road589_png.rf.0d33bff7afdbda49e76e03e8b964c61a.jpg,416,416,1
train,road58_png.rf.9f283a90994cf35db96b354e146982ec.jpg,416,416,1
train,road590_png.rf.769b96b24049d541da7791e3b241c445.jpg,416,416,1
train,road591_png.rf.4af164df8f3424cdb40cd2e808bed362.jpg,416,416,1
train,road592_png.rf.08bc38def72c4221630152ad152d42b7.jpg,416,416,1
train,road593_png.rf.aaeff28e35b8b85bdad9f1071d97a3cf.jpg,416,416,1
train,road594_png.rf.45f7f636239ed35501233c51fffba2a3.jpg,416,416,1
train,road595_png.rf.369e18a3bdd63db2d15d20332f112b40.jpg,416,416,1
train,road597_png.rf.c08d69a46eacbbc07c1017b71800a485.jpg,416,416,1
train,road598_png.rf.7b921a3888a71880ffb35f8498f68858.jpg,416,416,1
train,road600_png.rf.83ffa9cb1c0a5252a006ed919a28f4dc.jpg,416,416,1
train,road601_png.rf.7af68ca786e35c9366043abce981b272.jpg,416,416,1
train,road605_png.rf.60d1605a0eaa910fa050e977b9d892c0.jpg,416,416,1
train,road606_png.rf.4cfc55183329cd1d9c7a9edbf038c76f.jpg,416,416,1
train,road607_png.rf.474bf42adca93c4257c6e5fd84afa195.jpg,416,416,1
train,road608_png.rf.d77a98a5804f8c761a75ad5e67f7d146.jpg,416,416,1
train,road609_png.rf.62be2099703d0b6c52ec8b0e4f3f81ca.jpg,416,416,1
train,road611_png.rf.0c59fbc174e8645176e7f6b6b9777c84.jpg,416,416,1
train,road612_png.rf.1634158ab7107a7306e41254088fc64f.jpg,416,416,1
train,road614_png.rf.5c082a256384a3b157a22bd31239809f.jpg,416,416,1
train,road615_png.rf.6a95437f06d134584ec1c0bda8140f3b.jpg,416,416,1
train,road617_png.rf.bde4e4f70f26447996c7f0420d684c8e.jpg,416,416,1
train,road618_png.rf.2c7c631499bcd3c427f29a289224001a.jpg,416,416,1
train,road61_png.rf.6c592063eb55397056d14e00f3c8897d.jpg,416,416,1
train,road620_png.rf.a7ba58ea1d4cbea3603588d021ac7a02.jpg,416,416,1
train,road621_png.rf.aca2b7f71a808ac49bbd9a146414c0b6.jpg,416,416,1
train,road622_png.rf.8cb99fd80634a323c94e9128e4399f5a.jpg,416,416,1
train,road623_png.rf.3f9eab39137fd9b0249ac44a6a359f2f.jpg,416,416,1
train,road624_png.rf.c07b0b7e5e5bb1fe4f8a8086928ddf18.jpg,416,416,1
train,road625_png.rf.cfc5b433fe3000221926bc7139101226.jpg,416,416,1
train,road626_png.rf.f3721482330edc24c1323f1d6a7f355b.jpg,416,416,1
train,road628_png.rf.c5d73ebffbd877c8fbe1b20b40612411.jpg,416,416,1
train,road630_png.rf.190b81c554a26ff36dd5da023c1fa4ed.jpg,416,416,1
train,road632_png.rf.55f34ebf1d4af9356ffb0076315965bb.jpg,416,416,1
train,road634_png.rf.67c8d74a09b078468d8705e56b36b04f.jpg,416,416,1
train,road635_png.rf.c54062e79318b6b937c42d02a725d7de.jpg,416,416,1
train,road636_png.rf.a5df1330ac24f08899432b0eb87c917d.jpg,416,416,1
train,road637_png.rf.d12dd0a89733412ff61b8a1fd41d49bd.jpg,416,416,1
train,road638_png.rf.4f1a5b3b72fcf49e88ca28b239a865f6.jpg,416,416,2
train,road63_png.rf.e9dcad8c502728095a4c31d8c394af61.jpg,416,416,1
train,road641_png.rf.a8b397e54af1c01a2ddcccf8e016a66d.jpg,416,416,1
train,road643_png.rf.dfecb66eca2ea56c01e1204629877144.jpg,416,416,1
train,road644_png.rf.cde1c14368149128bbffdf72fdcd7d1d.jpg,416,416,1
train,road647_png.rf.e694a37856c99d31e9465d59bf078c2f.jpg,416,416,1
train,road649_png.rf.817f89d67db1b8fedac312a9b15f0b33.jpg,416,416,1
train,road651_png.rf.fb0f0d489279ffa4abfc8434e3a52b64.jpg,416,416,1
train,road656_png.rf.a7aa8a24d4d9f379aaae5bde821ab2f1.jpg,416,416,2
train,road658_png.rf.9a804c80fd15899ec47843c3cd866556.jpg,416,416,2
train,road659_png.rf.a667103969338a8c391195b9927c6f83.jpg,416,416,1
train,road660_png.rf.fa6106b6a54ba4c106629b4ed40190ac.jpg,416,416,1
train,road662_png.rf.5ab49f22b2094be2df97a24642b61204.jpg,416,416,1
train,road663_png.rf.4aa4a09efc51434d1c605e896d5956d2.jpg,416,416,1
train,road664_png.rf.371f4cd8b0155c25e8a7bdc7680ee555.jpg,416,416,1
train,road665_png.rf.853969c1e3fa5fac142f8e7852819a09.jpg,416,416,1
train,road667_png.rf.e91a3d039a3d14bd71a3a3d5d22bd9a2.jpg,416,416,1
train,road668_png.rf.d7caf7609d08540bd451d68c78bf5ec1.jpg,416,416,1
train,road669_png.rf.aa21b60df3eb9833e2efb55abb9153f3.jpg,416,416,1
train,road66_png.rf.dffe942ea84f8b0b624e46130ec92c71.jpg,416,416,1
train,road670_png.rf.efd7edf77359ec4e40f8cffd27cabcfd.jpg,416,416,1
train,road671_png.rf.ca9d14eab336c243bfde54fb08eb0e30.jpg,416,416,2
train,road674_png.rf.3d0efaf181d30b7a16123941cfd259bd.jpg,416,416,1
train,road675_png.rf.4151648c8d208b55bdf6c6b67a21a914.jpg,416,416,1
train,road676_png.rf.6b0d6bd1f97bc70dac7cde9daab1f039.jpg,416,416,1
train,road677_png.rf.0686498b576ad7d42f5e9613cfba5492.jpg,416,416,1
train,road678_png.rf.79583425034204db427303e9721ab435.jpg,416,416,1
train,road679_png.rf.a3b2c9ec40685f75eae618a16c7b4156.jpg,416,416,1
train,road67_png.rf.5c4702f00e56a2d27c8e3e09b1922d54.jpg,416,416,1
train,road682_png.rf.549bb6db438ee8f0a31b374102c880ca.jpg,416,416,1
train,road684_png.rf.843f6fea472e70b4f142a866b70e22cd.jpg,416,416,1
train,road685_png.rf.79b31a73bdaae6d274897d1d0652d4b8.jpg,416,416,1
train,road686_png.rf.a678367bc70e17b93bfcc37ca75014a3.jpg,416,416,1
train,road687_png.rf.8daf9c2b49e86e877f387f1733c82c3e.jpg,416,416,2
train,road688_png.rf.40967e35061559b2ef5a1324be3cd8d4.jpg,416,416,2
train,road689_png.rf.5c8f04bb53fa10765ae389b80eb442b4.jpg,416,416,2
train,road68_png.rf.b3f1a40eb9afae64d6b6059548e10e03.jpg,416,416,1
train,road690_png.rf.d5b20bfbe68b0084150c1cf7328e5a43.jpg,416,416,2
train,road693_png.rf.baeb9a13157b7d1e8a9f9153047e133b.jpg,416,416,2
train,road694_png.rf.5012bb37b65ec3ba274f1a46b2d05915.jpg,416,416,2
train,road696_png.rf.3e1727e3b18ec6f0f00bebf139be6441.jpg,416,416,2
train,road697_png.rf.4c82500ff9f91573c8f9db72c5ddd408.jpg,416,416,2
train,road698_png.rf.edeaba4ab25286c3f8c02a3098772c96.jpg,416,416,2
train,road699_png.rf.57a9d633d7859051a3e8525f4824a9a0.jpg,416,416,2
train,road69_png.rf.b3dc769dc2115e06a9d45cdb3f9afe6e.jpg,416,416,1
train,road6_png.rf.e491f622aa1705fc969dba9194fe662c.jpg,416,416,1
train,road702_png.rf.3ee3727a1ceb0fc9cb1c2bbbbfea3f9f.jpg,416,416,2
train,road703_png.rf.0140915a317a8a89d807e36a87ae626e.jpg,416,416,2
train,road704_png.rf.ce172e931d893de35cd51ce03bed67c9.jpg,416,416,2
train,road706_png.rf.4cae59ad50149b0cc0d61cb94855279f.jpg,416,416,2
train,road707_png.rf.8185efbd12f937e102974824b5d757eb.jpg,416,416,2
train,road710_png.rf.2ad28439dfd9f4eb4f972f908cb5c481.jpg,416,416,2
train,road711_png.rf.0687c8599d898a979c8922434580a9ef.jpg,416,416,2
train,road712_png.rf.ee2432f1a6c4df0988307770b8e199d9.jpg,416,416,2
train,road714_png.rf.f46b2481d8901e97bf7d752c1d272cde.jpg,416,416,2
train,road715_png.rf.8f64e298582aad10eef86de67ef78923.jpg,416,416,2
train,road717_png.rf.9565b5d82d1a20f0a88457ec549f04c7.jpg,416,416,2
train,road718_png.rf.94dc70125e3e379d9af523a4d38d6c91.jpg,416,416,2
train,road719_png.rf.e7914dbda764b021529b66276ce74ca8.jpg,416,416,1
train,road722_png.rf.ac0242874474653a6c11704432bf6433.jpg,416,416,1
train,road723_png.rf.1c4652f1c0005f9366affd0e6dd783c5.jpg,416,416,1
train,road724_png.rf.2280171ca6b8f44bf510b388957dc9db.jpg,416,416,1
train,road725_png.rf.56679d54685561dd11509367a9c5e30e.jpg,416,416,1
train,road726_png.rf.474bc509dcd63aefaea36046d7b10729.jpg,416,416,1
train,road727_png.rf.c28484526daa4c24d1c21ea719b74f7c.jpg,416,416,2
train,road728_png.rf.fdd5ede97ccfb0315314e3670903d571.jpg,416,416,2
train,road729_png.rf.b894177c5032579f808cc591a19edb2b.jpg,416,416,2
train,road72_png.rf.175dec4085120f452e4f6955c441b603.jpg,416,416,1
train,road731_png.rf.b67153fb658c58a4b2672430c6c6cbb9.jpg,416,416,2
train,road732_png.rf.02c4240480b86f12812f9e6ac99961f2.jpg,416,416,2
train,road733_png.rf.3d0f8656ec92e5ce09b995b714d83a0f.jpg,416,416,2
train,road734_png.rf.0c18bf6014a2ca993c3adf715101dd03.jpg,416,416,2
train,road735_png.rf.1f434772779d9d51e64dccc3856c02d1.jpg,416,416,2
train,road736_png.rf.503469c0b6161bf070bc9181463e92a2.jpg,416,416,2
train,road737_png.rf.bd797ddd2eb3c76a7b72c02992d15095.jpg,416,416,2
train,road738_png.rf.b77223254f74927b15efc4a6c0235d1b.jpg,416,416,2
train,road739_png.rf.10890388c8cfa8deba506d63f9cd876f.jpg,416,416,2
train,road740_png.rf.eff9e3f125b2d4f2717a3fa6ce5c6774.jpg,416,416,2
train,road742_png.rf.40e35aaca13d769c15edb4f74bf84cc1.jpg,416,416,2
train,road744_png.rf.760844ea2f55e8607cf47bf198efb6f7.jpg,416,416,2
train,road745_png.rf.f5f996e3c3983d3a188ab2f4ae6af69e.jpg,416,416,2
train,road746_png.rf.16a262dc32378a4529131ba5aed1e815.jpg,416,416,2
train,road749_png.rf.2a29c294f24af6af869bafacf4456919.jpg,416,416,2
train,road74_png.rf.fe2feb65aa8a7e0fee93e4c66a63ad9e.jpg,416,416,1
train,road751_png.rf.c1eec777c6104e50ca51a2a5d234b5d1.jpg,416,416,2
train,road752_png.rf.351ef76375299636cd945226c8b7c7e9.jpg,416,416,2
train,road753_png.rf.f03a54200e8f40e27f16e9f84494042e.jpg,416,416,2
train,road754_png.rf.7d7a430fc5887197ad856d96e02133b8.jpg,416,416,2
train,road755_png.rf.166f3e57296f772b6c86728daea40740.jpg,416,416,1
train,road756_png.rf.944db1c9289ade69c36a15d1637105f6.jpg,416,416,1
train,road757_png.rf.cdc0edb92a6a89e36b72c1359e24f486.jpg,416,416,1
train,road758_png.rf.dac450094c97d396b012d5176d0cddfa.jpg,416,416,1
train,road759_png.rf.ad7675dc1b853f9998dbc88c8961d12f.jpg,416,416,1
train,road75_png.rf.c385ec6a6b115cce3e5f393dae7dbd85.jpg,416,416,1
train,road761_png.rf.d60163e52cfd1c3881763c261f9919d8.jpg,416,416,1
train,road762_png.rf.10fc16e5a28570a8d9e8c20c858c538d.jpg,416,416,1
train,road763_png.rf.6f966b60d663d720bde9f6f9cf93e314.jpg,416,416,1
train,road764_png.rf.c3544655492eeedbf82efb3a89187cf5.jpg,416,416,1
train,road765_png.rf.e353454481811bcd2d8f0b7adfcfe35c.jpg,416,416,1
train,road767_png.rf.a012d9c3df07d89a949e1d58eabb6d47.jpg,416,416,1
train,road768_png.rf.5054cc21fb94903fb4e13ccabef3679f.jpg,416,416,1
train,road76_png.rf.5a2d816f0836794ed6ea8c4f738de279.jpg,416,416,1
train,road771_png.rf.d2a6160738fad88318ab2838e624d950.jpg,416,416,1
train,road772_png.rf.33d925aad478fcc21603de8dadfb2291.jpg,416,416,1
train,road775_png.rf.c65234a12ef03dc0828331a89e668f32.jpg,416,416,1
train,road776_png.rf.5e8895f45423162fc5dec8eff35ef781.jpg,416,416,1
train,road777_png.rf.064114e8a8c3dc21575a5b9bcc776366.jpg,416,416,1
train,road778_png.rf.06a142fb4e5a488ccc16c1a42b1b2a0c.jpg,416,416,1
train,road77_png.rf.35e39b533c204183d1ef951b6ac8d02b.jpg,416,416,1
train,road780_png.rf.f0abfb35666fcd80e31b014cf65940dc.jpg,416,416,1
train,road781_png.rf.eb64c78000a704daa7e5b88e8f835873.jpg,416,416,1
train,road782_png.rf.89c5d64439b9a684a26c2d25b3a69482.jpg,416,416,1
train,road783_png.rf.ff6a2411a038a15fea0cb8d4ebe6f807.jpg,416,416,1
train,road784_png.rf.fccb502e73598ef5763e424e60c31c2e.jpg,416,416,1
train,road786_png.rf.3dc915a89b8caedb4a4179506ae4da28.jpg,416,416,1
train,road787_png.rf.5c1f20f767b639b2c47109d9d378e17c.jpg,416,416,1
train,road788_png.rf.2569d1e7431a51a0577b369517fb32cc.jpg,416,416,1
train,road78_png.rf.cf6fad70db62ed78bc83b76e225433ab.jpg,416,416,1
train,road790_png.rf.4a9212e8976b6bb96ec1adbe885ea1ee.jpg,416,416,1
train,road791_png.rf.ad075bb954ba752c89bc0a9d04ebb142.jpg,416,416,1
train,road792_png.rf.ea7c53cd70e8bfd05b400f5219820982.jpg,416,416,1
train,road793_png.rf.d556de23ca85c740753c38cf2e03cd40.jpg,416,416,1
train,road795_png.rf.dbcea0933712df5ae96178a6b802e6b0.jpg,416,416,1
train,road796_png.rf.39d5524be146ca38aefb8cb733e869da.jpg,416,416,1
train,road797_png.rf.55e644c8c1684dbfd50a60df179e9804.jpg,416,416,1
train,road799_png.rf.4f91a1a654a7e67c5a519e900ec6766e.jpg,416,416,1
train,road79_png.rf.45c47a11851b6f864bfc4d1a5df7db98.jpg,416,416,1
train,road800_png.rf.c71fb816d3f9c9b552975ac9d5eeebcc.jpg,416,416,1
train,road801_png.rf.60811bb5132e5c64e40ba6059f8b4cf8.jpg,416,416,1
train,road802_png.rf.80bf934335532e129630ea897fe452f5.jpg,416,416,1
train,road805_png.rf.c7c98ae5c73f8053abdbeb4209931614.jpg,416,416,1
train,road806_png.rf.bd37431c1c36b01eca76a60f37ba3aac.jpg,416,416,1
train,road807_png.rf.7b5599d9372f2f7345ce6870223db80a.jpg,416,416,1
train,road809_png.rf.0dd011f95874cb94a6991602644d3689.jpg,416,416,1
train,road80_png.rf.bc2551fd16d8c56a6978f0642e28b7bd.jpg,416,416,1
train,road810_png.rf.d7310a21c53a1e031e61270eab69f145.jpg,416,416,1
train,road812_png.rf.970de82f6e0950e878e2bb9b1f817d6f.jpg,416,416,1
train,road813_png.rf.edaff4395f10f9cdaf6f7044a6821764.jpg,416,416,1
train,road814_png.rf.335914a6b18ea05bca47b29fa25e3ed4.jpg,416,416,1
train,road818_png.rf.6b4bf84e5a823721b173a606123be813.jpg,416,416,1
train,road81_png.rf.15e3e04f3b80121856bc0765ab70ee19.jpg,416,416,1
train,road821_png.rf.ac4ee14f863b8d3b383f87e88a06a503.jpg,416,416,2
train,road823_png.rf.293f977a932e78259dbf84f2cb12630d.jpg,416,416,2
train,road826_png.rf.499e6d5c8b79f7e991153911880c6c3c.jpg,416,416,2
train,road827_png.rf.6118d93766a2bc018fe79d3fd8971559.jpg,416,416,1
train,road828_png.rf.e1ef1cb18dab404e4baef3a47bb0e55a.jpg,416,416,1
train,road829_png.rf.59a437bd466aced976021f5faea4b978.jpg,416,416,1
train,road82_png.rf.83cd46d825ba06756921f96fa8b333fd.jpg,416,416,1
train,road830_png.rf.4b68d2498cae9b8cb7e1147fea6032be.jpg,416,416,1
train,road831_png.rf.18cc2507c762cd8b7256e515decbec11.jpg,416,416,1
train,road832_png.rf.864278f1306b861310a7f13d9820ef73.jpg,416,416,1
train,road833_png.rf.b98d463bd8b2992cc85372a5a730abbb.jpg,416,416,1
train,road834_png.rf.f38848765e9ad03b411e0ec84c3ad5a1.jpg,416,416,1
train,road837_png.rf.7d6e66e4bbc5aa01cdd9c905247ab1cc.jpg,416,416,1
train,road838_png.rf.19e9a0be300b22851ae003a53293803d.jpg,416,416,1
train,road839_png.rf.19615006f1841006b53c24392ac792de.jpg,416,416,1
train,road83_png.rf.33474888d4a3bc9b34d882bc25b4216d.jpg,416,416,1
train,road840_png.rf.412b2fd0d73f728240a2483774e8fbe0.jpg,416,416,1
train,road844_png.rf.aa227a1a4aa9e66dd6e6e67296175292.jpg,416,416,1
train,road846_png.rf.83ae399dec059726a23ccdffd427f4f0.jpg,416,416,2
train,road847_png.rf.dde55d2afcac2bcd5fec3ed1de94ecc8.jpg,416,416,2
train,road855_png.rf.29a38f84238fc67c71f65fe7db634f25.jpg,416,416,1
train,road857_png.rf.cd3c67bf1eb63604c035797e41bb06ea.jpg,416,416,1
train,road858_png.rf.a2727857e80f78608fb5b56bd31d736f.jpg,416,416,1
train,road861_png.rf.8dbdc6380d026da51ae1198bc6bbb703.jpg,416,416,1
train,road862_png.rf.fc9f54dbed14e04f86662d75dcd10db6.jpg,416,416,1
train,road864_png.rf.5c01516b58233c31b1d5e58b97f60a2f.jpg,416,416,1
train,road866_png.rf.149026bec8a8d3db4a1aec554b2cbe3f.jpg,416,416,1
train,road867_png.rf.ad1f6c86c092a33d784229c4db7cb950.jpg,416,416,1
train,road868_png.rf.2527789265fff34beffcf92d207652ab.jpg,416,416,1
train,road870_png.rf.61c1736a2fa5b8a8009e48147d08853b.jpg,416,416,1
train,road871_png.rf.d87cacdef230a54431b9317d9c239ab7.jpg,416,416,1
train,road873_png.rf.34891fecf4a6c6422bcf35cb95a9f20c.jpg,416,416,1
train,road875_png.rf.71bbad8e5a7500b8a0d189e54346149a.jpg,416,416,2
train,road89_png.rf.d4581de840a76f69a07ce2ddf287e87f.jpg,416,416,1
train,road91_png.rf.f98e29dd415c62af40f036f032e3c069.jpg,416,416,1
train,road92_png.rf.87483d8aca15f9b35a039b5601ada7b2.jpg,416,416,1
train,road93_png.rf.50d265b5be3e2bbc130145487141e9cf.jpg,416,416,1
train,road96_png.rf.48d681480f439cba3688ab06e5e51fe7.jpg,416,416,1
train,road98_png.rf.a188124b99716334e825015b369e4be1.jpg,416,416,1
train,road99_png.rf.6120a488b283d344e36063242610e3cf.jpg,416,416,1
valid,000001_jpg.rf.5eb4f984823b1a44afc9bf98804daa50.jpg,416,416,1
valid,000002_jpg.rf.d65ebeef4d1cb26e3fc1a826770b729f.jpg,416,416,1
valid,000004_jpg.rf.00126fe7725236ec5dc849bac78543c2.jpg,416,416,1
valid,00000_00000_00002_png.rf.109f031ac8e60eba952da43b054389c0.jpg,416,416,1
valid,00000_00000_00003_png.rf.e1d0c6904cad2c27548ec3c332b2e088.jpg,416,416,1
valid,00000_00000_00008_png.rf.823f2aa00055169915d8979d389796eb.jpg,416,416,1
valid,00000_00000_00010_png.rf.ea7f6dcad45043cc1275a3722f259c45.jpg,416,416,1
valid,00000_00000_00011_png.rf.d273eb7959d82848c1bbf816e503a7cc.jpg,416,416,1
valid,00000_00000_00016_png.rf.501890d4ac7f8422f349833245d7abc0.jpg,416,416,1
valid,00000_00000_00017_png.rf.af8c4a23f87c883e6c718be719d78834.jpg,416,416,1
valid,00000_00000_00019_png.rf.5e0626fb5f6c03e2137b454192d1a6ea.jpg,416,416,1
valid,00000_00000_00023_png.rf.ba3c9472391c55dddbea2b609d7c95ef.jpg,416,416,1
valid,00000_00000_00024_png.rf.b7b5b6753ff94db8b6ad0904043f5c47.jpg,416,416,1
valid,00000_00000_00028_png.rf.79164ee5db8dd374dee79d309ae3276d.jpg,416,416,1
valid,00000_00001_00001_png.rf.0a5c9b8c2585b556bb0176c33d8ba594.jpg,416,416,1
valid,00000_00001_00004_png.rf.6bcd3ab2c19f9e4ed176d96f7f73e084.jpg,416,416,1
valid,00000_00001_00005_png.rf.39fe79ecb0b552859813e4daf4a2edc2.jpg,416,416,1
valid,00000_00001_00009_png.rf.841cc50cd27e97581eb6d0234bc4bb46.jpg,416,416,1
valid,00000_00001_00014_png.rf.f4a23099ee55a117ddbdf614f0060111.jpg,416,416,1
valid,00000_00001_00015_png.rf.38a3cfcf656efbce048431b7df469837.jpg,416,416,1
valid,00000_00001_00017_png.rf.2512e4fa7c72637e03252940dd911882.jpg,416,416,1
valid,00000_00001_00019_png.rf.7df817b331a58bfe6f42b04b59ffee4b.jpg,416,416,1
valid,00000_00001_00022_png.rf.86a6404cd77a9c80b0cc735b19b763cb.jpg,416,416,1
valid,00000_00001_00023_png.rf.ad5e845504342a9c0c6a4c734e99f8f2.jpg,416,416,1
valid,00000_00002_00000_png.rf.a6b7c53f9c779067be91c4d331bed12d.jpg,416,416,1
valid,00000_00002_00006_png.rf.38607fba142760f6d61a8806ae748fcc.jpg,416,416,1
valid,00000_00002_00014_png.rf.851465423d63cf26575590f762af5c2b.jpg,416,416,1
valid,00000_00002_00029_png.rf.f584d2f610afde0abb821fe96a348203.jpg,416,416,1
valid,00000_00003_00002_png.rf.76d9ce9f361d1b20eb1b0d5c4d9356b7.jpg,416,416,1
valid,00000_00003_00002_png.rf.e634a332d201c84f03eac04d4a8b22ee.jpg,416,416,1
valid,00000_00003_00008_png.rf.374fb6d685cf80341eced8c159f48659.jpg,416,416,1
valid,00000_00003_00010_png.rf.8d0b8153b699be93838f2ab1adb3c5f5.jpg,416,416,1
valid,00000_00003_00012_png.rf.246a45eeb77623d43d7d35292c01e488.jpg,416,416,1
valid,00000_00003_00016_png.rf.119a4465c771266fa404e7bbbcb718cd.jpg,416,416,1
valid,00000_00003_00020_png.rf.92fbe7c2ac68b3f455aada3b8b02aa12.jpg,416,416,1
valid,00000_00003_00028_png.rf.0be3aff7a8d535bb23aed121db9871f4.jpg,416,416,1
valid,00000_00003_00028_png.rf.5b6b19270267f8aa19060cc871d01b54.jpg,416,416,1
valid,00000_00004_00000_png.rf.2035c6eac81cf733715d605be8b19a3d.jpg,416,416,1
valid,00000_00004_00023_png.rf.e766ea5b2f7fb6f86cb29bb721ef7120.jpg,416,416,1
valid,00000_00005_00004_png.rf.3b1da84bffee4d187959b6d9fa49ef41.jpg,416,416,1
valid,00000_00005_00004_png.rf.e5420c1cd4e614fb9a0c6bad2967f7ae.jpg,416,416,1
valid,00000_00005_00006_png.rf.74594564734029824f07e7ec6f437ffa.jpg,416,416,1
valid,00000_00005_00007_png.rf.f035d5f40157b6e8ad96e569ab3c8dbf.jpg,416,416,1
valid,00000_00005_00016_png.rf.868eac740114de5a72281450cae54d4b.jpg,416,416,1
valid,00000_00005_00018_png.rf.20ae5dc6f9775df0c040611697a1f4a4.jpg,416,416,1
valid,00000_00005_00019_png.rf.5c7911d1c82f2a8974b1476efab21a32.jpg,416,416,1
valid,00000_00005_00021_png.rf.69bd0c31c470a36e351d9bf107e017db.jpg,416,416,1
valid,00000_00005_00022_png.rf.6e64e5ed69bbf31356e5329842003956.jpg,416,416,1
valid,00000_00006_00004_png.rf.49287ea2187ee3e2492f3490bea0b932.jpg,416,416,1
valid,00000_00006_00005_png.rf.80f7b8a9aa386fad4e88deb0751d44db.jpg,416,416,1
valid,00000_00006_00008_png.rf.6e64e50bce5346d9caec663b34ee71b3.jpg,416,416,1
valid,00000_00006_00017_png.rf.66c94793170aa8f8054e5832ce0305e0.jpg,416,416,1
valid,00000_00006_00023_png.rf.4c75431aed70e19f6bd3c2f5ccf07391.jpg,416,416,1
valid,000011_jpg.rf.fa32ab1ecb9f791f607dcaecb05a8dd7.jpg,416,416,1
valid,000013_jpg.rf.c2947bdf01306795dc799928eec4c157.jpg,416,416,1
valid,000016_jpg.rf.f4568240f9384349bcefdd70e594b519.jpg,416,416,1
valid,00001_00004_00003_png.rf.806b4f93884a4afa323c90f720993988.jpg,416,416,1
valid,00001_00004_00017_png.rf.59c17684b246375c90a66c80185ac3f6.jpg,416,416,1
valid,00001_00005_00008_png.rf.40d0da91ea6cc55d098dfc3e32176ed4.jpg,416,416,1
valid,00001_00006_00002_png.rf.96807e7b1631778e556feedd6982218b.jpg,416,416,1
valid,00001_00007_00010_png.rf.3b97ab40ade2235e54b1cd674fd40148.jpg,416,416,1
valid,00001_00011_00007_png.rf.5a1e3a0bff0fdeddae8d3884cc1d0a55.jpg,416,416,1
valid,00001_00019_00018_png.rf.8317748f9fc7b4fb05cd6370b0c409fa.jpg,416,416,1
valid,00001_00020_00012_png.rf.0c2732ec2a3ed93214b1e41395ad7a2b.jpg,416,416,1
valid,00001_00023_00025_png.rf.2626b0368405fa35ce5519d212ab019c.jpg,416,416,1
valid,00001_00024_00015_png.rf.27b7f5a37c32be10469b7fb9e6859a54.jpg,416,416,1
valid,00001_00024_00019_png.rf.201dbcf518f485213be0896d36c866f2.jpg,416,416,1
valid,00001_00025_00010_png.rf.4647a0ab875d1ff161faaeb4eef72b27.jpg,416,416,1
valid,00001_00025_00021_png.rf.71e8b5a711e8a7d62315c724fdf9e61b.jpg,416,416,1
valid,00001_00028_00009_png.rf.d3776cc5b7ff2e6f019157bcde378ab7.jpg,416,416,1
valid,00001_00030_00007_png.rf.97236f8f38630a2e52d58e3e34c9adce.jpg,416,416,1
valid,00001_00031_00010_png.rf.3117240f6b207aa89ea9e14bb8f93e58.jpg,416,416,1
valid,00001_00031_00012_png.rf.51847911c211fcbfe57fb26f390b07c0.jpg,416,416,1
valid,00001_00034_00017_png.rf.6ba1b8dfc5d3a83dfc305f8421532d46.jpg,416,416,1
valid,00001_00037_00009_png.rf.98442136f1fcf52990902250291c48e9.jpg,416,416,1
valid,00001_00037_00018_png.rf.fdbd3c3ecaa77be61cff73f08ee1dbba.jpg,416,416,1
valid,00001_00040_00008_png.rf.5f47667bf822034a38b87b869d4996a0.jpg,416,416,1
valid,00001_00041_00006_png.rf.492993b80ba8dce4cc3c8ba55b79cb31.jpg,416,416,1
valid,00001_00056_00005_png.rf.e3e2afe6d8714eeb65b9fe81bffb8533.jpg,416,416,1
valid,00001_00056_00007_png.rf.2be0d27329c93a51dbec70f7f6936811.jpg,416,416,1
valid,00001_00059_00001_png.rf.f0c4ab06e4825e6f85bd1aa7045bf7c2.jpg,416,416,1
valid,00001_00066_00005_png.rf.b88a1804a44f6e513c39d3119d72baee.jpg,416,416,1
valid,00001_00066_00018_png.rf.ea5065ed23c168fe2b63e7a8f5d839c1.jpg,416,416,1
valid,00001_00067_00009_png.rf.ae479bfc362a2451572b0f16535561b0.jpg,416,416,1
valid,00001_00067_00010_png.rf.90dbae774974b5231715ab3e1c331c14.jpg,416,416,1
valid,00001_00068_00006_png.rf.cdc0829f9edf6c7730f639bede108a4e.jpg,416,416,1
valid,00001_00070_00012_png.rf.eba0ec2077e1a2951e7ba846ebc3f97d.jpg,416,416,1
valid,000020_jpg.rf.2f0901cbff62fb4830e39d5d5e46ad39.jpg,416,416,1
valid,000023_jpg.rf.147364eb3bc656deef873e1f9aadefa3.jpg,416,416,1
valid,000025_jpg.rf.0159a012742956804d362365998132f7.jpg,416,416,1
valid,00002_00000_00021_png.rf.e68063086859a10db07ea12c37e52199.jpg,416,416,1
valid,00002_00002_00006_png.rf.a5efd17b8611e692e8bce402eb3b86b0.jpg,416,416,1
valid,00002_00002_00026_png.rf.574b361bdf1b724030164ec780ca3236.jpg,416,416,1
valid,00002_00002_00028_png.rf.f65c7aefe974cd45269be85afb390fe7.jpg,416,416,1
valid,00002_00004_00026_png.rf.e08350cc250857c28ec1d619fb871d07.jpg,416,416,1
valid,00002_00006_00029_png.rf.9f80d940730690b080db3edd9104061a.jpg,416,416,1
valid,00002_00009_00017_png.rf.76cbe36edd72f8ef05c8a7e1de7d9c2f.jpg,416,416,1
valid,00002_00011_00029_png.rf.9218bf68489dd27976848d871cf32f46.jpg,416,416,1
valid,00002_00012_00006_png.rf.ca4aa072eaf5140582e14ec592965ae9.jpg,416,416,1
valid,00002_00013_00002_png.rf.0b6b2e77383558449f4125d32e7becd9.jpg,416,416,1
valid,00002_00013_00023_png.rf.9b31982d2f94e015a3503264b93e4600.jpg,416,416,1
valid,00002_00015_00006_png.rf.f6af83f098bc43372267a8b09ca2ac72.jpg,416,416,1
valid,00002_00016_00000_png.rf.ef183ee432de2051a6b4ff73403c80bc.jpg,416,416,1
valid,00002_00016_00013_png.rf.6797ade511dd2424faa33b9196d1cf99.jpg,416,416,1
valid,00002_00016_00027_png.rf.6866b3121b0123e588a02636ca208327.jpg,416,416,1
valid,00002_00017_00018_png.rf.3676c5aa3568ba151f34e4ad83d09a64.jpg,416,416,1
valid,00002_00017_00021_png.rf.d4e4ad4ccd7d778cda3fc4ac17f529c9.jpg,416,416,1
valid,00002_00018_00000_png.rf.608f86a34161113cb45149b33031cb4f.jpg,416,416,1
valid,00002_00018_00001_png.rf.75fb22aa5736d01cc75f5912c53053c1.jpg,416,416,1
valid,00002_00021_00028_png.rf.b711e3eec093c14ad18a15ace24cc815.jpg,416,416,1
valid,00002_00027_00010_png.rf.2e542ec2b9951cb11b3bddb90a4bcddb.jpg,416,416,1
valid,00002_00027_00019_png.rf.b798b0fad245406428697baf06fd08aa.jpg,416,416,1
valid,00002_00029_00005_png.rf.eaf3386241d4b3d165ad5cfeed05f96e.jpg,416,416,1
valid,00002_00029_00021_png.rf.6e0a766751a8611b5eb9bf075a5843db.jpg,416,416,1
valid,00002_00031_00007_png.rf.2b1ddc8b14e995d413eafed07739926e.jpg,416,416,1
valid,00002_00031_00028_png.rf.6f071d23e04f044981310d02000cc630.jpg,416,416,1
valid,00002_00033_00004_png.rf.aa287dc137abb93255fa4c9d696194f6.jpg,416,416,1
valid,00002_00037_00001_png.rf.8763a480932d750a7496967ab0999e74.jpg,416,416,1
valid,00002_00048_00009_png.rf.bafb9b075eadadd9edfe89f23849a7e5.jpg,416,416,1
valid,00002_00049_00024_png.rf.d6d53dd4d97ad0df6b6357f012c469ed.jpg,416,416,1
valid,00002_00057_00021_png.rf.1ca1fbfd6dcae355f8469f0221f1d159.jpg,416,416,1
valid,00002_00060_00001_png.rf.5d26ce504b606a49ce1b84dfc60c16fe.jpg,416,416,1
valid,00002_00060_00002_png.rf.c9453cdcd9cbf502cec8a641ce9206ea.jpg,416,416,1
valid,00002_00062_00005_png.rf.e032b40ea2327e5c2522ded913581b61.jpg,416,416,1
valid,00002_00062_00007_png.rf.bbbfeb397f679491ec7c5afad46b958b.jpg,416,416,1
valid,00002_00065_00024_png.rf.c42fdae251687a0ea3eba77d62fd105f.jpg,416,416,1
valid,00003_00001_00000_png.rf.9ed87fda908a3a802ab6918948970e61.jpg,416,416,1
valid,00003_00001_00005_png.rf.0c1e1a51e170ad308abedbe84f02c954.jpg,416,416,1
valid,00003_00005_00022_png.rf.ea4191f4b55acfb59bf2389f6d5c81a0.jpg,416,416,1
valid,00003_00006_00004_png.rf.934b80a45c2f27e2f8053eb0597e14b7.jpg,416,416,1
valid,00003_00006_00022_png.rf.256efc029550f2940ca77830d7aa592a.jpg,416,416,1
valid,00003_00008_00014_png.rf.bc438c08293706efb7e21473f833f347.jpg,416,416,1
valid,00003_00008_00025_png.rf.b1a1fa00721f04de200e73e4f1d406c5.jpg,416,416,1
valid,00003_00010_00005_png.rf.c28982830ad4bbb1e85c775fd4fd74ab.jpg,416,416,1
valid,00003_00010_00014_png.rf.b45d97663ce35d1dfae8d929214f77df.jpg,416,416,1
valid,00003_00010_00019_png.rf.8e7af71bda1f7de88bc25e3f61a3872c.jpg,416,416,1
valid,00003_00012_00019_png.rf.4ada5352563505194f6673d0f4e5801c.jpg,416,416,1
valid,00003_00012_00029_png.rf.2ea12a5b8b7584c163b616b486ad7f0f.jpg,416,416,1
valid,00003_00013_00012_png.rf.9f4054c3d3f2b40ddede90c45488de0c.jpg,416,416,1
valid,00003_00013_00014_png.rf.9ff8cb79d782ed1d941f680d39b47778.jpg,416,416,1
valid,00003_00017_00005_png.rf.8b51eeea8ed4ab5ea5dad2a8f04ab9f0.jpg,416,416,1
valid,00003_00017_00016_png.rf.db4aa89aae2c148c876478f7395a022d.jpg,416,416,1
valid,00003_00018_00028_png.rf.179f37d955eda91d6686773dfedb9c9a.jpg,416,416,1
valid,00003_00021_00005_png.rf.287ee836bcf546b036a09963d6a2b7b3.jpg,416,416,1
valid,00003_00021_00016_png.rf.5c5d67a5464d3c8b438b2f4afb5cb50c.jpg,416,416,1
valid,00003_00022_00017_png.rf.72237bd37718f6617168aea46911de7e.jpg,416,416,1
valid,00003_00022_00028_png.rf.279bbf36c217edc1467ef0d3ad614fe9.jpg,416,416,1
valid,00003_00023_00020_png.rf.97eecd71bf949e1de4c632665440355c.jpg,416,416,1
valid,00003_00028_00007_png.rf.8207c89bad9f7e0d066c7c03da570439.jpg,416,416,1
valid,00003_00028_00008_png.rf.ce6054a0b8c643ccd050227e8ae86c4b.jpg,416,416,1
valid,00003_00028_00014_png.rf.5b49845bc97aba9a158163dec51c427a.jpg,416,416,1
valid,00003_00030_00021_png.rf.8c5ff79679325b3e5d05f86658aabce8.jpg,416,416,1
valid,00003_00031_00013_png.rf.4733a9e4d58808f8c35303ae7284eeb7.jpg,416,416,1
valid,00003_00034_00002_png.rf.dcdeec740ea7f3799d5800dbadcf85b7.jpg,416,416,1
valid,00003_00034_00019_png.rf.0de3d19e5692bce58ecddbf047332432.jpg,416,416,1
valid,00003_00034_00026_png.rf.52c367d3b30c37774b24845872eaf9f1.jpg,416,416,1
valid,00003_00035_00020_png.rf.0fbe31b3b39556f7dbdd6c492a67d31c.jpg,416,416,1
valid,00003_00035_00024_png.rf.bb232297191447d6ef46628ab901b5ee.jpg,416,416,1
valid,00003_00035_00027_png.rf.e7a890e41b9463dc363fd277f4bf097c.jpg,416,416,1
valid,00003_00036_00004_png.rf.56cba09f9f7eb88f7b6536c58b008bf7.jpg,416,416,1
valid,00003_00037_00023_png.rf.8d681fb18eb715ff4f3dc46fe6e29053.jpg,416,416,1
valid,00003_00038_00016_png.rf.9b8614e4a9dac36a613705224fb26166.jpg,416,416,1
valid,00003_00040_00007_png.rf.8d2e5b040a703955ee06dc5308ed92f5.jpg,416,416,1
valid,00003_00040_00029_png.rf.8756d0c519b7d7285532e9231628c3be.jpg,416,416,1
valid,00003_00042_00026_png.rf.764f9b67eae13c366b8ec322311c11d7.jpg,416,416,1
valid,00003_00043_00025_png.rf.8125ce506ae33530b205dd082bce1800.jpg,416,416,1
valid,00003_00044_00004_png.rf.5c7867c6d2ff799a45687ff6cb5abf3f.jpg,416,416,1
valid,00003_00044_00011_png.rf.30ce8436a483288f93160f1ad678d43e.jpg,416,416,1
valid,00003_00044_00012_png.rf.b3b50faa0f7bfe1d5e9051e3f63f4616.jpg,416,416,1
valid,00003_00045_00007_png.rf.21c04f5100d639bb7e0a0818432e8946.jpg,416,416,1
valid,00003_00045_00010_png.rf.2e43861bfe4173b95baf7dc50d342195.jpg,416,416,1
valid,00003_00045_00023_png.rf.00e371c5ff30f5a41eb54a54f93b9133.jpg,416,416,1
valid,00003_00046_00012_png.rf.d370d6be4e7c3f714005f47147137d7c.jpg,416,416,1
valid,00003_00046_00015_png.rf.ea1b6ec52a5ecf660e1fd090cf2cf017.jpg,416,416,1
valid,00003_00046_00019_png.rf.288895bbd27718d25e2a21ac3cb01fc5.jpg,416,416,1
valid,000044_jpg.rf.20e3e55d0fc80a8a786d2ab7bbca7ef5.jpg,416,416,1
valid,000047_jpg.rf.3da4d486d7b29ef66899b32813c47247.jpg,416,416,1
valid,00004_00001_00003_png.rf.7b725e8e9c1d1cf38d34956d1c018698.jpg,416,416,1
valid,00004_00002_00011_png.rf.25821bc19233fecf56cc9accd1e443a5.jpg,416,416,1
valid,00004_00002_00022_png.rf.6e9d8becdbd4b8c9ce6bd313669a42b0.jpg,416,416,1
valid,00004_00003_00027_png.rf.2e091c6dd85c5b454c15803ecd89dbe0.jpg,416,416,1
valid,00004_00005_00020_png.rf.99f078a477ad303400db1b5f9055a783.jpg,416,416,1
valid,00004_00006_00004_png.rf.ed2da1afd871c5e02698621ef8f2b1a7.jpg,416,416,1
valid,00004_00007_00005_png.rf.e9f4d8577e3326a259ba0cf498487a86.jpg,416,416,1
valid,00004_00007_00019_png.rf.1f467b1dc5421ed245ea1afe63b8eadb.jpg,416,416,1
valid,00004_00009_00006_png.rf.c5f118e8cdbaff0966fc3fed1d9011c4.jpg,416,416,1
valid,00004_00010_00009_png.rf.f92a420ca856ad882526c659d8279110.jpg,416,416,1
valid,00004_00012_00001_png.rf.ab3cd39cc76f70b5cf8a7284bc5a50bb.jpg,416,416,1
valid,00004_00017_00006_png.rf.b8e67c538a069566238d9fb824da0119.jpg,416,416,1
valid,00004_00017_00008_png.rf.56e9079ebf0bcdafe18c38a0ffad8546.jpg,416,416,1
valid,00004_00018_00007_png.rf.baa3ce2259b88b7bb8f7e787470833a7.jpg,416,416,1
valid,00004_00020_00013_png.rf.51cae997b14fbcdb99df8678aa0971f2.jpg,416,416,1
valid,00004_00020_00025_png.rf.b9a631f815ef28fe0dc578ced6040ddc.jpg,416,416,1
valid,00004_00022_00001_png.rf.0016065be6c29d3cda0a166606e9876b.jpg,416,416,1
valid,00004_00022_00011_png.rf.b01709656ae6b82ba3aa54b30bfb7ed3.jpg,416,416,1
valid,00004_00027_00008_png.rf.e96cf71c48a64a96521a7196b8833bb5.jpg,416,416,1
valid,00004_00031_00016_png.rf.277579adb28552506e9079d544150dcd.jpg,416,416,1
valid,00004_00031_00027_png.rf.c3258ead2ad5fd6d61e71052c15139b4.jpg,416,416,1
valid,00004_00032_00016_png.rf.7e862722fbecd57018664c47c3592b41.jpg,416,416,1
valid,00004_00034_00009_png.rf.dbc730c2a7f5badb19b9ba2f65a0c7f0.jpg,416,416,1
valid,00004_00036_00006_png.rf.bb9c39f8275d860fc51fadc5f693e633.jpg,416,416,1
valid,00004_00036_00013_png.rf.78743043707fe91f1cb89a6b93142b7c.jpg,416,416,1
valid,00004_00036_00027_png.rf.18f4dc5c0e4c411d61b6113cf2d5a166.jpg,416,416,1
valid,00004_00037_00006_png.rf.859172c0751de35fe695683661bc5f5c.jpg,416,416,1
valid,00004_00037_00010_png.rf.2d548b82f656367528a9b69d5b6b82cf.jpg,416,416,1
valid,00004_00037_00019_png.rf.075b9e62e480ce017c3b8e0284435ba6.jpg,416,416,1
valid,00004_00038_00009_png.rf.7c89ed5f7a3cacf3be0eba60e006f66d.jpg,416,416,1
valid,00004_00038_00015_png.rf.fa07f671f1547c2d5553bc88cbc68eac.jpg,416,416,1
valid,00004_00038_00020_png.rf.e3dac76ad990b48503995b5e1c9da8e5.jpg,416,416,1
valid,00004_00040_00006_png.rf.0df4700578f74f73aa0d5aa6e6818e8d.jpg,416,416,1
valid,00004_00040_00017_png.rf.f3406cb8a1c43a4d3ed5fa37af0b389f.jpg,416,416,1
valid,00004_00040_00018_png.rf.79323a962d316e1b7a085819f450ed9d.jpg,416,416,1
valid,00004_00040_00021_png.rf.fc113b962d26c47d3dc5df9304970723.jpg,416,416,1
valid,00004_00042_00011_png.rf.c403db526195c4c2ded00bc82c875655.jpg,416,416,1
valid,00004_00042_00022_png.rf.57fc6d356c7942d39777605ee8ef8b6a.jpg,416,416,1
valid,00004_00043_00017_png.rf.8576320ec474292e4d12ecb40e479a7e.jpg,416,416,1
valid,00004_00043_00028_png.rf.0f8a94b02eeeb2bcd58b633c57c305a1.jpg,416,416,1
valid,00004_00045_00020_png.rf.fe4cc87adb689ee9cf551c0263265443.jpg,416,416,1
valid,00004_00045_00021_png.rf.70e25231968f91d6246de485d6d019dc.jpg,416,416,1
valid,00004_00046_00023_png.rf.0b32f721688e82fcf824071c45152147.jpg,416,416,1
valid,00004_00048_00027_png.rf.64eabc2b921a3e805278cce486f9416e.jpg,416,416,1
valid,00004_00049_00019_png.rf.bdf40d4ddc1d2c2815c0500456553572.jpg,416,416,1
valid,00004_00051_00023_png.rf.dde86b9f99927dfe07d283b4a78b05b4.jpg,416,416,1
valid,00004_00052_00013_png.rf.f59d46c5c83b32b25ea452ccd41d6a67.jpg,416,416,1
valid,00004_00059_00015_png.rf.eabd0acc596d06455c79486b3d3cb57d.jpg,416,416,1
valid,00004_00060_00008_png.rf.f3ad27b4d05355b22056c389122a9ac6.jpg,416,416,1
valid,00004_00060_00019_png.rf.db5c6fc5db3eaa43c08496dd225a7393.jpg,416,416,1
valid,00004_00061_00010_png.rf.4d35a113f2b70c2d0e82add786cef442.jpg,416,416,1
valid,00004_00061_00013_png.rf.c34fb537a9a7faeb1a32512065323deb.jpg,416,416,1
valid,00004_00061_00021_png.rf.9cb0d56d97d26768b1e2a21c7e25b32e.jpg,416,416,1
valid,000054_jpg.rf.ebe63c651dd9d1143e798d62488e1226.jpg,416,416,1
valid,000056_jpg.rf.1a02a221cd346c0662c7fed02b958ad4.jpg,416,416,1
valid,000058_jpg.rf.c4c6678dfa93ff09c11d7e99ef920eaf.jpg,416,416,1
valid,000059_jpg.rf.b190180521e9edd87152a789fadf42d9.jpg,416,416,1
valid,00005_00002_00021_png.rf.ef7b02f4e69fe9c5c466cd482d3f5d91.jpg,416,416,1
valid,00005_00003_00016_png.rf.234d1e0d2cfd4ea5a3a198c302331533.jpg,416,416,1
valid,00005_00004_00017_png.rf.f8a7516372bd74e685d9f470bd6a252e.jpg,416,416,1
valid,00005_00005_00021_png.rf.51ba812ddc4274b6bcc67a6dc5f8701c.jpg,416,416,1
valid,00005_00008_00014_png.rf.d0527a630b3993dd028cac78caacf20a.jpg,416,416,1
valid,00005_00009_00015_png.rf.edf28a0ba67c7f64b946429e6f690cdc.jpg,416,416,1
valid,00005_00012_00013_png.rf.3f1b741ddfcf506c5ca1081b2f689bec.jpg,416,416,1
valid,00005_00013_00006_png.rf.2d3ce825b022deea4149ee37d13b5a37.jpg,416,416,1
valid,00005_00013_00015_png.rf.6ae60e5720c831d5d379be9a78fa4fd4.jpg,416,416,1
valid,00005_00013_00016_png.rf.104423a2b5146af20e0913bbedcf05f6.jpg,416,416,1
valid,00005_00013_00023_png.rf.597dabfb0a8be9b9e55a5fd4d741de99.jpg,416,416,1
valid,00005_00018_00020_png.rf.0aaffe7da00f33f27787dea1c8aadf65.jpg,416,416,1
valid,00005_00019_00009_png.rf.cfa43b110d8e5f5e9ccdc168e25e2998.jpg,416,416,1
valid,00005_00019_00023_png.rf.3fa9a988aa0486f9328a462f6537d46f.jpg,416,416,1
valid,00005_00021_00009_png.rf.e0b3255808fa828ed6cd0a717883486d.jpg,416,416,1
valid,00005_00021_00012_png.rf.af43b9c896df20dc00000269467de21f.jpg,416,416,1
valid,00005_00029_00009_png.rf.cdebf84ee4607ed5f073857fbcb0faf8.jpg,416,416,1
valid,00005_00044_00003_png.rf.6b650369c006ecc08ac7cff9052871a9.jpg,416,416,1
valid,00005_00044_00012_png.rf.b2b20faca5354a01ebd17405d5b6c997.jpg,416,416,1
valid,00005_00044_00013_png.rf.688003d38fa853989468470513eeef6d.jpg,416,416,1
valid,00005_00056_00011_png.rf.e56f5e9155853e5ac44c5a1a6c77a1a5.jpg,416,416,1
valid,000060_jpg.rf.8f2d5e4e877e2b6e5b3c824d2bec3115.jpg,416,416,1
valid,000061_jpg.rf.89000fe381cd875949055c02e0e05f44.jpg,416,416,1
valid,000062_jpg.rf.cc95cfe9c2ec51e7e600b32dad431408.jpg,416,416,1
valid,000063_jpg.rf.09edd7ea94dce4652230cbf71443c9f5.jpg,416,416,1
valid,000075_jpg.rf.0e1ccee9ff9e03910cf3b1147527d382.jpg,416,416,1
valid,00007_00000_00007_png.rf.037d8a9398bfad6b4623c9405a73cf86.jpg,416,416,1
valid,00007_00002_00009_png.rf.113c0ba0b62a55eca6dc6f2f37297407.jpg,416,416,1
valid,00007_00002_00011_png.rf.3e6ecd510efe187683f4efffca1642f0.jpg,416,416,1
valid,00007_00003_00010_png.rf.2422eb69afa6d9c8b5b1a119b9c54050.jpg,416,416,1
valid,00007_00003_00016_png.rf.e834e42b95e08079227b43e7d21c3266.jpg,416,416,1
valid,00007_00005_00009_png.rf.72ca74c87701450c3a853aa29282e9e8.jpg,416,416,1
valid,00007_00010_00025_png.rf.fc51afae341a552a3e500aa8e4bb35d6.jpg,416,416,1
valid,00007_00010_00027_png.rf.314ddd042a9379af387466446c01f99a.jpg,416,416,1
valid,00007_00012_00026_png.rf.3e2a58c5d3fe9c62d6b1dada42f9fa0c.jpg,416,416,1
valid,00007_00017_00021_png.rf.2fbaf2e83a780499bc494ec32a0ca177.jpg,416,416,1
valid,00007_00018_00016_png.rf.f58ce7ada8acdd2a4fa44640bbfdcfc8.jpg,416,416,1
valid,00007_00024_00003_png.rf.01cdf4a32b745a4112bdf4c76b8660da.jpg,416,416,1
valid,00007_00036_00022_png.rf.a279bc5e70d68ee42f455ea24381b187.jpg,416,416,1
valid,00007_00041_00003_png.rf.e6c316b3ff0c7bd0cf468489312dc39a.jpg,416,416,1
valid,00007_00041_00007_png.rf.281728de5200a94e5f62a38231f65e1c.jpg,416,416,1
valid,00007_00041_00010_png.rf.ec421c2923817221ce994e6e8089dbd0.jpg,416,416,1
valid,00007_00041_00012_png.rf.0c1127f500a7607cfed5a49bc2893b4d.jpg,416,416,1
valid,00007_00041_00016_png.rf.a69af6b943838b941eae692d6c8f59c2.jpg,416,416,1
valid,00007_00041_00021_png.rf.101bac056abedcfc836ec4014564cbe1.jpg,416,416,1
valid,00007_00041_00026_png.rf.ad63b790aad9f888863f251dc4b275fa.jpg,416,416,1
valid,00007_00042_00014_png.rf.f302d8ba353590e1ec60b91d228a0304.jpg,416,416,1
valid,00007_00042_00022_png.rf.ebd1d9a4e17869923212c3da7fd54df2.jpg,416,416,1
valid,00007_00045_00028_png.rf.901c4d935d8ee61b03500b16f3143a79.jpg,416,416,1
valid,00007_00045_00029_png.rf.c9fba3ded9cf373c1547666a4b854fa8.jpg,416,416,1
valid,000087_jpg.rf.474f8ec5ba0ca63e725cca0733d021bc.jpg,416,416,1
valid,00008_00000_00009_png.rf.e246e29599a3b358fb9a9911303a0911.jpg,416,416,1
valid,00008_00000_00025_png.rf.54a2c7bed1c4f555a5825fa8b3dd2c7b.jpg,416,416,1
valid,00008_00004_00013_png.rf.edd68f6e8950651f15f3e4eb2e59de25.jpg,416,416,1
valid,00008_00004_00014_png.rf.3d0e2403e5816d9e4cddffeab959d91d.jpg,416,416,1
valid,00008_00004_00018_png.rf.d04b1e5cf05ad80902d307cc7e6c431d.jpg,416,416,1
valid,00008_00005_00016_png.rf.0dc3f1206158857c75c6ad29d422dd99.jpg,416,416,1
valid,00008_00006_00019_png.rf.9284ba138dea764af54bb1429aeb31ba.jpg,416,416,1
valid,00008_00007_00012_png.rf.c3d898d938b7deebab53bb896fe22d9b.jpg,416,416,1
valid,00008_00008_00019_png.rf.8251d851ef8cfe67c02a3fe47e2b2c43.jpg,416,416,1
valid,00008_00008_00020_png.rf.6c66ef0dde590ac7dfddb8a715bd57ac.jpg,416,416,1
valid,00008_00011_00001_png.rf.552d1ac62d4fbb2d8d76f528f3b8f610.jpg,416,416,1
valid,00008_00011_00026_png.rf.d48e07f968b239bc5c2f8e3cbade525d.jpg,416,416,1
valid,00008_00012_00004_png.rf.901d50a564943436405ece8251824e2b.jpg,416,416,1
valid,00008_00012_00013_png.rf.a1d09d94107a2bc2391b90cc813f036b.jpg,416,416,1
valid,00008_00012_00015_png.rf.10d59dd6e0409c272fbeac276a01daec.jpg,416,416,1
valid,00008_00012_00026_png.rf.9d73f6bf08134cd2d6f1cee81cc97d44.jpg,416,416,1
valid,00008_00013_00010_png.rf.8c734c3859b581451b57c485582f5ce6.jpg,416,416,1
valid,00008_00015_00022_png.rf.8df6ca081651930cffd22c46186837bb.jpg,416,416,1
valid,00008_00015_00023_png.rf.d08260bc4588dcab6fe5b54989e91502.jpg,416,416,1
valid,00008_00017_00021_png.rf.e3539348f10ebb2a43c22c2ff8ead631.jpg,416,416,1
valid,00008_00018_00023_png.rf.2a857f20235cc46664627e09b7a58409.jpg,416,416,1
valid,00008_00024_00015_png.rf.0a488e624b482b0c2c96148cbc582449.jpg,416,416,1
valid,00008_00032_00019_png.rf.ae03f2835ae96130daf7dbb29da57225.jpg,416,416,1
valid,00008_00034_00010_png.rf.c63f6f9720ff1a0ecf10ebfb55844f2d.jpg,416,416,1
valid,00008_00038_00008_png.rf.2a7a8fd66cf9b684e26801ef89447731.jpg,416,416,1
valid,00008_00038_00009_png.rf.12ba1188789e6b6747031686b0576a20.jpg,416,416,1
valid,00008_00038_00010_png.rf.4c9c38b445211d75ca18a1e49d3f7c7b.jpg,416,416,1
valid,00008_00039_00022_png.rf.5fa7f0b9ebfa8a702336246e92f63e2c.jpg,416,416,1
valid,00008_00044_00020_png.rf.b7f1da92ed0f5a60d3c31f13f4ea524c.jpg,416,416,1
valid,00008_00045_00004_png.rf.311591d23c3c9bc5e4f148c5d4c3198b.jpg,416,416,1
valid,00008_00045_00007_png.rf.8baff974a77b214a7291a7414715353a.jpg,416,416,1
valid,00008_00046_00016_png.rf.8b23be6230e702bfc05f412016444393.jpg,416,416,1
valid,00008_00046_00026_png.rf.4132e5229d03953696029788c0d7377f.jpg,416,416,1
valid,000092_jpg.rf.87588aa3b0f60afb13c9c0a0575693f6.jpg,416,416,1
valid,000093_jpg.rf.b807d4d48b8504ef32c8092be695ab21.jpg,416,416,1
valid,000098_jpg.rf.4b8be686f943aa7349065e09d710dfa3.jpg,416,416,1
valid,000104_jpg.rf.84bfd7deb7e3d5f06dc8284e8c40b521.jpg,416,416,1
valid,000111_jpg.rf.e60c5cd270ea82c644bdfc2ee629daef.jpg,416,416,1
valid,000123_jpg.rf.d05325e5ae61a1b2cf969df6389c899c.jpg,416,416,1
valid,000131_jpg.rf.d5b08b4a7d3727786a522ed886d962e6.jpg,416,416,1
valid,000137_jpg.rf.4417be60e5e8d0047af644d961795c36.jpg,416,416,1
valid,000140_jpg.rf.e9eafc934e46f0cd62b6e05d4c614d79.jpg,416,416,1
valid,000149_jpg.rf.b30519cf48fdf6e879c724a7e5a3d24c.jpg,416,416,1
valid,00014_00000_00024_png.rf.b6b0de4c0a7b5a38da353cd4fcf3abcb.jpg,416,416,1
valid,00014_00001_00000_png.rf.3e50b1a77c9ffef0b94e6a561cc319c8.jpg,416,416,1
valid,00014_00001_00002_png.rf.483438bbdd92061897181234b8964550.jpg,416,416,1
valid,00014_00001_00012_png.rf.72aca827b504a1531fc88c801b17af55.jpg,416,416,1
valid,00014_00002_00008_png.rf.b5591234d317fc4e122c6594039268f9.jpg,416,416,1
valid,00014_00002_00015_png.rf.1d9249429d70efa6eda5490cbb105a1c.jpg,416,416,1
valid,00014_00002_00016_png.rf.061a46c5693825f6713422588d66f049.jpg,416,416,1
valid,00014_00002_00018_png.rf.99f3f18db235a6649470bdf440f30670.jpg,416,416,1
valid,00014_00002_00020_png.rf.710887530cbc8299c39440e19f6df948.jpg,416,416,1
valid,00014_00002_00027_png.rf.6adc795f986a59944a3555bca3a3d8f6.jpg,416,416,1
valid,00014_00003_00008_png.rf.cd8a887922aeb3c34252bd39a11814f2.jpg,416,416,1
valid,00014_00003_00018_png.rf.f11abf60a9170d4baaa8874052e0834c.jpg,416,416,1
valid,00014_00004_00001_png.rf.fbaefc1fdb2f042c76b8b203a140a043.jpg,416,416,1
valid,00014_00004_00005_png.rf.7115e64a1cf0236276de71514a635a06.jpg,416,416,1
valid,00014_00004_00006_png.rf.5497c0df08cb437fb189487bf59888c0.jpg,416,416,1
valid,00014_00004_00009_png.rf.b6c7914d29ef0fac4d1f33a3309134cd.jpg,416,416,1
valid,00014_00004_00012_png.rf.c1a1182ffbc57148f9b5af2978833fe1.jpg,416,416,1
valid,00014_00004_00016_png.rf.97d3529a5693c4808581f582f6d567ee.jpg,416,416,1
valid,00014_00004_00017_png.rf.16e5837331428c915db71c9b93452ce2.jpg,416,416,1
valid,00014_00005_00000_png.rf.1e7b4f22a6f3e4d9fc5b151fddbd41dd.jpg,416,416,1
valid,00014_00005_00006_png.rf.9d23cd4be31c691050beba74e43087f0.jpg,416,416,1
valid,00014_00005_00007_png.rf.b4ff08928208b2ec89580e7472731da0.jpg,416,416,1
valid,00014_00006_00002_png.rf.5bf0c54cbd123c81f18c19973e068111.jpg,416,416,1
valid,00014_00006_00017_png.rf.009947c10a98db2965b31368471eb4a5.jpg,416,416,1
valid,00014_00006_00024_png.rf.11a28415ccf012da42d0b3a2845ff647.jpg,416,416,1
valid,00014_00007_00010_png.rf.897d67a41c1b075c2ce0de6658c78d12.jpg,416,416,1
valid,00014_00007_00014_png.rf.5cbe0ea73b96ee9d4b867745a985f415.jpg,416,416,1
valid,00014_00007_00015_png.rf.821ef95c005fbfbbe0c74db69cd18063.jpg,416,416,1
valid,00014_00007_00016_png.rf.5d7823090d0693e49c7a082833e25966.jpg,416,416,1
valid,00014_00007_00018_png.rf.b1a6bc22dfa2520a4f80c645087c38d9.jpg,416,416,1
valid,00014_00008_00006_png.rf.e6ce907e9d1c78a8eea7b39d096b66cc.jpg,416,416,1
valid,00014_00008_00010_png.rf.eaf26fb45c806ade178b403b585eeb40.jpg,416,416,1
valid,00014_00008_00012_png.rf.277d9f2527db84cf64fed938bfe0eb22.jpg,416,416,1
valid,00014_00008_00015_png.rf.7deb3d52b8955c9f16bc4630ca2b3a09.jpg,416,416,1
valid,00014_00008_00017_png.rf.4d7c1e9d049e8a66cfdc576ed88b5fca.jpg,416,416,1
valid,00014_00008_00023_png.rf.7f736e938225b82a2984aa0f3e8de55c.jpg,416,416,1
valid,00014_00008_00025_png.rf.9f597254f67382352eda6f7bf0ccfe90.jpg,416,416,1
valid,00014_00008_00026_png.rf.038e8ad38151a8f6155603801aa4e2bd.jpg,416,416,1
valid,00014_00009_00000_png.rf.1177c6754fd20cd5a21a584c1288b2d7.jpg,416,416,1
valid,00014_00009_00002_png.rf.f35bed5e27fca545a320efeb4b5d81d0.jpg,416,416,1
valid,00014_00009_00004_png.rf.73407ef1038d43d87b332be788574a66.jpg,416,416,1
valid,00014_00009_00005_png.rf.e3aaedc6dac0cc23af08380064bf51f1.jpg,416,416,1
valid,00014_00009_00012_png.rf.02ffbac072397fe4f36979ba80f74fb9.jpg,416,416,1
valid,00014_00009_00021_png.rf.86ee460f79a2e8a2d702df174c862850.jpg,416,416,1
valid,00014_00010_00000_png.rf.a400f3cc1c01ae5b1e410948f7919e92.jpg,416,416,1
valid,00014_00010_00001_png.rf.68c586d3ac58ed9ad2b5b51c2702b4cf.jpg,416,416,1
valid,00014_00010_00004_png.rf.fce7bd5dcff83a6e6634b19b9b8d00d0.jpg,416,416,1
valid,00014_00010_00006_png.rf.fc6789dfb26ab8b258a45781c138f7d8.jpg,416,416,1
valid,00014_00011_00013_png.rf.5c38fd5ec4ddf261665eb299b209c6cd.jpg,416,416,1
valid,00014_00012_00029_png.rf.366e398c9dd622533fd1892f9d836749.jpg,416,416,1
valid,00014_00013_00005_png.rf.7afaaa7763228bd8062f208657493059.jpg,416,416,1
valid,00014_00013_00007_png.rf.d6d53f7f5f8d66a0f726fda36931a444.jpg,416,416,1
valid,00014_00013_00010_png.rf.0358de740627248f20390ba5887f0ae0.jpg,416,416,1
valid,00014_00018_00009_png.rf.2d72ed302f587a671e54afaf1a09a0a9.jpg,416,416,1
valid,00014_00021_00022_png.rf.27134343f93653de165a17037bfb73c6.jpg,416,416,1
valid,00014_00022_00001_png.rf.5f053622d21d091f24ead75941f99403.jpg,416,416,1
valid,00014_00023_00012_png.rf.b5d04ed4520fe1613bacb494db5d350f.jpg,416,416,1
valid,00014_00023_00014_png.rf.4f936a83f573af4da01d2c99bd65257c.jpg,416,416,1
valid,00014_00023_00021_png.rf.0a4585c02901034383d98335603ed09d.jpg,416,416,1
valid,000154_jpg.rf.10e8182b19d397c1a3fc5496f48956c6.jpg,416,416,1
valid,000158_jpg.rf.de2717752337de37af3909a837ac1ecd.jpg,416,416,1
valid,000159_jpg.rf.1453deeb1721dd612b3e4c6ec33da5d8.jpg,416,416,1
valid,000160_jpg.rf.63f912a8062e2c8868e97ab5fd14d647.jpg,416,416,1
valid,000161_jpg.rf.ae64f76d8ef6076b247838f85e05de8f.jpg,416,416,1
valid,000164_jpg.rf.4299a2cf7fe633528bda8e6c82bba7e0.jpg,416,416,2
valid,000165_jpg.rf.e9dabfaaf12417e2ba0ac7ec3127c251.jpg,416,416,1
valid,000176_jpg.rf.96cf6ceea532f7e4169a4cea717a6219.jpg,416,416,1
valid,000187_jpg.rf.a4e0eb7a38e4d4cadcef43e381a0f033.jpg,416,416,1
valid,000197_jpg.rf.c3fc560c02bac1c6baeec423405f5c24.jpg,416,416,1
valid,000203_jpg.rf.39acec1ffdf2d6493cb3c0c099cec7a3.jpg,416,416,1
valid,000208_jpg.rf.832e26c0ed8a8bd11d3f9a9e3a49c98a.jpg,416,416,1
valid,000219_jpg.rf.95e9f863927a6517eb4e7c3f866099c4.jpg,416,416,1
valid,000221_jpg.rf.78710a088f811620a5953e13bd972228.jpg,416,416,1
valid,000242_jpg.rf.ce0b1a3828ba64c185b3638cd90951c6.jpg,416,416,1
valid,000249_jpg.rf.ce8b13229bd03d29238b79ffa6cc50c5.jpg,416,416,1
valid,000254_jpg.rf.755554d1fb284c7152b5e2b32cda8aa5.jpg,416,416,1
valid,000263_jpg.rf.889dadf72dd7aa18c6b94c961b419c6a.jpg,416,416,1
valid,000264_jpg.rf.6876ea6d3378e9d03db30c2183cc5045.jpg,416,416,1
valid,000269_jpg.rf.4e2a4c97538137c2c4d881ec4cba4201.jpg,416,416,1
valid,000290_jpg.rf.e54ac541fdeec4fd02628d7930a30ad0.jpg,416,416,1
valid,000297_jpg.rf.b373c5e86c5e0fcfe7a99082beeba1d2.jpg,416,416,1
valid,000299_jpg.rf.37004e619318422c6e11e4db672b5a37.jpg,416,416,1
valid,000311_jpg.rf.92fb3e611aa56284af5fd4765e5368d3.jpg,416,416,1
valid,000319_jpg.rf.1fd32a8ec85d8ece29bdcc792fdf960c.jpg,416,416,1
valid,000320_jpg.rf.62b5a7f335fc5e0c633774c04d7d7088.jpg,416,416,1
valid,000330_jpg.rf.e8b0af092d57c4f34925bb7177a0b474.jpg,416,416,1
valid,000339_jpg.rf.09a46fe4f8a60c2703ab35a8d982461e.jpg,416,416,1
valid,000348_jpg.rf.df4749301a69a49513ab3c77b76c6ba5.jpg,416,416,1
valid,000352_jpg.rf.d63e34658183df08ad20ef345a34795f.jpg,416,416,1
valid,000353_jpg.rf.9da320bfbb4f4b6d2ec25b69a0be7f06.jpg,416,416,1
valid,000354_jpg.rf.b7ccfe0e9fd239ec28a6518202c7c531.jpg,416,416,1
valid,000363_jpg.rf.ed6453a9c64ca832ebf1b36aa5a50907.jpg,416,416,1
valid,000371_jpg.rf.d2f84e3f3e15cea3038a66be160e894f.jpg,416,416,1
valid,000373_jpg.rf.f6a0fe844051159b218ed37511a14a7c.jpg,416,416,1
valid,000387_jpg.rf.7119e3f9c6a97ec54b1de9f62fd6f7b2.jpg,416,416,1
valid,000394_jpg.rf.207625ae162416a9c54677d3dfb6e111.jpg,416,416,1
valid,000399_jpg.rf.db38c5d43dc8f412c03578dbabae5d19.jpg,416,416,1
valid,000401_jpg.rf.d08904263e901566fa23580df75bfd52.jpg,416,416,1
valid,000413_jpg.rf.669b3ac51f4fee4f4df7766754610121.jpg,416,416,1
valid,000420_jpg.rf.0f91560519dbea3e36a02a20f10ec48b.jpg,416,416,1
valid,000432_jpg.rf.24bdf904d16f60471490456f826ee193.jpg,416,416,1
valid,000434_jpg.rf.10ecc3b6b80b17f6792a4fb7939437ca.jpg,416,416,1
valid,000435_jpg.rf.14bc5d69fce5237cc7bf63668f861345.jpg,416,416,1
valid,000437_png_jpg.rf.5be9f4fe4b3f2ebc8ed2954d09d791bf.jpg,416,416,4
valid,000450_jpg.rf.8dbe8ff0fd011220d307b9d8fe745323.jpg,416,416,1
valid,000456_jpg.rf.afad59663b563575264001ee039d2168.jpg,416,416,1
valid,000460_jpg.rf.3be56562d86269ad806603bb1cdb710c.jpg,416,416,1
valid,000461_jpg.rf.beeb2bc233e2f5893d128e0a7eea18d8.jpg,416,416,1
valid,000463_png_jpg.rf.90ac8516e2d1a9a7999901c883dcd2a1.jpg,416,416,1
valid,000470_jpg.rf.c46a76f9f37d561bd7021182dad60a4c.jpg,416,416,1
valid,000471_jpg.rf.7cff1942730924579c87c484642b6e9f.jpg,416,416,1
valid,000474_jpg.rf.f9faa49f328b0810666ae1103e819a7f.jpg,416,416,1
valid,000476_jpg.rf.20e99f8a70b94c7a71d36cde8c333ec4.jpg,416,416,1
valid,000491_jpg.rf.c237338f2d048f5f0326a2d4156ec65c.jpg,416,416,1
valid,000492_jpg.rf.378175376b4c76fbf8bf8cb71c5a983c.jpg,416,416,1
valid,000498_jpg.rf.3a2dc5e243040ff3b2584564a411d3dc.jpg,416,416,1
valid,000516_jpg.rf.b0df60d28c0403cd3d0d8a2f9bcd2506.jpg,416,416,1
valid,000520_jpg.rf.6f0a4003fe39cb3f49af95be8b3e4955.jpg,416,416,1
valid,000521_jpg.rf.0deed514852fbf84e58eea8289f5339e.jpg,416,416,1
valid,000525_jpg.rf.b6c20ac9c71c2b22aa23509053f69b84.jpg,416,416,1
valid,000567_jpg.rf.1cd65f0778ff6ceff0f43ff1710c384f.jpg,416,416,1
valid,000569_jpg.rf.8738d44828a88e4b274bc51c8f2131fa.jpg,416,416,1
valid,000572_jpg.rf.9163e3c1af48f49a6291d46f83d06166.jpg,416,416,6
valid,000586_jpg.rf.fde7b54f33bb7ee103b6d52e2e557a1a.jpg,416,416,1
valid,000604_jpg.rf.261636c78c3dad441cc7fbb10f497cf2.jpg,416,416,1
valid,000618_jpg.rf.2938df7a98fc40e6e0fdf623e0d1d085.jpg,416,416,1
valid,000630_jpg.rf.8560dc7b77f06401f76fa84c9d592ae9.jpg,416,416,1
valid,000661_jpg.rf.883d895f9dab5e9c4d081aba15c224e9.jpg,416,416,1
valid,000669_jpg.rf.c04ea8a7d20d809e96f5d77afd89b34c.jpg,416,416,1
valid,000683_jpg.rf.19f5e5dc49316864cf8414620322fab8.jpg,416,416,1
valid,000697_jpg.rf.3658820578fe692b31ba515bf77dc5b7.jpg,416,416,1
valid,000698_jpg.rf.48581efaccf0042847a8640d1213857e.jpg,416,416,1
valid,000707_jpg.rf.425d3bbda0d5bfb0e541cdfb6631d8a4.jpg,416,416,1
valid,000708_jpg.rf.016d77947d4da21396dd624a736b525f.jpg,416,416,1
valid,000716_jpg.rf.8ea1dbec2d4acd57dc6023d25305cddd.jpg,416,416,1
valid,000717_jpg.rf.221c34fc5f23b2561f3724382f2bbe87.jpg,416,416,1
valid,000720_jpg.rf.fabf8fb2dda4602ca8a712b6cc079690.jpg,416,416,1
valid,000721_jpg.rf.933725532705bbd7964667ffb599ae8c.jpg,416,416,1
valid,000743_jpg.rf.06d54c42338b3d0d4ab19b6d7b61c831.jpg,416,416,1
valid,000744_jpg.rf.3a88e46bcbd6377255d7a951769ce015.jpg,416,416,1
valid,000746_jpg.rf.f8aeda5143c1ab7c7567100339a5d702.jpg,416,416,1
valid,000754_jpg.rf.14060f80258829694549cc005fae6148.jpg,416,416,2
valid,000758_jpg.rf.f38ff756075bb62b78793d0743915a55.jpg,416,416,1
valid,000759_jpg.rf.aeddff76b9dfcef225f8a6fc0761cfa8.jpg,416,416,1
valid,000760_jpg.rf.488c72e9b38fa4dc13f144e8810537fb.jpg,416,416,1
valid,000773_jpg.rf.111fbb03a2a0b7938ea745467749d021.jpg,416,416,1
valid,000787_jpg.rf.07476d2cee9a7187b9d511139e64a3fa.jpg,416,416,1
valid,000787_jpg.rf.9ae01d93a58b54e9e0ce741e26ee0bbb.jpg,416,416,2
valid,000794_jpg.rf.d5da386085366607e8c92c0e564dec3c.jpg,416,416,1
valid,000794_jpg.rf.fb03929472105076100d8214f2bce058.jpg,416,416,2
valid,000798_jpg.rf.ebfbe0c2aedd873835d44200db1dc2a0.jpg,416,416,1
valid,000804_jpg.rf.4e7ca73a942d0dc390decda54b80b347.jpg,416,416,3
valid,000805_jpg.rf.94d2e8ac75427db493e80a39372f51f6.jpg,416,416,2
valid,000806_jpg.rf.6231e471fcf0e8949c69ed74a31f5a16.jpg,416,416,1
valid,000806_jpg.rf.65fd914cb8c7572d43eb1b2fe99724b8.jpg,416,416,3
valid,000811_jpg.rf.681f1fb744ef25577eda745e77a64216.jpg,416,416,1
valid,000816_jpg.rf.a02002ea906e4173345f01916bc7637f.jpg,416,416,1
valid,000818_jpg.rf.79a2603e5fbf55865b4a47f84fa94597.jpg,416,416,2
valid,000825_jpg.rf.5217db7b554510a418092e5f2aa43864.jpg,416,416,1
valid,000828_jpg.rf.57dbc7a769dc2dcb630000222bb3e5bf.jpg,416,416,1
valid,000829_jpg.rf.58d520b7f3fa3ff7fed6fe14159fb535.jpg,416,416,2
valid,000834_jpg.rf.704395702a7e68fe0e9babeddd997949.jpg,416,416,2
valid,000835_jpg.rf.88a7b1f214585011bedd2239fc22af7f.jpg,416,416,1
valid,000843_jpg.rf.0ac5bd7a76582a1bd95d5add661857cb.jpg,416,416,1
valid,000844_jpg.rf.1f0f7aa91bdcd37c22bbda4f1627aef2.jpg,416,416,2
valid,000848_jpg.rf.1bda4fcbd6327d209431e90a01548add.jpg,416,416,1
valid,000849_jpg.rf.1942f447a4bb5a0fd6fdc92aa6bd902e.jpg,416,416,1
valid,000849_jpg.rf.502b0869254751a8fcd137e402e97a43.jpg,416,416,1
valid,000852_jpg.rf.03817e49d1a71789e0e6c7db5b6bbd34.jpg,416,416,4
valid,000863_jpg.rf.6beae5fe3c6e31ef703bb7ee87ace7c1.jpg,416,416,2
valid,000867_jpg.rf.219fccb52f507bfcbc77ebbc968572bc.jpg,416,416,2
valid,000873_JPG_jpg.rf.320fe46e4a8f7273038c9d439265e6f9.jpg,416,416,3
valid,000876_JPG_jpg.rf.c9f37f6546c90ebcc7d1c18d1b045f0f.jpg,416,416,2
valid,000877_jpg.rf.21e8f45c8339babbe4a47d5e2fc5c04f.jpg,416,416,1
valid,000881_jpg.rf.f51b2eaf4cd9f3a408aa4a49bda8702d.jpg,416,416,1
valid,000905_JPG_jpg.rf.34214a63a798b5224713df722a72ecdc.jpg,416,416,2
valid,000911_jpg.rf.7e84c1caef4e0ee3e27a939ebd052743.jpg,416,416,2
valid,000913_jpg.rf.75dd5fd2aca0d50c84733de7dec93abf.jpg,416,416,3
valid,000916_jpg.rf.e2c62d196ba766eac021c49bc7780e2c.jpg,416,416,2
valid,000917_JPG_jpg.rf.dfaf54f2702b728e0dc642fb40f30f4c.jpg,416,416,1
valid,000918_jpg.rf.2671dc3afdf0b3026a0ef1c09963a542.jpg,416,416,2
valid,000919_jpg.rf.4d17143a9131a9a9ac9179d4f057e260.jpg,416,416,1
valid,000921_JPG_jpg.rf.5c4335c2dba288c3495a87816759329e.jpg,416,416,1
valid,000927_JPG_jpg.rf.f20e433846f690ae80dc4f750af3ca43.jpg,416,416,2
valid,000930_jpg.rf.5e178fe4584eb8c35c32e07e63e76a54.jpg,416,416,1
valid,000931_jpg.rf.10845be9d30ac9cc28dfb6f98e79c4b9.jpg,416,416,1
valid,000935_JPG_jpg.rf.cf8e119ffd92782137975e898bd2a146.jpg,416,416,1
valid,000936_JPG_jpg.rf.5caff1740d40116958c2f61e76b09af7.jpg,416,416,2
valid,000939_JPG_jpg.rf.7e1ee21bb449cac641ba40be71455adc.jpg,416,416,1
valid,000939_jpg.rf.8833ad2e67c239cfc10ea9ba2e865166.jpg,416,416,2
valid,000941_jpg.rf.c2e9c98322db4910628e8155f8f074fb.jpg,416,416,2
valid,000947_jpg.rf.d73f3f8c2ca9fe79cae556394f5a753e.jpg,416,416,3
valid,000948_jpg.rf.c13a38fd10c3df06a9b8878fd0df257c.jpg,416,416,2
valid,000952_JPG_jpg.rf.90428e1f86a947e855e2b482a765c793.jpg,416,416,1
valid,000953_jpg.rf.5154086f77976b3f05bef0e2a6b5cf33.jpg,416,416,1
valid,000959_JPG_jpg.rf.2f6359d6921e833a4c769a41ea5a5f35.jpg,416,416,2
valid,000961_JPG_jpg.rf.6bcbe860c6d7172dbb20df1d4ac1f688.jpg,416,416,2
valid,000963_JPG_jpg.rf.d070485dd75af260a4d7cbc60f80a0b8.jpg,416,416,1
valid,000964_JPG_jpg.rf.5b7fe2e78a16c40785daf9c61fa3e325.jpg,416,416,1
valid,000965_JPG_jpg.rf.f30cf7d23ef0c575c1d2835f80e0c27e.jpg,416,416,1
valid,000968_jpg.rf.0dfad49ade7a30b64575f717b35a8ee6.jpg,416,416,2
valid,000969_JPG_jpg.rf.2d0df3acb668b987139a6e9f5e3675b3.jpg,416,416,1
valid,000970_jpg.rf.5ec919fb6d9aa56484d7295dc541b41f.jpg,416,416,2
valid,000974_jpg.rf.95bf6e92a0d8593cc220636d1638bfce.jpg,416,416,2
valid,000976_jpg.rf.8c873750fec07f4474c0d7f2a39fa0da.jpg,416,416,3
valid,000977_jpg.rf.5365f2798e5553edc1339622bd463d67.jpg,416,416,3
valid,000978_JPG_jpg.rf.6833bfea619b632020ad5a6dff45823d.jpg,416,416,1
valid,000982_JPG_jpg.rf.3dd252db590da0f9bd0fbe123d59dd9a.jpg,416,416,2
valid,000993_JPG_jpg.rf.eb6970c7ae88336a7693bb0bbad27552.jpg,416,416,2
valid,000996_JPG_jpg.rf.4d705f3b6d2ed49e0641ee8ac23488d4.jpg,416,416,1
valid,000999_JPG_jpg.rf.4c71b3c7cf8e7e2cd962791ac3e9f8c2.jpg,416,416,1
valid,001012_jpg.rf.3b4e47d5d0aec3c802434866e4877710.jpg,416,416,1
valid,001022_jpg.rf.db191b4ee3c77a6aec982968f3576a7d.jpg,416,416,1
valid,001024_jpg.rf.d831cb9b6a722923ac1825b963a503fd.jpg,416,416,1
valid,001027_jpg.rf.7262eacdc4c6d246c36dff2e3044f4ed.jpg,416,416,1
valid,001037_jpg.rf.5e86f794ad80f352233a450937d3a05f.jpg,416,416,1
valid,001042_jpg.rf.fcf2549721ee0aee2f434695d2d26f92.jpg,416,416,1
valid,001043_jpg.rf.64cca20d14d047ca9071e05dc9045ddf.jpg,416,416,1
valid,001046_jpg.rf.4b6711717ecf3be158ee3d051cfe0222.jpg,416,416,1
valid,001054_jpg.rf.f582147bbd7419c7088ca9fdaaf90f01.jpg,416,416,2
valid,001060_jpg.rf.960261628ec8b4805eef2149a0c8c65a.jpg,416,416,1
valid,001067_jpg.rf.1ec60ddf92fc5487383b06ca4d808c90.jpg,416,416,1
valid,001071_jpg.rf.b81f2e96fdc0fe954b082873ad6b68e7.jpg,416,416,1
valid,001079_jpg.rf.90be1e48623af11f900b5faa20ce3e87.jpg,416,416,1
valid,001080_jpg.rf.9e6cc8bd7dabec5c585e6cd2d880f9c1.jpg,416,416,1
valid,001098_jpg.rf.904ca44d0e474922d946481d96d90edc.jpg,416,416,1
valid,001207_jpg.rf.f930dbf406f382458c8e035041b56eb8.jpg,416,416,1
valid,001211_jpg.rf.5de3acec541e79472ae1a4da623b30cb.jpg,416,416,1
valid,001230_jpg.rf.4ab063279769a0f7bcc767272baa6880.jpg,416,416,1
valid,001246_jpg.rf.6251f07afc5376c9d3df89f2793b4595.jpg,416,416,1
valid,001248_jpg.rf.fc16188c8fbc8a22aac020d2b77e999a.jpg,416,416,1
valid,001254_jpg.rf.f2d5e75996f49fbee9b3159c07391026.jpg,416,416,1
valid,001255_jpg.rf.f27ae9358a8515e65bb213c448a66944.jpg,416,416,1
valid,001266_jpg.rf.dfafca814860637292f6b6188e033d97.jpg,416,416,1
valid,001272_jpg.rf.debdfb258e32db7b758bdee30191873c.jpg,416,416,1
valid,001274_jpg.rf.6a9fc06f1a42b21ec0de8a1f29454bc2.jpg,416,416,1
valid,001276_jpg.rf.7d0a2b0ddd0dafcd080a1224caa02687.jpg,416,416,1
valid,001280_jpg.rf.fe5e870377d5a46d738b7cc74cef047e.jpg,416,416,1
valid,001292_jpg.rf.ea7284402db85b04c3ed96078de1e656.jpg,416,416,1
valid,001293_jpg.rf.64453050c01d690589ddad0495650db3.jpg,416,416,1
valid,001294_jpg.rf.72eee9e568f7f611e22851ba5b2cb7e9.jpg,416,416,1
valid,001404_jpg.rf.0973ede0fcd57776627e8b1475bc1e75.jpg,416,416,1
valid,001408_jpg.rf.71e6c679185037dd4304caa0dfb82f0b.jpg,416,416,1
valid,001424_jpg.rf.668197d3c1f03905e07406b3544dab90.jpg,416,416,1
valid,001425_jpg.rf.b8c878d2dd671c0fc3c7e7cb8d023673.jpg,416,416,1
valid,001429_jpg.rf.a8e20dc093dc02eabd8744203d6f6d76.jpg,416,416,1
valid,001431_jpg.rf.7b6f89bcc8b9ee8d28a91b6ce4f235a6.jpg,416,416,1
valid,001437_jpg.rf.7803dfb91d17967267df0a35942050e9.jpg,416,416,1
valid,001448_jpg.rf.8da3e1fa618562204ba9b4a1865cbcc7.jpg,416,416,1
valid,001455_jpg.rf.4ae8619624b19a3cb929b01e5c016030.jpg,416,416,1
valid,001456_jpg.rf.ef13fb4a053f2aab757cc6919088792b.jpg,416,416,1
valid,001463_jpg.rf.b556a3edd9d5d5ec16931666af8c905e.jpg,416,416,1
valid,001487_jpg.rf.01f68e4982ea5a05893eb867578a3ec1.jpg,416,416,1
valid,001491_jpg.rf.da39dffad53ad6806de87932e3d08947.jpg,416,416,1
valid,001614_JPG_jpg.rf.eb043f7ecd671c798036d4d10f1a580d.jpg,416,416,1
valid,001617_JPG_jpg.rf.9c3419da3dc740077f63ea0e76df7dc1.jpg,416,416,1
valid,001620_JPG_jpg.rf.e754ade0e23631271b5882ae5b1db754.jpg,416,416,2
valid,001622_JPG_jpg.rf.bc19749a7cc5d5f14fdf0064fc8734fb.jpg,416,416,1
valid,001637_JPG_jpg.rf.0dc9d0f3b934bd3b2aca10b523ac3f27.jpg,416,416,1
valid,001638_JPG_jpg.rf.2a3d2a331eb8c9bf6afc868c6da103c8.jpg,416,416,1
valid,001650_JPG_jpg.rf.cc3958340011fb5bfbfb27121c9e8e79.jpg,416,416,2
valid,001658_JPG_jpg.rf.97a6a7a5ab7100597fbe17f504946c0d.jpg,416,416,1
valid,001659_JPG_jpg.rf.6b4f2c924f137a103a77ef6b6e02c8b8.jpg,416,416,1
valid,001685_JPG_jpg.rf.91a346061ab17e42bdb4292b2062d26e.jpg,416,416,2
valid,001697_JPG_jpg.rf.91af880603426aff322f2f42675333ca.jpg,416,416,1
valid,001804_JPG_jpg.rf.5db3e08f0615f5c26deeb350abd57999.jpg,416,416,1
valid,001805_JPG_jpg.rf.6be207f36b3528388ef38d83a0ecafcb.jpg,416,416,1
valid,001822_JPG_jpg.rf.10b1076c4e4871955bdffe6a66bb0963.jpg,416,416,1
valid,001832_JPG_jpg.rf.1a2ec3bbec0da319dc42aba24a93d934.jpg,416,416,2
valid,001835_JPG_jpg.rf.b77a5b24c3aa5b5f9f7e0497560cc466.jpg,416,416,3
valid,001836_JPG_jpg.rf.6b05f2d4dc6e48d0696c797bad5463f1.jpg,416,416,3
valid,001837_JPG_jpg.rf.284b7b1a01965eaf5cc5716f9d7d87a5.jpg,416,416,2
valid,001933_jpg.rf.41ff446b69e2e2a22b47708e0985fab6.jpg,416,416,1
valid,001935_jpg.rf.1128ec9bc530caddfa15079c809a1b7c.jpg,416,416,1
valid,001952_jpg.rf.cfaab7c104abc49d272d7115a44d8d0b.jpg,416,416,1
valid,001963_jpg.rf.a3d949c17965efb33078a437b1270efb.jpg,416,416,1
valid,001965_jpg.rf.ea0a174fcf2889152bd4027ecc3c429d.jpg,416,416,3
valid,001977_jpg.rf.d579fa4c0dc552eaed37c3cf155da275.jpg,416,416,1
valid,002029_jpg.rf.d2eb0a84751a83391db98987281b6861.jpg,416,416,1
valid,002189_jpg.rf.92cf19789cd4391933296b8dff7734d3.jpg,416,416,1
valid,026e3566-6f8a-41be-9f41-dd877d8dce46_jpg.rf.9c6822930200d0d4e039347c04da26b1.jpg,416,416,1
valid,0691364a-3aa2-469a-90ec-84685754c373_jpg.rf.ba1a80e8dd943bf5d37b4a2cb53dcb67.jpg,416,416,1
valid,0708c458-e992-419f-9a63-c7719ac9d769_jpg.rf.8a7079669e4857c9d632b5370e9a9411.jpg,416,416,1
valid,085599ac-31d5-4996-ba91-4e0a088f7bbc_jpg.rf.453617e085d1e8569ec090cf1912f878.jpg,416,416,1
valid,097b55bb-4589-4476-8fb6-d955050ffb7b_jpg.rf.374973afcf9595c4dd4fbe4344c032e9.jpg,416,416,1
valid,35306c24-1210-4ee8-9ed6-5b8b7d701034_jpg.rf.e428b8dcf3b87fb1f35876bb9265f949.jpg,416,416,1
valid,36bd94e8-faed-41ae-bca6-c17fb37947d2_jpg.rf.042c9886bd9fd9e9492052e058b46aee.jpg,416,416,1
valid,FisheyeCamera_1_00001_png.rf.5df47d07978ebdd368a5754fb0756a93.jpg,416,416,1
valid,FisheyeCamera_1_00002_png.rf.46595ed2d3036a48d4be9167d3867770.jpg,416,416,1
valid,FisheyeCamera_1_00002_png.rf.a6f080dfef9216126f60117e7e367ae3.jpg,416,416,1
valid,FisheyeCamera_1_00003_png.rf.5ae18de47ec2fa313833863e02504764.jpg,416,416,1
valid,FisheyeCamera_1_00004_png.rf.3d9170c7e36adb51cf1df18f15e77585.jpg,416,416,2
valid,FisheyeCamera_1_00007_png.rf.066b2a6dfa5494f6f1fd1944a5d148e5.jpg,416,416,1
valid,FisheyeCamera_1_00009_png.rf.444f540be8f12473bb40e4117a96a833.jpg,416,416,1
valid,FisheyeCamera_1_00018_png.rf.020880ddd4767d0a7f0b20ac31fc1cae.jpg,416,416,1
valid,FisheyeCamera_1_00019_png.rf.b186d768f946332ebaa6375f6682fffb.jpg,416,416,1
valid,FisheyeCamera_1_00024_png.rf.6e8449427dba9d7c378350971670e829.jpg,416,416,2
valid,FisheyeCamera_1_00024_png.rf.f21d70754155e15964a12dc85ac239b5.jpg,416,416,1
valid,FisheyeCamera_1_00025_png.rf.ed99f023dd4702cc1b4ccfdd10be6453.jpg,416,416,1
valid,FisheyeCamera_1_00040_png.rf.3cecfad4b5ce1e13131a33715cc7fb44.jpg,416,416,1
valid,FisheyeCamera_1_00045_png.rf.6691e24e22ba2088c1ad530d5416f1c7.jpg,416,416,2
valid,FisheyeCamera_1_00049_png.rf.47a2731e3973412381039d957098aa0a.jpg,416,416,1
valid,FisheyeCamera_1_00062_png.rf.85485998f636029033ad8caf40bb09b8.jpg,416,416,1
valid,FisheyeCamera_1_00071_png.rf.0c5406719a81ec89f0f619e2dd84b310.jpg,416,416,1
valid,FisheyeCamera_1_00084_png.rf.77a93ce4e838f0a63e982321fc9d3eba.jpg,416,416,1
valid,FisheyeCamera_1_00090_png.rf.45934e8b7db1097868870f3cc5c1960e.jpg,416,416,1
valid,FisheyeCamera_1_00092_png.rf.694eea4d0584c86f4a8f86dfa1848af5.jpg,416,416,1
valid,FisheyeCamera_1_00096_png.rf.0a8785942801fb0380fd532020512c80.jpg,416,416,1
valid,FisheyeCamera_1_00144_png.rf.47832f9d95f0df3ba4cd7b2180e9d994.jpg,416,416,1
valid,FisheyeCamera_1_00149_png.rf.cf7b693e1eb0f00fa03ace3af883702d.jpg,416,416,4
valid,FisheyeCamera_1_00153_png.rf.c6c493607c14516bd81fe4c71ddbfd20.jpg,416,416,1
valid,FisheyeCamera_1_00157_png.rf.376a4d13c3725b71818f9557409067bf.jpg,416,416,4
valid,FisheyeCamera_1_00185_png.rf.0b9409fb0438ec43df71bbe20ffdd88a.jpg,416,416,1
valid,FisheyeCamera_1_00188_png.rf.00f449ddefd9ae3b4e0066388d558a1f.jpg,416,416,1
valid,FisheyeCamera_1_00192_png.rf.8b76c1a5e91fd1bd129ae7a99a2cd4fc.jpg,416,416,3
valid,FisheyeCamera_1_00210_png.rf.4d971213ecb5e0c4b1fd2e884c67d93f.jpg,416,416,2
valid,FisheyeCamera_1_00211_png.rf.24505de880f58d7fdefebf4637e4fddc.jpg,416,416,3
valid,FisheyeCamera_1_00217_png.rf.52a2654765cd7c1fa0628228c93f63c6.jpg,416,416,3
valid,FisheyeCamera_1_00220_png.rf.6acc163250abe71757f269a3c59caf52.jpg,416,416,4
valid,FisheyeCamera_1_00226_png.rf.7d72b3baff7cf67a16920de5566fc362.jpg,416,416,4
valid,FisheyeCamera_1_00236_png.rf.0430c4632b606485510e1a18b73dffab.jpg,416,416,2
valid,FisheyeCamera_1_00241_png.rf.0a91cee963570ac96487635995bdb385.jpg,416,416,3
valid,FisheyeCamera_1_00261_png.rf.c0c9ac3dd888805ed70d40a9e7900e3a.jpg,416,416,1
valid,FisheyeCamera_1_00267_png.rf.e7e80a009eb99f729616d8e28eddbc50.jpg,416,416,4
valid,FisheyeCamera_1_00270_png.rf.95aa5ad31030ab9cd336ee5b10d9877e.jpg,416,416,4
valid,FisheyeCamera_1_00284_png.rf.df08994dee0c127d4b601c180cabe984.jpg,416,416,4
valid,FisheyeCamera_1_00290_png.rf.91cbdd1f1a37946759ea72fb0380bba6.jpg,416,416,4
valid,FisheyeCamera_1_00290_png.rf.f955a15de6fdd0fe95d9c5b0c4a96078.jpg,416,416,2
valid,FisheyeCamera_1_00291_png.rf.a4b3a3a346391124eddbd81e37321a9e.jpg,416,416,1
valid,FisheyeCamera_1_00309_png.rf.9baf1319c3d69171a31f0f50ebacdc0a.jpg,416,416,3
valid,FisheyeCamera_1_00336_png.rf.eb5aea9ab930ea9f3e87a30efc02e359.jpg,416,416,1
valid,FisheyeCamera_1_00352_png.rf.488fe71bd8e0ab809f08a8ae311256f8.jpg,416,416,2
valid,FisheyeCamera_1_00353_png.rf.96a72171e6556504008956c73090d00f.jpg,416,416,2
valid,FisheyeCamera_1_00357_png.rf.c5c816352921d81af208cf75b4c915e4.jpg,416,416,2
valid,FisheyeCamera_1_00372_png.rf.5b1158c4085ba678ae163b3d5b8f71fe.jpg,416,416,2
valid,FisheyeCamera_1_00376_png.rf.32e046ea9ad33944b8fb30e9c202c08c.jpg,416,416,2
valid,FisheyeCamera_1_00456_png.rf.3aaef1ecc3d40d6a2513698b42395ed5.jpg,416,416,2
valid,FisheyeCamera_1_00475_png.rf.fc8a7b86e467216b7b7355632b73582d.jpg,416,416,3
valid,FisheyeCamera_1_00478_png.rf.d5b33a2f5b481aac69c739b15ee8c7b1.jpg,416,416,2
valid,FisheyeCamera_1_00479_png.rf.a73e55627fe6a83b45c3dda469d3abb0.jpg,416,416,1
valid,FisheyeCamera_1_00492_png.rf.172b028268da5d86ef1e5bd6d6f96946.jpg,416,416,1
valid,FisheyeCamera_1_00573_png.rf.536dbba2a930dc75169d0868b51c285e.jpg,416,416,1
valid,FisheyeCamera_1_00574_png.rf.44a5bee283cef4bc1eb0a191ebcc741b.jpg,416,416,1
valid,FisheyeCamera_1_00577_png.rf.ecae9ae2cbbb487d92364389df045e6a.jpg,416,416,1
valid,FisheyeCamera_1_00583_png.rf.3751e899e29440610a820aa333ba9fb5.jpg,416,416,1
valid,FisheyeCamera_1_00605_png.rf.423e1629b3a0645c38f8555de3ad1d2b.jpg,416,416,2
valid,FisheyeCamera_1_00611_png.rf.96fb4cffdc4eab02b5466d4b04efc138.jpg,416,416,2
valid,FisheyeCamera_1_00627_png.rf.8fd73bc9f11281568f12f1e9686e317f.jpg,416,416,1
valid,FisheyeCamera_1_00955_png.rf.e8466c25cc49280269c0015071d66775.jpg,416,416,2
valid,FisheyeCamera_1_00956_png.rf.a6bcf5d05e3aad16c8e784dfd895539e.jpg,416,416,2
valid,FisheyeCamera_1_01017_png.rf.fc353386b0b8723817ec8234db7e3bef.jpg,416,416,3
valid,FisheyeCamera_1_01018_png.rf.fe4a5cf6f9e4840e68598bf4f5e13a4c.jpg,416,416,2
valid,FisheyeCamera_1_01024_png.rf.6430e340bbf84bf287d836865ed22c0a.jpg,416,416,2
valid,FisheyeCamera_1_01031_png.rf.dcb825e8a34e53ea60d82aab16af1f5c.jpg,416,416,2
valid,FisheyeCamera_1_01034_png.rf.c19f514b8219d36a51da988d9a4f02c0.jpg,416,416,1
valid,FisheyeCamera_1_01049_png.rf.d95105b7ca128e6a801239401f1d566c.jpg,416,416,3
valid,FisheyeCamera_1_01091_png.rf.3aed3583b9b66c933b0d2c0c180802d7.jpg,416,416,1
valid,FisheyeCamera_1_01094_png.rf.621bad78546f2f25f721937ec42b19dd.jpg,416,416,1
valid,FisheyeCamera_1_01104_png.rf.51251348be98b6e50dbaf1d21a484127.jpg,416,416,1
valid,FisheyeCamera_1_01143_png.rf.35e0e426451621dfbdbd575cfe5c842f.jpg,416,416,1
valid,a2e2e0d7-707f-41bf-b1bf-6660b78b6557_jpg.rf.52a4102d457bae3731363dec2527c9cb.jpg,416,416,1
valid,cff0a517-3079-4070-9dbe-bba60c243275_jpg.rf.d5dd338d929ee1dbfcafd0e0c2bfed3a.jpg,416,416,1
valid,fe70f927-cb53-477a-9466-861bbb6a5c02_jpg.rf.6e08b1c0e0b9f457efb1ef781773ff20.jpg,416,416,1
valid,road100_png.rf.553274cc204c21c71b848b8798d62ab2.jpg,416,416,1
valid,road107_png.rf.9470544fddc172eb51c93f29188ec99c.jpg,416,416,1
valid,road118_png.rf.b356abb46c029783580cd74bb9a2fcda.jpg,416,416,1
valid,road174_png.rf.548565b35058220eeaa319e0db9cec92.jpg,416,416,1
valid,road176_png.rf.bbb9ca924014ecf54c43d0813e953a37.jpg,416,416,1
valid,road188_png.rf.aecd7e99af0ece6a6fea949581febffa.jpg,416,416,1
valid,road191_png.rf.d20e2f659f768a1619960d9410d43450.jpg,416,416,1
valid,road192_png.rf.0cadcd4232196282401019f45aa2c866.jpg,416,416,1
valid,road195_png.rf.da6efe0c944836e494ef731b0c83f40e.jpg,416,416,1
valid,road246_png.rf.e0ea3c61697e875432eab5f80f8f0b77.jpg,416,416,1
valid,road247_png.rf.fcf9d60e9599271c2725b9cc16153d8b.jpg,416,416,2
valid,road24_png.rf.dffe5ca5e68e8016570446d1b29c0425.jpg,416,416,1
valid,road256_png.rf.a54afb535be31b0e370d850205e055ba.jpg,416,416,1
valid,road261_png.rf.71e63db50b7cb95a2cb75ba1af242f94.jpg,416,416,1
valid,road266_png.rf.0906098b10a96fb66679bb73fd1711fd.jpg,416,416,1
valid,road267_png.rf.d7489615b68a53184910835a1021b388.jpg,416,416,1
valid,road269_png.rf.05cbdee6ee89141498790c8dfc8c1669.jpg,416,416,1
valid,road287_png.rf.2acda1a636f9a2d377fd0581e9c681cf.jpg,416,416,2
valid,road298_png.rf.099f4cf3edaed1b1cae353a5600b55bf.jpg,416,416,1
valid,road304_png.rf.3d52824ffdc3d7c037ac893ce147edf5.jpg,416,416,1
valid,road309_png.rf.1fee73fa747be9420f83799447b3c3d3.jpg,416,416,1
valid,road311_png.rf.e8f6b32fcf8b6289a65a0fba04e72c1b.jpg,416,416,1
valid,road340_png.rf.a2b9156abc5137a8174ddd5aea55c886.jpg,416,416,1
valid,road359_png.rf.c4125f36b26194a2c30d623150bf73bf.jpg,416,416,1
valid,road366_png.rf.9af68b3a265a55ed8103fdfd32c747a1.jpg,416,416,1
valid,road368_png.rf.c8a5033d28bbdf8fbb4883d352ea119f.jpg,416,416,1
valid,road372_png.rf.5a53da1c7216669c8f444d28bd9e5cb2.jpg,416,416,1
valid,road380_png.rf.476299d7890c09e943ce02a25921b6ff.jpg,416,416,1
valid,road384_png.rf.a5f8271b52b1ddd03eafdf59f8b715e4.jpg,416,416,1
valid,road390_png.rf.32b71497f8b93c0f0d82ca38c9335aab.jpg,416,416,1
valid,road413_png.rf.025d1e85fdcb5d9c213e40e7e73cf37f.jpg,416,416,1
valid,road41_png.rf.c3f20fb36af52e4005dd1ec4d2dbda4d.jpg,416,416,1
valid,road427_png.rf.1e926023f7808a5db59353f66c0b66cd.jpg,416,416,1
valid,road42_png.rf.d39d5b24afe0f0ecb072f5d30f2ed3ff.jpg,416,416,1
valid,road430_png.rf.b61886cf2a08d1ded9f1f8ca4e8cd22c.jpg,416,416,1
valid,road432_png.rf.a0814eae5eb97c376d3ad2a64f15c846.jpg,416,416,1
valid,road434_png.rf.936605c402eb2c76a89ffe3ef3d2bf0b.jpg,416,416,1
valid,road444_png.rf.745b29643bef0ad541e091d9f244302e.jpg,416,416,1
valid,road463_png.rf.68158f7ef45c36f77d22ee2e9c23f2c9.jpg,416,416,2
valid,road480_png.rf.8273bf3f82838cfae50c5fecdf8584a8.jpg,416,416,1
valid,road483_png.rf.05f4fee89b1bfbd2d2510bea8aa6b4a4.jpg,416,416,1
valid,road484_png.rf.75d0dea5fdf29452c9efd982dc27c97e.jpg,416,416,1
valid,road495_png.rf.876a11cff70b539b5175baa155393e3f.jpg,416,416,1
valid,road500_png.rf.6613d6762ca7f4c6fde8231310cd721e.jpg,416,416,1
valid,road510_png.rf.c526c717645235b0ba526972f91dcd8c.jpg,416,416,1
valid,road532_png.rf.9bdb80d6a57e01f720029a04c86595cb.jpg,416,416,1
valid,road540_png.rf.636935f3f2ddeaa7d93a7e5b674b8ea2.jpg,416,416,1
valid,road542_png.rf.f3196c59dea3c231b3f2794e90dff066.jpg,416,416,1
valid,road550_png.rf.2f62f01a17704b05f6b6a7017c5562e7.jpg,416,416,1
valid,road551_png.rf.85136b3b7cb2a56ce38e6ac16d1d9ac0.jpg,416,416,1
valid,road559_png.rf.58fb8c230f948c4ca3f97440acb08039.jpg,416,416,1
valid,road563_png.rf.4ec89725146d3baf32e4dd8f23c36fe5.jpg,416,416,1
valid,road575_png.rf.80b2879a15d6b7f2b71059674b908a2a.jpg,416,416,1
valid,road578_png.rf.3eb33f72e25300326627e580bc51ae2b.jpg,416,416,1
valid,road57_png.rf.36dd69f2bf2bb71fae4bb5f71976de87.jpg,416,416,1
valid,road586_png.rf.cdaad9faaec0b995c0009622f1ce043b.jpg,416,416,1
valid,road599_png.rf.15463488bc8e7766638102f14ffc7607.jpg,416,416,1
valid,road5_png.rf.14d45e774c14dff080bb5d8977b83b16.jpg,416,416,1
valid,road602_png.rf.318d3ef4a1ae690772af4c7a45056e3d.jpg,416,416,1
valid,road603_png.rf.4b2cb82aa9148cfa7e68dc07c3d988d8.jpg,416,416,1
valid,road60_png.rf.6dfea2d49d7ec1afecf0e31875eaf2f2.jpg,416,416,1
valid,road610_png.rf.50187e3238a77acb998dce9518cd8eaf.jpg,416,416,1
valid,road616_png.rf.2a211ff1b4cda73ca6d1f6b03d843829.jpg,416,416,1
valid,road627_png.rf.c7b56d6b9d184e7eda577bc92098970a.jpg,416,416,1
valid,road631_png.rf.6f337ce8bb0aacca63fd35b2a31a5f8f.jpg,416,416,1
valid,road642_png.rf.25d90a69f2f25043d4816446bc06d57d.jpg,416,416,1
valid,road645_png.rf.3d5071c5268a4f68caec4068bd44a014.jpg,416,416,1
valid,road646_png.rf.b27ea018214ba317c719922ee6289f6b.jpg,416,416,1
valid,road648_png.rf.5e239f768b13f58e65f930a312bb0796.jpg,416,416,1
valid,road657_png.rf.1a24f8cf2f94528e1561fdfd877b243a.jpg,416,416,2
valid,road672_png.rf.399722f8bd34dc5991633bbbe681cc47.jpg,416,416,1
valid,road680_png.rf.f3d33f76c73e14128f5a509936280778.jpg,416,416,1
valid,road681_png.rf.8d4a24386fd5d2ab97a915adf207274b.jpg,416,416,1
valid,road683_png.rf.d7993e7e7246906107abeec65c038cad.jpg,416,416,1
valid,road695_png.rf.aa31ed894fa0b3796c4865db5e00ebac.jpg,416,416,2
valid,road700_png.rf.54fce54e96313fc80b29341cb072b2d0.jpg,416,416,2
valid,road705_png.rf.b86eaf5000139f86d67f007728db8e42.jpg,416,416,2
valid,road70_png.rf.d2ea834dc600c103a18b073faf955857.jpg,416,416,2
valid,road713_png.rf.a71744edd4c111a2115746a0abe095b4.jpg,416,416,2
valid,road71_png.rf.acca87e745ff8b06e1659b819dce3dc5.jpg,416,416,1
valid,road721_png.rf.e462aad36674c5acf4bbcdd45203bb7b.jpg,416,416,1
valid,road730_png.rf.b6fa8c5a4681f8f78bc51e5b534f4a49.jpg,416,416,2
valid,road73_png.rf.3d3e70e98db37845a47dbf47ceb49047.jpg,416,416,2
valid,road741_png.rf.8c3457e208250110c7ece81ea9a04fd8.jpg,416,416,2
valid,road748_png.rf.cbfa6537787a86729e4bc53e78b98051.jpg,416,416,2
valid,road750_png.rf.84c29f6e5a4f734c5ebfb97fa9f452cc.jpg,416,416,2
valid,road766_png.rf.0e73651f90f24c44b6a18b3406b5130f.jpg,416,416,1
valid,road769_png.rf.b448ee15665aa9198508c0007ecfff13.jpg,416,416,1
valid,road779_png.rf.c6610a0260f55516d14d4f65e4b183c0.jpg,416,416,1
valid,road785_png.rf.2e31920d3a7a5362662eadaa7fff5085.jpg,416,416,1
valid,road789_png.rf.e0563b696bba55c1e0ec034219c9b2e2.jpg,416,416,1
valid,road798_png.rf.dbeb19ed1f23a8d15e3a8728f75a20c0.jpg,416,416,1
valid,road808_png.rf.cb35c63ab76c00a0facafbbd7dac478e.jpg,416,416,1
valid,road819_png.rf.102970997e42717b71177acc1f71f554.jpg,416,416,2
valid,road820_png.rf.84c419beb4bfd13b6e9363920f97e752.jpg,416,416,1
valid,road824_png.rf.a25e009fa5ed9e89fe10f85121440e44.jpg,416,416,2
valid,road825_png.rf.edd11b214c98691900d7161d1d445086.jpg,416,416,1
valid,road843_png.rf.9c2bcff39191f514ae4ec0884ad8e688.jpg,416,416,1
valid,road845_png.rf.a17d514f4ef79850eee0d0564166493c.jpg,416,416,2
valid,road852_png.rf.b85a053093b59247888b01eb761c380e.jpg,416,416,1
valid,road860_png.rf.d24c66ff7f058688891c6d1bb19f21e9.jpg,416,416,1
valid,road863_png.rf.62da0ce2f44c3deda211894bd9772eb4.jpg,416,416,1
valid,road869_png.rf.74a8154e6d995772559b2b26ed7fe176.jpg,416,416,1
valid,road874_png.rf.bc7095218e987756e17276ed1f65c1a1.jpg,416,416,1
valid,road87_png.rf.6d646f756b97628ff1a7f19880e0ad25.jpg,416,416,1
valid,road88_png.rf.9553879003f819feb89013a78100b8fe.jpg,416,416,1
valid,road8_png.rf.46c42ca2cb0550a9319955aba6abede9.jpg,416,416,2
valid,road90_png.rf.b0b1b09616e8d2d251262445ee54557b.jpg,416,416,1
valid,road95_png.rf.58da79361bcd996af70f1cadecc0db4e.jpg,416,416,1
valid,road97_png.rf.e5ddf90a60e8f03cbaf40b8fc661b1b5.jpg,416,416,1
test,000003_jpg.rf.8511b9c219dbf9799a6d58900b15917d.jpg,416,416,1
test,000006_jpg.rf.89610ec419ccfab22f8314026b90ee26.jpg,416,416,1
test,00000_00000_00003_png.rf.d18afc3c9625ffb1974029d3e3762aee.jpg,416,416,1
test,00000_00000_00005_png.rf.ab60a274676963d378f5014e89d9e2b1.jpg,416,416,1
test,00000_00000_00006_png.rf.9d1ea68507aff6973a1dbcdc6f4422a8.jpg,416,416,1
test,00000_00000_00008_png.rf.ff305dcd6e9ceb9188937311a4a1b207.jpg,416,416,1
test,00000_00000_00013_png.rf.9076cbfc7f7811fa22547539a7e7ac02.jpg,416,416,1
test,00000_00000_00017_png.rf.6c2381a6a103a041f23159fbd44868ed.jpg,416,416,1
test,00000_00000_00021_png.rf.0803f8eb5b4566c44100cfef9d0bfa8e.jpg,416,416,1
test,00000_00000_00024_png.rf.8b21eb79678eed47df52a9ab4319bc08.jpg,416,416,1
test,00000_00001_00008_png.rf.936b0185c3b9131c96d42d60a5da1abb.jpg,416,416,1
test,00000_00001_00013_png.rf.c2367f9d1b377597b2cc3706b70fa818.jpg,416,416,1
test,00000_00001_00016_png.rf.2818a0160369aa9d2465007de479d6d3.jpg,416,416,1
test,00000_00001_00020_png.rf.4fc3ed0f124f480c5152a541fff2dbf7.jpg,416,416,1
test,00000_00001_00020_png.rf.af293e6651965d897c75935cf2084f7d.jpg,416,416,1
test,00000_00001_00021_png.rf.beb4a4004ddd09e998abac6f77de0322.jpg,416,416,1
test,00000_00002_00012_png.rf.d345a307460a0fa32e159261cffa0e88.jpg,416,416,1
test,00000_00002_00015_png.rf.9c6647dad127ad8ea26b08ef5e31f15f.jpg,416,416,1
test,00000_00002_00026_png.rf.092c69361ef48fd43b479aa48fc829d9.jpg,416,416,1
test,00000_00003_00003_png.rf.cb1242e3f504fdf75084201d1d568a93.jpg,416,416,1
test,00000_00003_00005_png.rf.91e4d86cd4241911356889c94ae3f5ee.jpg,416,416,1
test,00000_00003_00011_png.rf.7d5f2a85458f70654be03f2a2cd47c06.jpg,416,416,1
test,00000_00003_00015_png.rf.a18e8c7a509b0f5f98fe6221bac9aee4.jpg,416,416,1
test,00000_00003_00017_png.rf.cb107aac6c3f74cfb122de76625c4abc.jpg,416,416,1
test,00000_00003_00019_png.rf.d5f22619ed92e72b6d2ed7150b2db7c3.jpg,416,416,1
test,00000_00004_00027_png.rf.339c3f63582ed2785e9d0740821e561e.jpg,416,416,1
test,00000_00005_00000_png.rf.4b0a9b1409c4ee2cc880aa6e173d5e0e.jpg,416,416,1
test,00000_00005_00003_png.rf.df858754a637fecb106924e9bc47a832.jpg,416,416,1
test,00000_00005_00009_png.rf.318081408daa3bd6bd66422e94bd3dca.jpg,416,416,1
test,00000_00005_00016_png.rf.80996367c51768326648d4c53f8a1e63.jpg,416,416,1
test,00000_00005_00025_png.rf.f6c63209955abab1fc2ea39248553192.jpg,416,416,1
test,00000_00005_00027_png.rf.397ea37e7f1f7c3029ef77da37b4d73a.jpg,416,416,1
test,00000_00006_00000_png.rf.89204de3eb332a0f1dfbdbfeed2c4f19.jpg,416,416,1
test,00000_00006_00004_png.rf.f3eaa594302a3387574994936ac8af80.jpg,416,416,1
test,00000_00006_00009_png.rf.69ada07a494f34af78f9cbb977bb1fe7.jpg,416,416,1
test,00000_00006_00009_png.rf.abb45158e58a911f6eb8f4784f718205.jpg,416,416,1
test,00000_00006_00014_png.rf.c18a9a99443ea933a462c18e7d9cc035.jpg,416,416,1
test,00000_00006_00021_png.rf.ceba1690308218617be309fd8dd38971.jpg,416,416,1
test,00000_00006_00022_png.rf.8a9524bcedd0aa85d431b5314bdaf179.jpg,416,416,1
test,00000_00006_00022_png.rf.ac6d1330d86c61ae4067afdd3a258ab3.jpg,416,416,1
test,000012_jpg.rf.a2e9009c1ca91c2272045589701123f0.jpg,416,416,1
test,000015_jpg.rf.1c60d15418d0291507def26c241ed27e.jpg,416,416,1
test,00001_00006_00004_png.rf.d10a2232f001894c293a3899de728cad.jpg,416,416,1
test,00001_00006_00026_png.rf.49d271a1ad59fd8fc3022b9d27fd55e2.jpg,416,416,1
test,00001_00010_00003_png.rf.7aafa0add84d32dae0f70c72f29be839.jpg,416,416,1
test,00001_00010_00010_png.rf.0c717d1fcb47c63dc21133891c67058d.jpg,416,416,1
test,00001_00011_00006_png.rf.b3c9ed7b58e8b06312406f5fb6ecb9cd.jpg,416,416,1
test,00001_00014_00020_png.rf.dae49e781829147dd4dfd5b4812d0068.jpg,416,416,1
test,00001_00019_00006_png.rf.ba8186909430430fb44e7eea3282a96b.jpg,416,416,1
test,00001_00020_00001_png.rf.558285df18ab5e029ed28ae9b0442173.jpg,416,416,1
test,00001_00020_00009_png.rf.70d380dd904a8b782ac06daf41622bc8.jpg,416,416,1
test,00001_00021_00006_png.rf.c24e2e36491660b540a9b81687c16bc3.jpg,416,416,1
test,00001_00021_00007_png.rf.7054b7fcb56980bcabcf57e0f1cb9182.jpg,416,416,1
test,00001_00022_00001_png.rf.f68bab926df5c93b7a8baf9d168955d1.jpg,416,416,1
test,00001_00023_00007_png.rf.f20610daefe32091399ce0ee1b9799f6.jpg,416,416,1
test,00001_00025_00025_png.rf.9556a94e4da441bd05e548d86099c3c0.jpg,416,416,1
test,00001_00028_00017_png.rf.ff6c0bf1f57a58c63e706c5a59b9b55e.jpg,416,416,1
test,00001_00029_00011_png.rf.8778f18a5af227481b72a0bd897cb144.jpg,416,416,1
test,00001_00030_00008_png.rf.f42a5ab100ba2300ff2ef3273198a629.jpg,416,416,1
test,00001_00031_00011_png.rf.d92d0588e5bfd7f8ced37d558e0efd54.jpg,416,416,1
test,00001_00032_00012_png.rf.e30cf3974f41a7316dff0477b7c4c589.jpg,416,416,1
test,00001_00033_00010_png.rf.4b1b4602c3c04f4aa72ce1f952cce126.jpg,416,416,1
test,00001_00033_00013_png.rf.7df949e59990e9dabfbc631176beada9.jpg,416,416,1
test,00001_00035_00012_png.rf.ef688824fa8eae681376cbaa7708a2dd.jpg,416,416,1
test,00001_00038_00012_png.rf.769276765c04567a8afdd2300298c7cb.jpg,416,416,1
test,00001_00038_00013_png.rf.9bea2c6ade7591cafa7a3ee2d6447b63.jpg,416,416,1
test,00001_00042_00000_png.rf.ac8cef49708d26776dd018e63c08ee29.jpg,416,416,1
test,00001_00059_00004_png.rf.74b0bb0dc2200bf50c665e4b2017a9cf.jpg,416,416,1
test,00001_00060_00007_png.rf.1bf10fd8b24b215fba58ab5975968559.jpg,416,416,1
test,00001_00063_00003_png.rf.e87ae69015487ca78a229870bc3ed27f.jpg,416,416,1
test,00001_00064_00019_png.rf.135e30aa3fe9209e095eb3ff5e304ebb.jpg,416,416,1
test,00001_00065_00006_png.rf.161dc86f1aaaf56ceadeedb9920c11ec.jpg,416,416,1
test,00001_00066_00015_png.rf.e1adfeb91011dcf5d548147d1acc30eb.jpg,416,416,1
test,00001_00068_00007_png.rf.4bb41a90249c981be7a87239ef7d4288.jpg,416,416,1
test,00002_00000_00005_png.rf.6a3d73b59a12500d97c5ad071900f3e8.jpg,416,416,1
test,00002_00000_00008_png.rf.fef84220cd4e8886da3b88267904e21d.jpg,416,416,1
test,00002_00000_00016_png.rf.5c98b3aeaa1ebc1ebc1afb2b2e8d9750.jpg,416,416,1
test,00002_00004_00025_png.rf.088e01a14aec1e026c95b0b5ab8b08ec.jpg,416,416,1
test,00002_00006_00028_png.rf.70f98b1fc1d0c548e37ffe7968c81a40.jpg,416,416,1
test,00002_00007_00012_png.rf.cda4cec2b68cd6819ec43a7799d667a5.jpg,416,416,1
test,00002_00010_00029_png.rf.526a5527eafd2cdc74e872afe9fb8276.jpg,416,416,1
test,00002_00011_00028_png.rf.4b4e80fab739c206b44c9d195a2f08e0.jpg,416,416,1
test,00002_00015_00017_png.rf.81a2cb9a7cc2d150109c3af756943d8e.jpg,416,416,1
test,00002_00016_00002_png.rf.c2bf6b0c65f3f2b845d281aef33328e0.jpg,416,416,1
test,00002_00017_00020_png.rf.1a27fc5910f7ff6cd9e5ecad10609fe4.jpg,416,416,1
test,00002_00017_00026_png.rf.0e0c876d62e868e7b8bbea45c2854b90.jpg,416,416,1
test,00002_00028_00013_png.rf.4c1b88702f75ba47a05c979c6a1a24af.jpg,416,416,1
test,00002_00029_00020_png.rf.92b3fdd9df0a753fcf7dd9e098f54ca5.jpg,416,416,1
test,00002_00032_00021_png.rf.45636f29d1c772fb421d516a9741145a.jpg,416,416,1
test,00002_00057_00023_png.rf.c8c4e00edf84e93fdca59e89ca4480e8.jpg,416,416,1
test,00002_00063_00008_png.rf.42b7f6b82f752ce45b8a4128928bea6b.jpg,416,416,1
test,00002_00065_00004_png.rf.dd58840a036850f03da5f6bbdd1940d2.jpg,416,416,1
test,00002_00065_00005_png.rf.f156b51c34d4fe59f4f1981ecab62ed0.jpg,416,416,1
test,00003_00000_00008_png.rf.976bc2ecdc3e69167320fc22712ec43d.jpg,416,416,1
test,00003_00002_00016_png.rf.f31757e4e66bdf3dd7c10888f14ba7c6.jpg,416,416,1
test,00003_00002_00023_png.rf.4d47dbf061aedff7277a91be6a5bbc6b.jpg,416,416,1
test,00003_00010_00012_png.rf.992b5dc958856171d8218c027b672b12.jpg,416,416,1
test,00003_00014_00015_png.rf.4a4854b32d96279361db09f8b4d4bbcf.jpg,416,416,1
test,00003_00019_00004_png.rf.0e5e854d48614cdc5bef09b4b3085a03.jpg,416,416,1
test,00003_00026_00011_png.rf.33d98e9ee599a39d6f2b819682707a5a.jpg,416,416,1
test,00003_00026_00022_png.rf.f67190b7724f3871c19569e098d5cc02.jpg,416,416,1
test,00003_00027_00025_png.rf.4c1fd45a0b5f0f724237f83b7d47c499.jpg,416,416,1
test,00003_00034_00015_png.rf.16921ba926f31008a26ba58d2337527f.jpg,416,416,1
test,00003_00035_00028_png.rf.ee8da916ee92d6dc7e62eedaf09a79e4.jpg,416,416,1
test,00003_00036_00017_png.rf.8ac2d0085877d733785436132fdc938e.jpg,416,416,1
test,00003_00036_00028_png.rf.b1c4322c721873c9caa6ed9fd25eeb07.jpg,416,416,1
test,00003_00036_00028_png.rf.b3b837a4ff3803383e94a13fe8fc748b.jpg,416,416,1
test,00003_00038_00015_png.rf.68af73eb3c3267953582146c619d7c25.jpg,416,416,1
test,00003_00038_00026_png.rf.a69d0576816db3c4d315d0dce5b99721.jpg,416,416,1
test,00003_00040_00029_png.rf.7d37fc566ece4627cb04b2b8d32dc473.jpg,416,416,1
test,00003_00042_00029_png.rf.d0d6dd339d2be42128efbae34d3f541a.jpg,416,416,1
test,00003_00044_00003_png.rf.2b73723d27b25434c3de6ca04adbe574.jpg,416,416,1
test,00003_00044_00011_png.rf.9f723b9e228efc8339bf51faa590a58e.jpg,416,416,1
test,00003_00044_00013_png.rf.24a211df9596dccf36b448483be5f663.jpg,416,416,1
test,00003_00044_00020_png.rf.dc91d31ec81c700753fe335f3fc42cf8.jpg,416,416,1
test,00003_00045_00010_png.rf.1eb0ead62274ff3e76b12140d0f4399b.jpg,416,416,1
test,00003_00045_00019_png.rf.3120c19400c889f8dfd507e2f6f16995.jpg,416,416,1
test,00003_00046_00010_png.rf.891f75f30b9f3db0a566b63a5d08287f.jpg,416,416,1
test,000041_jpg.rf.89c814e3db33e70112e3447d54bb42c6.jpg,416,416,1
test,00004_00002_00014_png.rf.66ae4730024327a8ff79210c980a4667.jpg,416,416,1
test,00004_00003_00014_png.rf.fbd79a43c27ae3464c7be84d785ed5e2.jpg,416,416,1
test,00004_00004_00006_png.rf.779cd44893dd231e6e05b680dc9bef9a.jpg,416,416,1
test,00004_00004_00009_png.rf.fc4e5787fbeb0511656710884dc88284.jpg,416,416,1
test,00004_00006_00002_png.rf.e126eb56f28cf1c98809239babe89334.jpg,416,416,1
test,00004_00009_00021_png.rf.0f8628e061118cfeaad9228b32489e7c.jpg,416,416,1
test,00004_00010_00020_png.rf.8985cbdd62ef877bd3b91429c517b515.jpg,416,416,1
test,00004_00022_00020_png.rf.56c34e7fb6ec15747810e3706fb11e4a.jpg,416,416,1
test,00004_00030_00003_png.rf.31ed58359e92300b61de2440b5f38d1a.jpg,416,416,1
test,00004_00030_00010_png.rf.c35b9a70b784be1bcd6b28d9ac1e12f5.jpg,416,416,1
test,00004_00032_00009_png.rf.ea892d563594cad9d6d9ae8e8c9e9780.jpg,416,416,1
test,00004_00035_00005_png.rf.b222e7d3ff032a58afdfb10ad73d6911.jpg,416,416,1
test,00004_00036_00014_png.rf.de499ca97d9e6307ab9f8e859dd43336.jpg,416,416,1
test,00004_00036_00029_png.rf.f55502d5bebf262101364b930e187143.jpg,416,416,1
test,00004_00037_00007_png.rf.223e842f5027e61ac59e32979ca930d6.jpg,416,416,1
test,00004_00038_00011_png.rf.e8a8cb47ee1d09d447e63dd630056862.jpg,416,416,1
test,00004_00038_00016_png.rf.91ed21fee2978def3dd315ee735fc1c0.jpg,416,416,1
test,00004_00038_00023_png.rf.d7f850098ec568f71506f85f920d6eb3.jpg,416,416,1
test,00004_00039_00028_png.rf.b088fe4f42e92367b13ca2fe401844ac.jpg,416,416,1
test,00004_00044_00016_png.rf.21f8e05be871f651648f89b58c3f20c7.jpg,416,416,1
test,00004_00046_00013_png.rf.6c04ac5c1dc478a3d929f9f1446d90b0.jpg,416,416,1
test,00004_00049_00008_png.rf.92e7b20cb3ae99c683fc6a1a09ce836b.jpg,416,416,1
test,00004_00050_00020_png.rf.5b1bab0bf6b9284c2c1cffcbe35b12ed.jpg,416,416,1
test,00004_00052_00006_png.rf.17e668414f18071d605e3327513528de.jpg,416,416,1
test,00004_00052_00016_png.rf.bfe7cf72a069a7a4347a21a300041156.jpg,416,416,1
test,00004_00059_00010_png.rf.501920c3ea0f3537120f7b2835fcdc82.jpg,416,416,1
test,00004_00060_00021_png.rf.eb99d667b724b14132452c88d3674738.jpg,416,416,1
test,00005_00000_00019_png.rf.fb70e266857ce9ceea9b772edb452ab4.jpg,416,416,1
test,00005_00001_00016_png.rf.da02434245fde3214475aa75e6d4e2b6.jpg,416,416,1
test,00005_00003_00012_png.rf.77d9df57d17122641644da65c80d2f0e.jpg,416,416,1
test,00005_00004_00005_png.rf.53f4cde1da9ac0094d8c0d9fd968beb1.jpg,416,416,1
test,00005_00012_00025_png.rf.f8b1c97fbb9d575b38ad20cb4fc6e3b3.jpg,416,416,1
test,00005_00014_00005_png.rf.0e24dd3583d580dadb9d69e73a08e78c.jpg,416,416,1
test,00005_00014_00017_png.rf.ed92831e745be7167ec08c3f6d416b7d.jpg,416,416,1
test,00005_00016_00001_png.rf.fabe47d765e1b050e861dbb93b32167e.jpg,416,416,1
test,00005_00044_00001_png.rf.b18c5a51d57be6cfa719c741ecba5d63.jpg,416,416,1
test,00005_00056_00008_png.rf.ce009bd4c68dbecc1d8f76f80550034d.jpg,416,416,1
test,00005_00056_00012_png.rf.1125a7436050023f0b75206acb088f2a.jpg,416,416,1
test,000069_jpg.rf.24da8297fff40a7760a8751ac763b821.jpg,416,416,1
test,000076_jpg.rf.0066537c077a3d460d354c5de1fef980.jpg,416,416,1
test,000079_jpg.rf.4f001472f7893131e04b4bc151a1bbe6.jpg,416,416,1
test,00007_00002_00021_png.rf.3e8282102bcbc3465886670d060ce78f.jpg,416,416,1
test,00007_00016_00010_png.rf.06129e0dcd04b8601e57009dce36f893.jpg,416,416,1
test,00007_00024_00027_png.rf.566faa37c8dd33d7cd4145572d744276.jpg,416,416,1
test,00007_00027_00020_png.rf.1c1be801a97cd5152cb9bcceaf08f5cd.jpg,416,416,1
test,00007_00028_00022_png.rf.6c2e0f03a47cf5fa2fabb3ecec47124a.jpg,416,416,1
test,00007_00029_00014_png.rf.cc543e257165aa17476435f594aa76d1.jpg,416,416,1
test,00007_00033_00014_png.rf.73a43aaa12af693eff052e2fb710db31.jpg,416,416,1
test,00007_00040_00020_png.rf.845babcc2b4638d89980330cf6c5bcb2.jpg,416,416,1
test,00007_00040_00027_png.rf.8479c71333ccd871fbed5311de8ceaf8.jpg,416,416,1
test,00007_00041_00000_png.rf.45f1f53954863a0d12d1cd00c092939b.jpg,416,416,1
test,00007_00041_00002_png.rf.02df629489fd7c902fdbd6c1dd2f78ae.jpg,416,416,1
test,00007_00042_00000_png.rf.b6fa9ef6ce63f92b01992d4ea8d63f5a.jpg,416,416,1
test,00007_00043_00010_png.rf.b292148f880510d6254fec1a3d3bed44.jpg,416,416,1
test,000080_jpg.rf.254656b428b79e343e536f6ee51a24fc.jpg,416,416,1
test,000086_jpg.rf.b654137b1cae075367f483dd2b5bac85.jpg,416,416,1
test,00008_00003_00002_png.rf.70816dfa48b29ed84d1abcb9bb09bf70.jpg,416,416,1
test,00008_00004_00016_png.rf.3ba26e964ab9827715594ec40609937e.jpg,416,416,1
test,00008_00005_00014_png.rf.31eccab502c0a10e9e32f0718618105e.jpg,416,416,1
test,00008_00006_00026_png.rf.cb433297defc6e2a91fd89685c39f39f.jpg,416,416,1
test,00008_00007_00009_png.rf.8289199643586993b107ff888e950eab.jpg,416,416,1
test,00008_00007_00010_png.rf.d2dc382f864442f6d8551cc9f41e0bc7.jpg,416,416,1
test,00008_00009_00012_png.rf.fa47f1ade7b6ffafc8c23e106e4ec0a9.jpg,416,416,1
test,00008_00011_00006_png.rf.416887ff8fd6e24fc585ce1838c632a4.jpg,416,416,1
test,00008_00012_00022_png.rf.a76810c64a1c1a3def5cc808bb562890.jpg,416,416,1
test,00008_00014_00012_png.rf.a62ba5f792b061df92e0177a04931c7b.jpg,416,416,1
test,00008_00019_00004_png.rf.b716b893116e783e1bd33e79d972b5ae.jpg,416,416,1
test,00008_00020_00007_png.rf.956ee64b06ed8ea4354a07ebb0c979a1.jpg,416,416,1
test,00008_00020_00015_png.rf.1815b3c75c86dd9d26141470c0c8542b.jpg,416,416,1
test,00008_00034_00008_png.rf.811d6bdaab24c4e03281dd023835def5.jpg,416,416,1
test,00008_00043_00018_png.rf.cb403d912587a88325e095df6ab3f1df.jpg,416,416,1
test,00008_00045_00006_png.rf.04585cc625839dc38c94a4357ec9d19c.jpg,416,416,1
test,00008_00046_00015_png.rf.fca28beca2d7c7a733ca865755be6dbc.jpg,416,416,1
test,000091_jpg.rf.9762d3529d876b77e9d99aa8027e449c.jpg,416,416,1
test,000099_jpg.rf.cc64c31e94947e188ec07796f1f590a2.jpg,416,416,1
test,000100_jpg.rf.8948ed8c132dae637b8dde18d0c5be7b.jpg,416,416,1
test,000117_jpg.rf.c63f6b715b912a6e219500db2c4dd6fc.jpg,416,416,1
test,000121_jpg.rf.c26ea4c0be18ece889414f12976c49f2.jpg,416,416,1
test,000129_jpg.rf.549b104a7fd5f8171f046d77ca7ddae7.jpg,416,416,1
test,000130_jpg.rf.21da097324e3450bb8ab634399961e84.jpg,416,416,1
test,000132_jpg.rf.6da2ad3a8754fb97cfa5a54b1fa794dd.jpg,416,416,1
test,000145_jpg.rf.e37be0ff8c6d10e897956e8599346f71.jpg,416,416,1
test,000147_jpg.rf.bca55a14814a6d3a2554145932eb5490.jpg,416,416,1
test,00014_00001_00006_png.rf.98b02c00237d76518ece14a1bdc194e9.jpg,416,416,1
test,00014_00001_00009_png.rf.e13fd9f6dce4c523d54929047f528a21.jpg,416,416,1
test,00014_00001_00011_png.rf.3484d601f5012f5329eece492b0e69fa.jpg,416,416,1
test,00014_00001_00019_png.rf.b23da2fc3bd75fcd44441c5f1e724952.jpg,416,416,1
test,00014_00002_00029_png.rf.39fe8d27d845bd7b01172c8fe6e4f766.jpg,416,416,1
test,00014_00003_00001_png.rf.54c82cd619fe6dfe68ff0e9d0de201bd.jpg,416,416,1
test,00014_00003_00007_png.rf.4a4b5bfabfe079ec34b2bf1142a0461b.jpg,416,416,1
test,00014_00003_00009_png.rf.1e49e9f368c48bc8051b5d9f131171c3.jpg,416,416,1
test,00014_00004_00010_png.rf.d35020e5fb797eed8b025b0dca4fe434.jpg,416,416,1
test,00014_00004_00020_png.rf.e3b35f3ca153fde99af4db4a67d2a564.jpg,416,416,1
test,00014_00005_00004_png.rf.a5fc79eb6e949f3b096df8ccc70d188f.jpg,416,416,1
test,00014_00005_00025_png.rf.297d8a9543fcea575965086bb06f4890.jpg,416,416,1
test,00014_00006_00015_png.rf.5cb649de18ff690e33a86445aca080dd.jpg,416,416,1
test,00014_00007_00002_png.rf.280a89db2cae24714734ae7f443731ba.jpg,416,416,1
test,00014_00007_00006_png.rf.d3261be1ac6d7605e46470fb8e4940f4.jpg,416,416,1
test,00014_00007_00013_png.rf.bd8b36832e03b17e904c7a1a33f8937e.jpg,416,416,1
test,00014_00008_00004_png.rf.ce893afcdfcca67343de52c60d510a98.jpg,416,416,1
test,00014_00008_00013_png.rf.a9f7b30283b689f1a5808560a69c0f7c.jpg,416,416,1
test,00014_00008_00028_png.rf.41dc94b1892472b66d391791d753bb84.jpg,416,416,1
test,00014_00009_00009_png.rf.b4d1b6a8d582e147ba85747dd85cc451.jpg,416,416,1
test,00014_00009_00014_png.rf.5998ff1f31bd52e787eaa23bb04f06d2.jpg,416,416,1
test,00014_00009_00022_png.rf.c59286af8197704e8e88c3efdbf7b9d5.jpg,416,416,1
test,00014_00010_00014_png.rf.3f9712dbd32c574c45bf9dbb8517dd9f.jpg,416,416,1
test,00014_00010_00017_png.rf.10f5ad5e297030721e4521481f8ca702.jpg,416,416,1
test,00014_00011_00027_png.rf.c81a4600612fc1eb5cc21661de7ef62b.jpg,416,416,1
test,00014_00012_00028_png.rf.7e4a7979b1766d76ca5628991607b48c.jpg,416,416,1
test,00014_00013_00000_png.rf.230606f2f715a2bde5a237acafa3604b.jpg,416,416,1
test,00014_00013_00001_png.rf.e01f34bee93788d71a9ca127de49b201.jpg,416,416,1
test,00014_00013_00003_png.rf.774d46f2b5700aec9e78f1959fd3030f.jpg,416,416,1
test,00014_00022_00002_png.rf.067f3be88afec79842f718b26732c307.jpg,416,416,1
test,00014_00023_00018_png.rf.7f4df748842e9a2b90d343c5612ff812.jpg,416,416,1
test,00014_00024_00018_png.rf.1b7a484113cbc1f29d56a8f50156948a.jpg,416,416,1
test,000163_jpg.rf.55c9537881a01c071eb6c3b46008b884.jpg,416,416,1
test,000166_jpg.rf.f37d1c743a28243f0e0f2482f2a67290.jpg,416,416,1
test,000174_jpg.rf.4f68fb9dc24d6b51af78e847b1e30c10.jpg,416,416,1
test,000175_jpg.rf.3690880bd7e62c2260306322a3762cc7.jpg,416,416,1
test,000178_jpg.rf.0b4d8766b1bfcd897098e2f8b9bbe5d1.jpg,416,416,1
test,000191_jpg.rf.055356915ad47ae7e1c0ded839d6c748.jpg,416,416,1
test,000193_jpg.rf.334b364417849eb38db4d2275dc85838.jpg,416,416,1
test,000198_jpg.rf.9f156753fda46dd6fe9848a1440afd1b.jpg,416,416,1
test,000202_jpg.rf.7b9c03e897bab9b7a170deae87d31266.jpg,416,416,1
test,000204_jpg.rf.0ea9da72e384254681f268a305a35eb6.jpg,416,416,1
test,000216_jpg.rf.ba4ecb747ec69d54c3a1690dcf5f5b3a.jpg,416,416,1
test,000220_jpg.rf.07bc310baa1bbe3fe3ba7117b874ff64.jpg,416,416,1
test,000223_jpg.rf.dbc866e5b7c69cf418e6bcca0e66e50b.jpg,416,416,1
test,000231_jpg.rf.71b28020e16b2c6b5aa86d24726609c8.jpg,416,416,1
test,000238_jpg.rf.dd14162743767963400cffffaea73ac9.jpg,416,416,1
test,000239_jpg.rf.9c2470be6d2e5443f4db1ababb992587.jpg,416,416,1
test,000257_jpg.rf.6f63b8fd63b0d875247ba0e3d776bd4f.jpg,416,416,1
test,000261_jpg.rf.7c97ab6d968e742c9cc124edd2630e3c.jpg,416,416,1
test,000267_jpg.rf.45d318ba9ef48ae9327bb408eb24438e.jpg,416,416,1
test,000282_jpg.rf.26ad0708d13674c6d8cfce6f6bd40cdb.jpg,416,416,1
test,000286_jpg.rf.48a1be45c5db5656f2bacf687164c529.jpg,416,416,1
test,000287_jpg.rf.a4143ed52df9779f0f27104daf6a8762.jpg,416,416,2
test,000288_jpg.rf.2764018cfc726e02916e1739c8f35b5e.jpg,416,416,1
test,000289_jpg.rf.5bcff3507297a43a567fd64d593fd533.jpg,416,416,1
test,000295_jpg.rf.3940d624bf6e15926480dad000dd8fa4.jpg,416,416,1
test,000300_jpg.rf.5013849426466f43fb71333c9d7e208b.jpg,416,416,1
test,000336_jpg.rf.be0bfe39579236b8f1710a54065f106c.jpg,416,416,1
test,000338_jpg.rf.69f491edc3091d390af673d2da54e080.jpg,416,416,1
test,000344_jpg.rf.86a946abb84be97bc833636b8b47b779.jpg,416,416,1
test,000359_jpg.rf.767bed64e2ff0d34ec7b1db1d0e6c398.jpg,416,416,1
test,000361_jpg.rf.373518288e417cc551b309d3533c6d0f.jpg,416,416,1
test,000380_jpg.rf.7216ac7b95b9137ab398250ae08e026c.jpg,416,416,1
test,000383_jpg.rf.070efbd57b6f1e61ece84acca33ec797.jpg,416,416,1
test,000384_jpg.rf.0bd20cbc913cf806be9769b408f6e5d6.jpg,416,416,1
test,000412_jpg.rf.4201db338b39b5c120994db37fbf058f.jpg,416,416,1
test,000443_jpg.rf.a212d740b71445278e52aec90cdd3e47.jpg,416,416,1
test,000446_jpg.rf.6c9f95ad6ab51802829691fd907953e2.jpg,416,416,1
test,000464_jpg.rf.e5b8f6d9c318c1ad7e34ee049bd64988.jpg,416,416,1
test,000466_jpg.rf.f609fd155d77826a456bb83ec2fba973.jpg,416,416,1
test,000475_jpg.rf.b44fe1a1d53315f7ff81d3bea0277189.jpg,416,416,1
test,000478_jpg.rf.ea1348c002d93944315cd4db7cccc0ed.jpg,416,416,1
test,000485_jpg.rf.af7e94cba40a41c54db6ce2495de5789.jpg,416,416,1
test,000488_jpg.rf.39fb3e780926eca95137e27b755f19af.jpg,416,416,1
test,000495_jpg.rf.62cc333852734fdf12c38fb00d5a8273.jpg,416,416,1
test,000500_jpg.rf.b742528d52c611a0eb6f2d0453a3c81a.jpg,416,416,1
test,000507_jpg.rf.cef3041f8b255c4cea0070fe8e2c04e4.jpg,416,416,1
test,000512_jpg.rf.e2e180ced9b44c98c59556fef04838bd.jpg,416,416,2
test,000514_jpg.rf.b0d6f6a9a9a1c36ac223b9185a3cfed6.jpg,416,416,1
test,000534_jpg.rf.fc7a9c184c96044637a59a8abbc842d2.jpg,416,416,1
test,000558_jpg.rf.40c69cee11121c32100bc0ec9dc29849.jpg,416,416,1
test,000566_jpg.rf.85d938d7ad9b91799d8732111b98cc79.jpg,416,416,1
test,000592_jpg.rf.7264e25a590f878fcb39467d550219de.jpg,416,416,1
test,000595_jpg.rf.5b549a5e1f209899e21445383698e00d.jpg,416,416,1
test,000596_jpg.rf.eb635457db0d42d1d585000296f83145.jpg,416,416,1
test,000599_jpg.rf.87f4886233a457df94743a34ee410218.jpg,416,416,1
test,000626_jpg.rf.844a2fbefbe88499e977a640a50441c8.jpg,416,416,1
test,000629_jpg.rf.7fc79b6ca0f85116dc5588dd6869900c.jpg,416,416,1
test,000635_jpg.rf.add3c9544fc93e8ad88fcb67fbb714cb.jpg,416,416,1
test,000644_jpg.rf.e150fedf356c73b528bb6943f267e094.jpg,416,416,1
test,000649_jpg.rf.f86b7d2974091d1956dedec6e79cbf61.jpg,416,416,1
test,000652_jpg.rf.2d13be3464e928dde8d4e3a7ed638236.jpg,416,416,1
test,000654_jpg.rf.d267c50f2def671a3af6c7816a990548.jpg,416,416,1
test,000656_jpg.rf.2bfcb3a401a6cd59986f442316903cca.jpg,416,416,1
test,000658_jpg.rf.305458475fd66b31a8b2796cceb9f511.jpg,416,416,1
test,000664_jpg.rf.882fdd90b90c7f1af1fc37a7467443cf.jpg,416,416,2
test,000670_jpg.rf.9b82f265d8e858e1ac239f550bb09315.jpg,416,416,1
test,000680_jpg.rf.10f9a8b0c68fd4c3a3f991673e8be240.jpg,416,416,1
test,000684_jpg.rf.da8d58e5754b48f640c2521ce190912e.jpg,416,416,2
test,000689_jpg.rf.e7eb671b04e54cabccbc491dc3087e13.jpg,416,416,1
test,000695_jpg.rf.5433ef9bdff69bb898a98f69af622064.jpg,416,416,1
test,000700_jpg.rf.4abc8faa3c8f0970d53095fa9218cf8a.jpg,416,416,1
test,000703_jpg.rf.2999e1a86a880c30b97644b227648d36.jpg,416,416,1
test,000711_jpg.rf.0a584e00809f5da1be911472ba1f8e7b.jpg,416,416,2
test,000713_jpg.rf.ea540b12ec46dd3f2dad786ab321c3a3.jpg,416,416,1
test,000722_jpg.rf.9bee48a5dc22112fb5a705192fd54d45.jpg,416,416,1
test,000729_jpg.rf.7b1a28094ac79f94f38e0ca9d4037037.jpg,416,416,1
test,000735_jpg.rf.8927d1a7914f3b404d59d7afb8238ce4.jpg,416,416,1
test,000736_jpg.rf.228d17ea85d8e4b2f1fd5a1fec7582d9.jpg,416,416,2
test,000741_jpg.rf.48077831b42aa2a01691cd30be5da048.jpg,416,416,1
test,000753_jpg.rf.23d05489386c3399c5d26ac779015d26.jpg,416,416,1
test,000762_jpg.rf.ea6102293c9b38d9f90158f1a4cc33f7.jpg,416,416,1
test,000763_jpg.rf.6018d10dd3889ec0579a386c052fb6ff.jpg,416,416,1
test,000769_jpg.rf.1df4a76b3e7055f19fd63f71a3d4ab3f.jpg,416,416,1
test,000783_jpg.rf.0f12070feb6f7bc91c48aa93a65d2e93.jpg,416,416,1
test,000786_jpg.rf.60798d12643d9be450731115c76bd86c.jpg,416,416,1
test,000790_jpg.rf.ddb1d679830f7cafbcbec2013a6ff2fc.jpg,416,416,1
test,000792_jpg.rf.3899b0ef3229b4f18a7954698cc40c92.jpg,416,416,3
test,000797_jpg.rf.3d78d9d11140e03357ddde30e7e7e98e.jpg,416,416,1
test,000808_jpg.rf.8007590175a593bc5b4408a31ade3f3a.jpg,416,416,1
test,000809_jpg.rf.dcd99922c592f3b634ddb443bf40dce1.jpg,416,416,3
test,000811_jpg.rf.142d78a345147dc179446aa8ec1191ce.jpg,416,416,3
test,000815_jpg.rf.29afabe5f464c19bf77856ba5a90bd1e.jpg,416,416,1
test,000822_jpg.rf.63b8e6ec737487b4e7e9e2ed48754226.jpg,416,416,1
test,000825_jpg.rf.dd850d3ac847bd61179c2191ebc02b37.jpg,416,416,4
test,000831_jpg.rf.09392428bf69f0de8c937caec3590319.jpg,416,416,1
test,000833_jpg.rf.a774fb7c4620c050e43d66a0062137af.jpg,416,416,1
test,000836_jpg.rf.c262dc2f875c2d27c5358091bec7f23c.jpg,416,416,1
test,000841_jpg.rf.82ac37a263cc3771094f878f75519d3c.jpg,416,416,1
test,000854_JPG_jpg.rf.c2dbb2abedf6e49d74effc7a8945ed99.jpg,416,416,2
test,000860_jpg.rf.96ab0958df78e7af07071f6d1dd7b6e6.jpg,416,416,2
test,000866_JPG_jpg.rf.585d575b53d2e6e316c8abb2d07e4c17.jpg,416,416,1
test,000867_JPG_jpg.rf.0961b153fd2cdd7f71455ca70b9226fc.jpg,416,416,1
test,000872_JPG_jpg.rf.618811525dae8c1799c5093046e551c5.jpg,416,416,1
test,000883_JPG_jpg.rf.bcfbe7999ec1b4e660a155e0e145e234.jpg,416,416,1
test,000887_jpg.rf.307baae87436b41df5a8a47635940201.jpg,416,416,2
test,000897_JPG_jpg.rf.d8616645e7ae5a674caf3f2e17dab345.jpg,416,416,1
test,000898_JPG_jpg.rf.89de33253d01e0308735dc746aa4977f.jpg,416,416,1
test,000899_JPG_jpg.rf.44b9967b6405c6ad4f9ad7dfa2ad610d.jpg,416,416,1
test,000902_jpg.rf.f1be11af53a854bf0f07539ef71bfab7.jpg,416,416,2
test,000908_JPG_jpg.rf.d4876c6a6657b36ba6b1c1626df8123d.jpg,416,416,1
test,000922_JPG_jpg.rf.143f5b1a97d934ec4a71114055fa5a0b.jpg,416,416,1
test,000923_JPG_jpg.rf.f4e893778e08329a2b43abaef002f29e.jpg,416,416,1
test,000934_JPG_jpg.rf.81031f117e2b4ac8b19c0cbe3bdd1d99.jpg,416,416,2
test,000935_jpg.rf.a73778e8e15369b4706431ac25671fb4.jpg,416,416,2
test,000936_jpg.rf.66c50dea6603f9ecc83f8b79c88a2f54.jpg,416,416,2
test,000938_JPG_jpg.rf.bf51e9c0b4a1d133c3e73bf56c2d2062.jpg,416,416,1
test,000941_JPG_jpg.rf.9afc696caf8c7db27bf2134dd5660a27.jpg,416,416,2
test,000944_JPG_jpg.rf.a0b81118199b4d11ccb859c15d0cb1f6.jpg,416,416,4
test,000945_JPG_jpg.rf.ad79e318355923e68a10f1678fe9b6bf.jpg,416,416,4
test,000946_JPG_jpg.rf.d747fd05b21ff8ac85c05629986ae344.jpg,416,416,2
test,000946_jpg.rf.18bf1b977f56cc49545942b86ac7c739.jpg,416,416,2
test,000949_JPG_jpg.rf.dffe53a303ce089bd4001a13de0cc7bd.jpg,416,416,1
test,000954_JPG_jpg.rf.2633035aaeb19e6f2005bf2f8f5d3ebd.jpg,416,416,1
test,000959_jpg.rf.5bf1b1614cead2ae3ed908c0373143c1.jpg,416,416,2
test,000961_jpg.rf.805df5d6f453caa3c1fa8a87893ec991.jpg,416,416,2
test,000966_JPG_jpg.rf.87fa55fbebc4989000b890b88765c712.jpg,416,416,1
test,000967_jpg.rf.c03a4af67b2c09d534327ef7de40de4c.jpg,416,416,2
test,000983_JPG_jpg.rf.435a52389bec50fc37b8d83dc287f3ed.jpg,416,416,2
test,000985_JPG_jpg.rf.858faffcae4167e233b829d2f744f34f.jpg,416,416,1
test,000989_JPG_jpg.rf.190d2ec887677882e3d1c869a542aa26.jpg,416,416,2
test,000994_jpg.rf.a4d87f8cd54a7a19e0081461e279a335.jpg,416,416,1
test,001000_jpg.rf.55d2c5392c587e099e386a6406bff14f.jpg,416,416,1
test,001004_jpg.rf.b5403b891cecfc5231ff9ef14b3534ae.jpg,416,416,1
test,001014_jpg.rf.b5f73c9eb6dc1a27fd9ec0323fb5d210.jpg,416,416,1
test,001019_jpg.rf.c53eaf43c583c2bdb0f57c91179329f9.jpg,416,416,2
test,001023_jpg.rf.f7de58bb03c2e2a346432baa358b4c3e.jpg,416,416,1
test,001028_jpg.rf.7a77036407cf037c2415b436fde7826b.jpg,416,416,1
test,001031_jpg.rf.2b5fd42d6b8a7d445183a468803e57b9.jpg,416,416,1
test,001035_jpg.rf.8bb44e874531b88eb7bdff9082c78a43.jpg,416,416,1
test,001049_jpg.rf.e527b2a1edfb88b1fbfb9542d33a9a27.jpg,416,416,2
test,001051_jpg.rf.bb8152d7d7c35ed73bfc9239185f9087.jpg,416,416,3
test,001057_jpg.rf.0d8f858b7a9c12830691348e2ae306af.jpg,416,416,1
test,001059_jpg.rf.2b325fd15e28d0c622610dea63c2c12f.jpg,416,416,1
test,001066_jpg.rf.c55d7313f5d62858191ae315c7fada73.jpg,416,416,2
test,001068_jpg.rf.371ec28b0d2bbbd16c8a645be41f5a76.jpg,416,416,2
test,001082_jpg.rf.6b7fc1c9648c1a3494a137ffa3664be1.jpg,416,416,1
test,001089_jpg.rf.004c591c5855cf05e2198a5e21c8ab56.jpg,416,416,1
test,001097_jpg.rf.76b13f1ce839d7102e9a683f6959a3e6.jpg,416,416,1
test,001214_jpg.rf.85dbeddc5609d79293b1f979131a9f35.jpg,416,416,1
test,001223_jpg.rf.cd973e1db0f78ec16c70d7af43fc4511.jpg,416,416,1
test,001228_jpg.rf.f4f7bc0b74a46e26c75aed78c39b41e5.jpg,416,416,1
test,001229_jpg.rf.3174ec6dbfe9e8ee6ab16906d969ae8d.jpg,416,416,1
test,001247_jpg.rf.986fd924de123c95a8e6bbcc765d4c10.jpg,416,416,1
test,001250_jpg.rf.157a04c81cbb47009538b4880d0004c9.jpg,416,416,1
test,001256_jpg.rf.204fbb92b5dc59d697bf04b2682485e2.jpg,416,416,1
test,001259_jpg.rf.b55c7e7dacc1e607f8e69b2a5cc36568.jpg,416,416,1
test,001261_jpg.rf.7b5bf5841b26d8966d6081fbc704dbf7.jpg,416,416,1
test,001277_jpg.rf.03beffa81aa901c8462dfe1681a202f4.jpg,416,416,1
test,001281_jpg.rf.b8a22407e4c52a0704d45a8b32965f9b.jpg,416,416,1
test,001289_jpg.rf.2b57939adb36b165f0eef0a3de68e1ec.jpg,416,416,1
test,001290_jpg.rf.d3a396f3ea066c80a6e76a48dcf798a2.jpg,416,416,1
test,001291_jpg.rf.c0ea8c600fa9219527f23947a8f0e7ec.jpg,416,416,1
test,001295_jpg.rf.449090465a44f9f98a47e1141f3a8f38.jpg,416,416,1
test,001407_jpg.rf.70ca057de423bef18930dd5f47b975d7.jpg,416,416,1
test,001409_jpg.rf.03a314500608050ad90ed1c849fb18db.jpg,416,416,1
test,001427_jpg.rf.fe832db13f19311c2eda0b6e83878ec5.jpg,416,416,1
test,001432_jpg.rf.5d8fff00f092a9bcb15a018a3edb186b.jpg,416,416,1
test,001436_jpg.rf.cc8f571352da66682260166ac2086168.jpg,416,416,1
test,001449_jpg.rf.4b8f2718b90c8c6cf89ccf753d5b575a.jpg,416,416,2
test,001462_jpg.rf.590c8b4c74096f768de4433951995545.jpg,416,416,1
test,001465_jpg.rf.82e271056e453a4f123033b7db486d63.jpg,416,416,5
test,001472_jpg.rf.38654b39e5bc13159c16952df2ba2dc0.jpg,416,416,1
test,001477_jpg.rf.170667884b322b9985bcd6a054a0d6be.jpg,416,416,1
test,001478_jpg.rf.b4a8c8adb59b1bfeb056f275a7e9c785.jpg,416,416,1
test,001479_jpg.rf.61b4e3eab9b3daa20c770dafec663c97.jpg,416,416,1
test,001482_jpg.rf.c040f508e60b3a870f5f5fc8b9b017d2.jpg,416,416,1
test,001484_jpg.rf.6b44f8da037b210cdbe0663683d7274e.jpg,416,416,1
test,001494_jpg.rf.4db0ef3199baad5258c353573bffed4a.jpg,416,416,1
test,001603_JPG_jpg.rf.d7ff42753708b2cd74195e8e463d3e2c.jpg,416,416,1
test,001606_JPG_jpg.rf.acbfc805c9e8ea9791185014645390c2.jpg,416,416,2
test,001607_JPG_jpg.rf.a6dcbc5ecd7c2ef807a4bce512a054a0.jpg,416,416,1
test,001608_JPG_jpg.rf.7d48153578ad316231c6c992263ac497.jpg,416,416,1
test,001619_JPG_jpg.rf.1640a48f199bbe32ee72dc83a24e1521.jpg,416,416,1
test,001623_JPG_jpg.rf.8777c38ac6d8aebbc4c5524393a8ce83.jpg,416,416,1
test,001624_JPG_jpg.rf.a3a7ed1ca4bdc41789b882fe5d7e3e94.jpg,416,416,1
test,001631_JPG_jpg.rf.18c57a703b3f30d8e2b21868d3657b5d.jpg,416,416,1
test,001642_JPG_jpg.rf.1501f63859c8183e7b273ed3f677bb80.jpg,416,416,1
test,001643_JPG_jpg.rf.bb0dd8813a6c24f91a4e04962aaa7f31.jpg,416,416,1
test,001654_JPG_jpg.rf.e26100131533da63b018a72fab6586e3.jpg,416,416,1
test,001656_JPG_jpg.rf.193bed9f1b03b8c4d46254c930216604.jpg,416,416,1
test,001660_JPG_jpg.rf.41a9573c77f81a1dc9e669467db98386.jpg,416,416,1
test,001662_JPG_jpg.rf.97c2b266f1a788361d25be2305f03736.jpg,416,416,1
test,001693_JPG_jpg.rf.9c74f3077d05257d04e7a58a48642fe0.jpg,416,416,1
test,001700_JPG_jpg.rf.4f29277e7dfa7365978e572fe9f9eee3.jpg,416,416,1
test,001813_JPG_jpg.rf.2a732d7bc29b893c586a2bebea876f72.jpg,416,416,1
test,001826_JPG_jpg.rf.a805482f1c979ccfd35e378a2d5d78a6.jpg,416,416,2
test,001830_JPG_jpg.rf.80271bce54a1933c1c80ae661932ee2f.jpg,416,416,2
test,001833_JPG_jpg.rf.b6092f0bd597484bb9c205017e5c389f.jpg,416,416,1
test,001857_JPG_jpg.rf.d447fe7f6ff27a88a5e983e0b5f2a821.jpg,416,416,1
test,001860_JPG_jpg.rf.6e8d22dbd246ecfaf521fbb30ff5e2fe.jpg,416,416,1
test,001918_jpg.rf.cf4263574ace70aef2c9045b9cde5a85.jpg,416,416,1
test,001982_jpg.rf.6d24adf886f0c39c03910738d4ecc170.jpg,416,416,1
test,001996_jpg.rf.e04928f5210adad4b15f5a851c83b514.jpg,416,416,1
test,002188_jpg.rf.0c0627398b64450d4f392c77290207fe.jpg,416,416,1
test,0023f366-a173-4ba7-952c-63f5698c022d_jpg.rf.9edd5a29eae0884e275e51ee445d1a10.jpg,416,416,1
test,0230d0a6-0eac-4bf1-bc0c-560f18ad7415_jpg.rf.48f1963e9fbe5a6b0179b33762a2eb65.jpg,416,416,1
test,0313fdea-c8b1-458b-adac-adcb4aac3622_jpg.rf.78780f33ec642080187f26937e8005be.jpg,416,416,1
test,0590a57d-491c-4322-b287-594d5511e79b_jpg.rf.654f0a4f98fad473e55cc437d1c9d902.jpg,416,416,1
test,0629fae7-2357-4fa2-a599-750358cf7e2e_jpg.rf.363911291d5f6f7fe0e031331fd7e4e9.jpg,416,416,1
test,080e28db-6b07-4f03-a3c3-0803f43cc2ea_jpg.rf.8db090c85fe85dbff2c2f30a30efb0e1.jpg,416,416,1
test,0866866d-298d-4bff-afa0-6456ad7fd807_jpg.rf.3bcf97c79a92aac15ad03419bbadf199.jpg,416,416,1
test,08724eba-901b-4e19-883d-1cc236532391_jpg.rf.58818e500202bb38a13268b4cd2c4f4a.jpg,416,416,1
test,09282467-3e63-4506-9252-a0fd5b913deb_jpg.rf.7c3a79616a712d7b1f231bc9108d8db7.jpg,416,416,1
test,098904b8-c355-46e6-b644-52387480db96_jpg.rf.ed1b718605fa48e5c0cfbc438da6d050.jpg,416,416,1
test,10a18f3d-79d7-447f-ab9e-6de78b09477f_jpg.rf.8ce6805731f28537f453028a8d5a4885.jpg,416,416,1
test,1141c383-3413-40a0-a550-7253129d4a4a_jpg.rf.5d2d3eba0b2dbca166bc5c51fe7e607d.jpg,416,416,1
test,182a7c98-60cb-46a4-a89b-ad3500515c3a_jpg.rf.2a5a1477064c1cd7dbe34e2e9a982a9e.jpg,416,416,1
test,2257b962-595c-43ae-8f0d-575f1b55beb8_jpg.rf.d8ba84a72e00584f12f54d3cf03c8dc0.jpg,416,416,1
test,24085f02-5dde-4b59-ad8e-887935bd08e1_jpg.rf.d216c61af0d1adf927b98f242a4fe85f.jpg,416,416,1
test,27beeb65-e6ea-4c4a-9dea-597500f26e7f_jpg.rf.29ca4c588d77178889b70d59993eb0ff.jpg,416,416,1
test,643854b9-b9d9-4b74-99fb-830fde4a0b74_jpg.rf.4d252deec56db095b1acab7c1c0f1bdc.jpg,416,416,1
test,FisheyeCamera_1_00000_png.rf.51e7c2d131818f5ac51613cb3d152380.jpg,416,416,1
test,FisheyeCamera_1_00005_png.rf.2c3a5ef517c817ce7872439ac76a7c08.jpg,416,416,2
test,FisheyeCamera_1_00012_png.rf.72d6e678caad674f4fe8c948471cf743.jpg,416,416,2
test,FisheyeCamera_1_00018_png.rf.765c48e66c9a0a7d70f6e4b0af00494c.jpg,416,416,2
test,FisheyeCamera_1_00021_png.rf.703e3c27438f8fe990ef8ffbd48f2b51.jpg,416,416,2
test,FisheyeCamera_1_00022_png.rf.783465f75a2393c7aaa0ec3c3cd3ed4d.jpg,416,416,1
test,FisheyeCamera_1_00023_png.rf.cd1aa333b9e78ad2f7b2de3c154e7429.jpg,416,416,2
test,FisheyeCamera_1_00027_png.rf.dfb965799faeb1514f927e69c5ec0fd2.jpg,416,416,1
test,FisheyeCamera_1_00028_png.rf.f6f0a58dd52d1cf0fe75c8496a37b067.jpg,416,416,1
test,FisheyeCamera_1_00036_png.rf.a4fcf0fd896e50b389c7a93fae4d3a07.jpg,416,416,1
test,FisheyeCamera_1_00041_png.rf.402d963ad90df5846463e66a301debd3.jpg,416,416,1
test,FisheyeCamera_1_00089_png.rf.3a437fe3f7f2a546183b5ef50bf92eab.jpg,416,416,3
test,FisheyeCamera_1_00095_png.rf.7339640275f9c4483536f89fb2c815e0.jpg,416,416,1
test,FisheyeCamera_1_00097_png.rf.fb72097a4038b905024bea71b14c1434.jpg,416,416,2
test,FisheyeCamera_1_00098_png.rf.937d582ee38fb9c9007c37c872df3176.jpg,416,416,2
test,FisheyeCamera_1_00100_png.rf.683a106328c4647fb8dcd00c1c2af90f.jpg,416,416,1
test,FisheyeCamera_1_00104_png.rf.4b7fdfa8ad94152180492a204dfd629d.jpg,416,416,1
test,FisheyeCamera_1_00142_png.rf.def6aeee07cff082ea33cd3d659e7024.jpg,416,416,2
test,FisheyeCamera_1_00150_png.rf.59de5a3cfa738990cf21ba7d18b79444.jpg,416,416,1
test,FisheyeCamera_1_00151_png.rf.ff1355b3e842019c0228380552ea0c2c.jpg,416,416,1
test,FisheyeCamera_1_00153_png.rf.19444df592470cf02432f62dfd784f12.jpg,416,416,2
test,FisheyeCamera_1_00154_png.rf.be661e0bba8aead34dbcded1d4e5b260.jpg,416,416,2
test,FisheyeCamera_1_00194_png.rf.21c8dbe947c18776eaab4e5caec1585b.jpg,416,416,3
test,FisheyeCamera_1_00195_png.rf.c958e21bb68e76adac7817623d7c1f75.jpg,416,416,2
test,FisheyeCamera_1_00202_png.rf.ee30ccd577d5cfc9c2f6c16edaeacdf2.jpg,416,416,2
test,FisheyeCamera_1_00204_png.rf.19edfa32d48b66e0365f54c7325dcbd4.jpg,416,416,2
test,FisheyeCamera_1_00211_png.rf.4d937346689834589353be2d154dc924.jpg,416,416,2
test,FisheyeCamera_1_00230_png.rf.0abfb32b639a38aefee3263df7d3733e.jpg,416,416,2
test,FisheyeCamera_1_00230_png.rf.de641278e85b0675e5c4ec40b2fdf74f.jpg,416,416,4
test,FisheyeCamera_1_00239_png.rf.d6a3e883bbb92412f2642432771f2d09.jpg,416,416,3
test,FisheyeCamera_1_00257_png.rf.fd48c32db227dac063bcd71340f4f334.jpg,416,416,3
test,FisheyeCamera_1_00282_png.rf.8432bcb7705139cd0bcd1421987aaff7.jpg,416,416,4
test,FisheyeCamera_1_00283_png.rf.e88cf39eb00a52dfcceb2fcfddf89260.jpg,416,416,4
test,FisheyeCamera_1_00285_png.rf.cbc33d5d21aad4b5d0d195479cb4f9ef.jpg,416,416,4
test,FisheyeCamera_1_00298_png.rf.a4bc4257abfe5a5f97a7ab4671d5a682.jpg,416,416,3
test,FisheyeCamera_1_00302_png.rf.89395bab7d8fb4a6da3324a58b3497cd.jpg,416,416,3
test,FisheyeCamera_1_00314_png.rf.f10aa9e570183b2892515007c415b9cf.jpg,416,416,2
test,FisheyeCamera_1_00315_png.rf.14c625eca5ff0f371a2459cb470b6dd5.jpg,416,416,1
test,FisheyeCamera_1_00351_png.rf.0c9f77a62c69eb9b4b91da5b1454eda5.jpg,416,416,2
test,FisheyeCamera_1_00364_png.rf.a9a2ae260182758dd32759d27a3f08ae.jpg,416,416,2
test,FisheyeCamera_1_00382_png.rf.da9f23f9bb25ab0a204cb881a5ccf798.jpg,416,416,1
test,FisheyeCamera_1_00454_png.rf.69544c267e97e6de7d8ff36d70f8a8f6.jpg,416,416,3
test,FisheyeCamera_1_00471_png.rf.eb0a04fb4ec3ae41bf4b96e27bd5d26d.jpg,416,416,2
test,FisheyeCamera_1_00476_png.rf.9039468fbc1dab58476b697e479807f8.jpg,416,416,1
test,FisheyeCamera_1_00479_png.rf.f7e77b725ba1e70b5dc8b0697e0b1f92.jpg,416,416,2
test,FisheyeCamera_1_00480_png.rf.ff94615495e0c4eb7cd3a1cfce3cf2cd.jpg,416,416,2
test,FisheyeCamera_1_00509_png.rf.a4fdcf5053bc422a3b30b4cef69e5ea6.jpg,416,416,1
test,FisheyeCamera_1_00587_png.rf.8f637c2480c931d014f8cc2877541abd.jpg,416,416,1
test,FisheyeCamera_1_00594_png.rf.dc0e60f4633360af03461b14c31a1454.jpg,416,416,2
test,FisheyeCamera_1_00600_png.rf.99bc40dcb86cb45b4425a2604dd3cd8d.jpg,416,416,1
test,FisheyeCamera_1_00604_png.rf.fd483074d74e8bee0d71bb87e77ab3ef.jpg,416,416,2
test,FisheyeCamera_1_00615_png.rf.6b8b9a4df61e83d15119053ea613f434.jpg,416,416,1
test,FisheyeCamera_1_00631_png.rf.ef7fde7123c71d075628496a468eb1df.jpg,416,416,1
test,FisheyeCamera_1_00922_png.rf.408835a278b9c700eb1a2f358ca58d07.jpg,416,416,0
test,FisheyeCamera_1_01013_png.rf.9464970b75fa02363baae3c682e99f39.jpg,416,416,2
test,FisheyeCamera_1_01026_png.rf.dfb591570ded3c052e6641cb4f2d80c1.jpg,416,416,2
test,FisheyeCamera_1_01037_png.rf.870a2a09f0f8cb2a0b5f4a4a3b3ccadc.jpg,416,416,2
test,FisheyeCamera_1_01082_png.rf.da2e5bebfb023e66aacd368902a130ef.jpg,416,416,1
test,FisheyeCamera_1_01086_png.rf.dd1b44b6d6e2e2da3f3f6ab8f823bc01.jpg,416,416,1
test,FisheyeCamera_1_01090_png.rf.663e34306a969d1e2d3f1ca290e1ddd7.jpg,416,416,1
test,FisheyeCamera_1_01098_png.rf.e141b30ac0a11cc0c857435f655656fc.jpg,416,416,1
test,FisheyeCamera_1_01099_png.rf.d3e2606bc19452ecaec7548723f05a0b.jpg,416,416,1
test,FisheyeCamera_1_01104_png.rf.1c0a4fa66929930288c5ff6e293ca501.jpg,416,416,1
test,FisheyeCamera_1_01147_png.rf.4b377ccbafe830dd921c6b606ab4f94a.jpg,416,416,1
test,b413caec-028d-48e6-922b-fc63db1b7ebb_jpg.rf.259a6b31980f35168c8ec00a5e80c263.jpg,416,416,1
test,road104_png.rf.4468adcd7c2dcfc04377146de785c0a6.jpg,416,416,1
test,road108_png.rf.9655ebb7a27af56ab1d0360d10685ec8.jpg,416,416,1
test,road109_png.rf.c7fd39b9ac59c325ec73dc6b5ece99fd.jpg,416,416,1
test,road112_png.rf.b765c2b5d3a2145d317b0ceadfb08464.jpg,416,416,1
test,road11_png.rf.40b76142a629faa238c042bcb209cc27.jpg,416,416,2
test,road157_png.rf.e48c88408b366592b950018ee5d6426d.jpg,416,416,1
test,road16_png.rf.9aba07c7ac70aab405028e7e8a750fb7.jpg,416,416,2
test,road196_png.rf.6aa5da1b76ad6487d317d27963cc00d1.jpg,416,416,1
test,road19_png.rf.05e1657af2361aab3c4d5deb43b29087.jpg,416,416,1
test,road243_png.rf.555053220adbac3849def1e4105008fd.jpg,416,416,2
test,road254_png.rf.5ed92d428851755882973a8e28944076.jpg,416,416,1
test,road260_png.rf.47ad1e33078da07b4bf3b0e5712c926d.jpg,416,416,1
test,road277_png.rf.3f53c2534447d823337f731b63c65c75.jpg,416,416,1
test,road286_png.rf.702db0cc9906e626d838a77a4e79244d.jpg,416,416,1
test,road288_png.rf.db64fffa70c02e58aabcbb10e3a19798.jpg,416,416,1
test,road289_png.rf.ba6012fe8a27d9f53d8d66bb29db5ad8.jpg,416,416,1
test,road28_png.rf.d0de3563c76ae8b60ecdaf41757d472b.jpg,416,416,1
test,road305_png.rf.f807df671677244a7387d2ffbe200f58.jpg,416,416,1
test,road312_png.rf.ad2229fb2f7e136d7747b9568f121af4.jpg,416,416,1
test,road314_png.rf.697a2d138347ee6ee2da288b2ffe8e9d.jpg,416,416,2
test,road320_png.rf.65f55afb9e0eb549cb01be72786c8b42.jpg,416,416,1
test,road321_png.rf.f9c13308da074b8ee78f43f6c7ea54f3.jpg,416,416,2
test,road322_png.rf.6028574359019d435c66689704d0418f.jpg,416,416,1
test,road323_png.rf.b843dd95b3d22917710ac75cca4a57b0.jpg,416,416,1
test,road339_png.rf.a176f5700f7182473dd4c3a268ebcbbd.jpg,416,416,1
test,road351_png.rf.917ea4e951348855c275b66bb4d890ad.jpg,416,416,1
test,road353_png.rf.deb497f4908212e3409c887fbb0544df.jpg,416,416,1
test,road355_png.rf.c43f3ac674a10af91051d8cb228747ad.jpg,416,416,1
test,road362_png.rf.765355e68b8097399c60024a6f28840c.jpg,416,416,1
test,road367_png.rf.68facda4326805592fce6d2bfb2dba6c.jpg,416,416,1
test,road388_png.rf.cc49d1d1343172eaa95da35bf070a7d3.jpg,416,416,1
test,road38_png.rf.8b6e15b041aab397eb10b38728fa1e15.jpg,416,416,1
test,road393_png.rf.4fe43a89433923b9841d1435d98c4aae.jpg,416,416,1
test,road397_png.rf.64b46468e2e241a3cb5dbce555894da3.jpg,416,416,1
test,road400_png.rf.03186a0125d7e8f9ccbad9322201c91a.jpg,416,416,1
test,road402_png.rf.8b57601c39d08578c3fba71d26f6dd1a.jpg,416,416,1
test,road412_png.rf.f3dc3c3dcb2d0a679c190b33c3a3178b.jpg,416,416,1
test,road420_png.rf.4db7dbd13a7b9c37ddddb7df9adf0834.jpg,416,416,1
test,road421_png.rf.cd6d5f5724ac207f49f64d2ecc32f9f6.jpg,416,416,1
test,road422_png.rf.9b9d58bbb154a5b030ff2addac608ef8.jpg,416,416,1
test,road431_png.rf.4cf451707a1af9d139094513881b7654.jpg,416,416,1
test,road439_png.rf.3a8f1ca30bf60d80f05733e8d83212d9.jpg,416,416,1
test,road43_png.rf.c576096fc5f0b00379321f94ddffcbc6.jpg,416,416,10
test,road446_png.rf.f38afaa2d572c8426b05a88bdb4a5d3d.jpg,416,416,1
test,road450_png.rf.4066ba8e8ac659692b69cbcf144c575f.jpg,416,416,1
test,road453_png.rf.2ac6332c02e34b01f38bd0daf2dee199.jpg,416,416,1
test,road459_png.rf.90e8843192d53e6f83e48ef5a09736a3.jpg,416,416,1
test,road45_png.rf.de2883de8bdeb35347f7dfbd23b1916c.jpg,416,416,1
test,road466_png.rf.d57ae6325b53f1b11ebb16fbfefd48e0.jpg,416,416,2
test,road470_png.rf.7670afafae0b681bed4d7bd1ce2f1775.jpg,416,416,1
test,road485_png.rf.27b8f614cd9acbfc022c4c40b8707cbf.jpg,416,416,1
test,road487_png.rf.dc7045b0bb497d4a44959dc9f8466232.jpg,416,416,1
test,road488_png.rf.d96ab5854f2c6a2137b4005752cadeec.jpg,416,416,1
test,road490_png.rf.464f4426af72921b633d86c047b4eb7a.jpg,416,416,1
test,road491_png.rf.878b3a369b2f57b3edeb679ff3e03c23.jpg,416,416,1
test,road506_png.rf.7a13ac3369dd9c4a13997267c82b32a6.jpg,416,416,1
test,road519_png.rf.aa9e93bebe13bca1fd49aa4b08f47354.jpg,416,416,1
test,road51_png.rf.049d6ceefd959818a9f59c81f8d1387a.jpg,416,416,1
test,road520_png.rf.937374420bcb13bddc7b27ad6128d860.jpg,416,416,1
test,road554_png.rf.534262cf45c8f7f6ad9e709bfa74bd81.jpg,416,416,1
test,road573_png.rf.692497fab5c04bfffa1d5f4b2b285213.jpg,416,416,1
test,road574_png.rf.e9300ee48cadd50aff3821e5d303d293.jpg,416,416,1
test,road576_png.rf.f46db39f9f64118df1377c6196897c25.jpg,416,416,1
test,road582_png.rf.930fbae49546d10b46e1f533c4e0a291.jpg,416,416,1
test,road585_png.rf.9f55a59547b49a85d4b9012e0f24859c.jpg,416,416,1
test,road587_png.rf.a53ec0d32057731c117123acb2f3b4e1.jpg,416,416,1
test,road596_png.rf.11f43967e3d8f54a7c94b5810f527f23.jpg,416,416,1
test,road59_png.rf.f43173a745a9712aebbbc8f919e0fff6.jpg,416,416,1
test,road604_png.rf.78092f95d0c775d7e2b266dee85e6c5d.jpg,416,416,1
test,road613_png.rf.560c13a685d02ca31a65b6b2b172772a.jpg,416,416,1
test,road619_png.rf.afe775af026ad763791eed33be445f64.jpg,416,416,1
test,road629_png.rf.79a049eae4f765c580544c533220d5f5.jpg,416,416,1
test,road62_png.rf.b3288434b3cf3e2b6d2f057c1f5a0502.jpg,416,416,1
test,road633_png.rf.282d128c502ba602126742a5064cd054.jpg,416,416,1
test,road639_png.rf.74306332af06fee257b44f5dd9ae02fb.jpg,416,416,2
test,road640_png.rf.d095777d03f03f86a0b6b1f5b32dfdd5.jpg,416,416,2
test,road64_png.rf.bf315b45291d211d2e01926d50ddfddf.jpg,416,416,1
test,road650_png.rf.b4086d2eec2b5bfe4465ae484a3b762f.jpg,416,416,1
test,road652_png.rf.e82e3cfaed8d2378962fd6c1380f5d02.jpg,416,416,2
test,road653_png.rf.a69e562a3dab509d536c1f6d7689c4de.jpg,416,416,2
test,road654_png.rf.dccac1ff09c216df1ecd3c90e1d3923b.jpg,416,416,2
test,road655_png.rf.ff15054285f0f0f70cd01a48ab24b450.jpg,416,416,2
test,road65_png.rf.35a17912d8a5df128c238eff97db75eb.jpg,416,416,1
test,road661_png.rf.9b3a953ded6512ace828850f97be4472.jpg,416,416,1
test,road666_png.rf.7d914d9d62e7d0fcc23d5bce18bb5d3c.jpg,416,416,1
test,road673_png.rf.4180f0a6afa7416d52c729d8b9305d75.jpg,416,416,1
test,road691_png.rf.3ca3931933e5623e51596577124c3447.jpg,416,416,2
test,road692_png.rf.428a4cfb2f374f0acb60ffc5c57e0750.jpg,416,416,2
test,road701_png.rf.cdb390be5b29eb46e8125d30c802cde0.jpg,416,416,2
test,road708_png.rf.d9bf7da6e0e73af3295909a18a2cabee.jpg,416,416,2
test,road709_png.rf.4247ab0b03caf6c144ac9d5203850b81.jpg,416,416,2
test,road716_png.rf.b9085b6c292ddd763a6e1481465dd3cd.jpg,416,416,2
test,road720_png.rf.bdc71460f5121259128f84a720780e9e.jpg,416,416,1
test,road743_png.rf.09b77e4a47a21b7c3482c28b37c86ecb.jpg,416,416,2
test,road747_png.rf.66031af78137deac5c6878292d9ce7db.jpg,416,416,2
test,road760_png.rf.cb25cb1c5c71e6bbf07a9dc3b11915d2.jpg,416,416,1
test,road770_png.rf.192c2e4a2994c3c1bdfa14f69586392c.jpg,416,416,1
test,road773_png.rf.b467561d9bc1abfaa69c770187f44c38.jpg,416,416,1
test,road774_png.rf.01952886ddecdd8280c5df688e7f3f0e.jpg,416,416,1
test,road794_png.rf.3569e6160a38765029861dd0a34ebfdd.jpg,416,416,1
test,road803_png.rf.ec1de6db189d7a63e98b91529236a7d1.jpg,416,416,1
test,road804_png.rf.c07a9b7b679e771fad740f296ee3a8f7.jpg,416,416,1
test,road811_png.rf.e8ae9aefbf35658164ee88a52ed39bd8.jpg,416,416,1
test,road822_png.rf.b3ba7f5457042a083bad8aac3fe5f819.jpg,416,416,2
test,road836_png.rf.05522d5697471753f15583e9c74d9908.jpg,416,416,1
test,road841_png.rf.7ddce1ff42545b101a28f63e6a1e5af7.jpg,416,416,1
test,road842_png.rf.eaef28c5ea8a82fe3cfba78634bebf18.jpg,416,416,1
test,road84_png.rf.3c4a24183c70e3af08fc01ae65761c88.jpg,416,416,1
test,road850_png.rf.74fa86d3aaa9d85f0c87bf9bb5ce433e.jpg,416,416,1
test,road851_png.rf.30b2392d540fed2bdafd783c8defefb9.jpg,416,416,1
test,road856_png.rf.c56e130a9afef0aa81d3359ce467f4b1.jpg,416,416,1
test,road859_png.rf.f0e4bbd39d237c79817d4ade35676364.jpg,416,416,1
test,road85_png.rf.86fab2367257fba23a95cad102a7dd82.jpg,416,416,1
test,road865_png.rf.d20a4a3f4030905929c2739f03eba9b8.jpg,416,416,1
test,road86_png.rf.618acea5b57f584ad3cf0c2ddd8be8b3.jpg,416,416,1
test,road872_png.rf.d95002240567bc0114365d0ba181071f.jpg,416,416,1
test,road876_png.rf.723330bcac2a5e357c0a325590dbff3c.jpg,416,416,2
test,road94_png.rf.77920ec51ee4fe99a6fb6f8d99f67954.jpg,416,416,1
